individual_id,age,sex,dominant_genetic_ancestry,self_reported_ethnicity_1,self_reported_ethnicity_2,is_multiselect,self_report_concordant_with_genetics,true_ancestry_frac_African,true_ancestry_frac_European,true_ancestry_frac_East_Asian,true_ancestry_frac_South_Asian,true_ancestry_frac_American_Indigenous,phenotype
IND000001,41.1,M,South Asian,South Asian,,False,True,8.85446969510011e-07,0.06877052279919911,0.02250837156123666,0.9029874497379279,0.005732770454666558,1.7695843909043334
IND000002,82.8,M,East Asian,East Asian,European,True,True,0.06942886540792614,0.3133037683979854,0.6109089272807616,0.0028521365355787787,0.0035063023777481056,0.36231535483710214
IND000003,21.6,M,East Asian,East Asian,,False,True,0.08790147135206039,0.00023329166389130667,0.6847966635573167,0.13525405906295643,0.09181451436377507,-0.4765310112353831
IND000004,60.2,M,European,European,,False,True,0.2424607463611891,0.5820697327582429,0.07266386678704265,0.10280560920220745,4.489131786818048e-08,0.17203876469897877
IND000005,21.8,M,East Asian,East Asian,European,True,True,0.05037462272825475,0.36392480643526304,0.5510723111624227,0.002926587801361208,0.031701671872698116,-1.350834025015021
IND000006,38.3,M,South Asian,South Asian,,False,True,0.06290058701259986,0.2593214795843133,0.0003836948335671678,0.5651134970789081,0.11228074149061154,2.587026289180509
IND000007,48.4,F,South Asian,American/Indigenous,,False,False,0.2580925197327453,0.08576009684898052,0.019377737967985153,0.38476143394728424,0.25200821150300495,-0.04425623770054905
IND000008,81.1,M,East Asian,East Asian,,False,True,0.05807605945434566,0.1373803078860825,0.6829617722844411,0.11481387447202818,0.006767985903102639,-2.32485064791548
IND000009,42.4,M,East Asian,East Asian,,False,True,0.06635442948618031,0.006500304249516339,0.5657649240742406,0.0011969396194453405,0.36018340257061743,1.0133155666409444
IND000010,31.0,M,East Asian,South Asian,,False,False,0.008725616010649723,0.029767598538949686,0.5571482500356154,0.379406754294038,0.024951781120747203,0.3675234716466853
IND000011,37.7,M,South Asian,South Asian,,False,True,0.09395315097623716,0.13622687603755418,0.07677458123644842,0.6301963363300515,0.06284905541970887,1.071082879209459
IND000012,26.5,M,African,African,,False,True,0.9739104686991819,0.023241369171909526,0.00017922923884182654,8.355980746947893e-08,0.0026688493302592896,-0.8240335771106392
IND000013,22.6,F,East Asian,East Asian,South Asian,True,True,0.020341700378179523,4.8709033633537445e-06,0.5228108418371261,0.344225725754177,0.11261686112715417,-0.8127506316477551
IND000014,46.1,F,American/Indigenous,American/Indigenous,,False,True,0.15992993569398137,0.0020500326588482505,0.18297925496700002,0.0992222824530423,0.5558184942271283,1.3809558584996449
IND000015,67.4,M,African,African,,False,True,0.8633134476560033,0.011991299773937317,0.03394691794629539,0.006549022326210731,0.08419931229755326,-0.28006082661847226
IND000016,85.0,M,American/Indigenous,American/Indigenous,South Asian,True,True,0.0005326079037924918,0.052946910439481035,0.021371924755500187,0.32952946477222256,0.5956190921290038,0.5292484414076013
IND000017,64.3,F,African,American/Indigenous,,False,False,0.945940172913727,1.2617988133800466e-07,0.001510328278301296,0.0029648427670900704,0.049584529861000204,-0.4372653469541319
IND000018,73.1,F,African,African,,False,True,0.49347799356673877,0.2113666766691671,1.3072949603368708e-05,0.06660157654958739,0.22854068026490346,0.1541828930744746
IND000019,36.1,M,East Asian,East Asian,,False,True,0.15378359754495438,0.2109549014601419,0.2933573852531982,0.07498096898651511,0.26692314675519047,-2.1244146032851154
IND000020,63.3,F,American/Indigenous,American/Indigenous,,False,True,0.00303118573321928,0.0019913263822779995,0.10873953424242366,0.001020614735641123,0.8852173389064381,0.32632436157073147
IND000021,32.4,M,East Asian,East Asian,African,True,True,0.35657663734231965,0.03330970164517911,0.6063766423240426,0.001968805301221821,0.001768213387236755,-1.428379035805078
IND000022,20.7,F,European,European,East Asian,True,True,0.08699598330041959,0.5161810127870948,0.39676592806682703,8.363433270860175e-06,4.871241238762364e-05,-1.0077737429909563
IND000023,44.7,M,American/Indigenous,American/Indigenous,African,True,True,0.2745831423239364,0.2661544852271882,0.025609931439531507,0.11424552570880596,0.31940691530053783,-0.9796313923251756
IND000024,49.6,F,East Asian,East Asian,,False,True,0.09793026327906554,0.029361854323805482,0.845443737103938,0.0006163105192331965,0.02664783477395769,-0.8606793085484794
IND000025,48.3,M,African,African,,False,True,0.8064588383596248,0.1051646653996729,0.00548405015228801,0.043495429196007816,0.039397016892406315,-0.41157551935702397
IND000026,22.2,M,South Asian,South Asian,African,True,True,0.2826035969861612,0.06873087017023519,0.04503541802265987,0.5972968534376434,0.006333261383300378,-0.32453377279793993
IND000027,40.8,M,South Asian,South Asian,,False,True,6.448763124111665e-05,0.08033656476621945,0.0242647320591513,0.8950992767055732,0.00023493883781474945,0.16141455660813409
IND000028,42.8,F,African,African,American/Indigenous,True,True,0.5087431813019884,0.13113648371644204,0.005949861960179822,0.0337645860173976,0.320405887003992,-0.5641165023775536
IND000029,21.3,F,American/Indigenous,East Asian,,False,False,1.8994331538783255e-05,0.16309957854833393,0.4110842198041255,0.0029542443264717988,0.42284296298953006,-0.03714344690419019
IND000030,18.0,M,European,European,,False,True,0.23700187864591368,0.48601248414708353,0.16759034977934306,0.05784945876602634,0.0515458286616334,1.4623208161460317
IND000031,64.7,M,East Asian,American/Indigenous,,False,False,0.0036384356583380496,0.064044885593251,0.8932090724001811,0.00019138578440481188,0.03891622056382479,-1.3550177742268894
IND000032,66.8,M,African,South Asian,,False,False,0.5672519315735206,0.11945791052705233,0.01401867087297474,0.2970399979545453,0.0022314890719070026,1.0888017756258426
IND000033,77.1,M,South Asian,South Asian,African,True,True,0.48464384491312307,0.011225813114550592,0.002733881031865918,0.4870353630880355,0.014361097852424913,-0.6387268464799504
IND000034,65.0,M,African,Other/Unknown,,False,False,0.37332720338686765,0.32503261416446855,0.09028898309980365,0.20938495451483002,0.001966244834030082,-0.07449168564377734
IND000035,51.5,M,East Asian,East Asian,American/Indigenous,True,True,0.005840883342664375,0.02481922354954782,0.4485053574342586,0.14139374427092183,0.37944079140260734,1.5025207651776744
IND000036,43.8,M,South Asian,South Asian,,False,True,0.014227284743480327,0.008722096487251894,1.9824002096757295e-06,0.5133086349430027,0.4637400014260553,0.21454630585761975
IND000037,48.8,M,American/Indigenous,American/Indigenous,East Asian,True,True,0.10949927905177975,0.08622436057647787,0.30619608600064335,0.0015489427315013833,0.4965313316395977,0.24063118809476275
IND000038,29.3,F,American/Indigenous,South Asian,,False,False,0.03375110995618145,0.13785272323350084,0.0030275427419382953,0.19047199577834037,0.6348966282900391,2.2461844155312107
IND000039,38.8,M,European,European,South Asian,True,True,0.025454475061251848,0.3212657232667485,0.15882325648790666,0.3090194463959379,0.1854370987881551,0.12710404499522782
IND000040,33.2,F,South Asian,South Asian,,False,True,0.21455627806840447,0.00034801789808424407,0.0004326267696720978,0.669441933984038,0.11522114327980121,0.26224624473093516
IND000041,54.5,M,South Asian,South Asian,,False,True,0.018497494722577376,2.9331697808903823e-07,0.14417191738015636,0.837112419753302,0.00021787482698629147,1.4240570813232445
IND000042,18.0,M,European,European,African,True,True,0.29912075888591605,0.4538726696881325,0.007280699222557736,0.02653742315469255,0.21318844904870116,0.4186904971485646
IND000043,38.0,M,South Asian,South Asian,,False,True,0.0001315590950226186,0.0005366360136769539,0.05917149511870813,0.9197884948978676,0.02037181487472468,-1.15964414507434
IND000044,59.6,F,American/Indigenous,American/Indigenous,,False,True,0.031221075418752825,2.368024998036727e-05,4.198406257857748e-06,0.17699908045709517,0.7917519654679138,0.4052396173219548
IND000045,27.0,M,African,African,East Asian,True,True,0.4553119390548957,0.0843581224001056,0.2545015515252606,0.15074838456445408,0.05508000245528412,-1.2988555620115831
IND000046,67.6,F,East Asian,East Asian,South Asian,True,True,0.004476898879425745,0.0174287526827338,0.5478102584691265,0.4302776807292512,6.409239462803651e-06,-0.45175316829626644
IND000047,62.5,F,South Asian,South Asian,,False,True,0.02244368120862489,0.11668656468284486,0.0923599749330442,0.7617489932989593,0.006760785876526799,-2.1611032887935857
IND000048,64.4,F,East Asian,East Asian,,False,True,0.0009847399788312007,0.02140246468165039,0.758862232162983,0.03461018647707154,0.18414037669946384,-1.0561383104178785
IND000049,78.8,M,American/Indigenous,American/Indigenous,South Asian,True,True,0.1614900354240115,7.813822695279315e-05,0.13265526139503386,0.25701866102176657,0.4487579039322353,-0.36883271995084277
IND000050,76.1,F,American/Indigenous,American/Indigenous,,False,True,0.26496523366454366,0.08142481973158688,0.09008357675030965,0.002507016908298159,0.5610193529452616,-1.1794262149345844
IND000051,62.5,M,European,European,,False,True,0.002168953295106692,0.3934166035763176,0.39083351033708186,0.21340992391107133,0.00017100888042261857,0.37131923016557233
IND000052,32.8,F,South Asian,South Asian,,False,True,0.25107370725162875,0.09116467495005255,0.05048972849193501,0.5267420071043003,0.08052988220208335,-2.6676221776250397
IND000053,38.5,F,South Asian,South Asian,European,True,True,0.18933329674796054,0.2628901949082983,0.10221523728625678,0.440569711568868,0.0049915594886163015,0.2261600388477582
IND000054,41.8,F,East Asian,East Asian,,False,True,0.08262792691985024,0.04803842206497984,0.7145148751086813,0.1141929716266754,0.04062580427981313,-1.7282867120370697
IND000055,57.8,F,American/Indigenous,American/Indigenous,,False,True,0.00926675310705974,0.005694551646459059,0.006591297535865512,0.1846306786353747,0.793816719075241,1.9771057849625602
IND000056,72.6,F,African,African,,False,True,0.7623316084732591,0.0011064710299289078,0.19427310317793645,7.645444169043862e-05,0.04221236287718517,-0.41824273927455013
IND000057,75.9,M,European,European,South Asian,True,True,0.05595379339850535,0.648878694085294,0.01987076667798032,0.27354212204781786,0.0017546237904026555,0.6670614331207305
IND000058,26.8,M,American/Indigenous,Other/Unknown,,False,False,0.0733069736395342,0.011071337652405427,0.014244112622693792,0.31146378707850936,0.5899137890068573,-0.5066569001879386
IND000059,18.0,F,African,African,East Asian,True,True,0.6078067489875613,0.00013106538396705713,0.3309362673348822,0.007300074144825991,0.05382584414876361,-0.45486401999474646
IND000060,63.6,M,European,European,South Asian,True,True,0.00048407968708237857,0.630162045235404,0.0008363513970438421,0.31809579340270566,0.050421730277764115,-0.8799609602045576
IND000061,47.3,M,African,African,East Asian,True,True,0.4638805117763248,0.042237146815201375,0.3264649111069273,0.13460886750577633,0.03280856279577013,0.949795833373628
IND000062,76.2,F,American/Indigenous,American/Indigenous,East Asian,True,True,0.0002951309995950005,0.25020352696614007,0.36568404005844535,0.00025553589673075447,0.3835617660790889,0.08417366323336233
IND000063,45.1,F,African,African,East Asian,True,True,0.4321110997512402,0.12865397820122337,0.27386458495789895,0.12456076253176528,0.04080957455787235,-1.0003295314587952
IND000064,76.1,M,African,African,,False,True,0.8161987319733266,0.15245587528954332,8.346854971706827e-05,0.01321684320485457,0.01804508098255857,-0.7051264045659238
IND000065,48.4,F,European,European,,False,True,0.02402007946428946,0.6043424927652443,0.2090028228113829,0.1626142311799715,2.0373779111917617e-05,-0.7582297168482434
IND000066,75.0,M,South Asian,South Asian,European,True,True,0.007345510986427278,0.28830354483713133,0.03632426159124693,0.6118428106563331,0.056183871928861345,-0.6956436336571954
IND000067,26.5,F,African,African,American/Indigenous,True,True,0.35392668493061946,0.07553838558554786,0.22346640421837147,0.0781281055158013,0.26894041974966,-0.021330807052344136
IND000068,58.9,F,East Asian,East Asian,European,True,True,0.0082051779639984,0.36108717700052295,0.425676678671239,0.001175502867490221,0.20385546349674943,-0.8127584132571302
IND000069,52.0,F,American/Indigenous,South Asian,East Asian,True,False,0.13868626058173802,0.0015103500712276901,0.3789498600159235,0.0939297121058142,0.38692381722529645,0.36771216153801545
IND000070,85.0,M,South Asian,South Asian,,False,True,0.014462663089274644,0.10532030772512725,7.192207957567888e-05,0.8777467741488032,0.002398332957219147,1.219874583173214
IND000071,59.6,F,European,European,,False,True,0.00048047240972650746,0.6683721718583242,0.1693166227585593,0.15015146383916939,0.011679269134220635,0.6011605513011915
IND000072,65.2,M,South Asian,South Asian,European,True,True,0.08772137264095543,0.3197178967490562,0.2118361019294019,0.35498264058491663,0.025741988095669716,-0.1603570327364196
IND000073,73.9,F,South Asian,South Asian,,False,True,0.05563595187796243,0.014615852767342787,0.05440466533759412,0.8680178447698096,0.007325685247291106,0.0007868153918761389
IND000074,40.5,M,African,African,,False,True,0.714291048542445,0.17477847294105245,0.07840206357066544,0.013410042887849447,0.01911837205798752,-0.35490639123133405
IND000075,25.6,M,South Asian,South Asian,,False,True,4.5432258709069885e-06,0.1345373437168533,0.02858872527731229,0.5505526621344488,0.2863167256455146,0.5616399943033211
IND000076,51.7,F,European,European,American/Indigenous,True,True,0.022510446223587027,0.45371086226753726,0.12635099678152195,0.11575440546863974,0.28167328925871404,1.0261361483241016
IND000077,26.5,F,East Asian,East Asian,South Asian,True,True,0.00534886762432635,1.1893824211966028e-05,0.5404902513091472,0.4541343089314333,1.4678310881095788e-05,0.2181252220816294
IND000078,47.0,M,European,European,,False,True,0.019048870483499254,0.5086778090453494,0.021642693660144555,0.00019569472389308374,0.4504349320871135,-0.44022839173347394
IND000079,57.6,M,American/Indigenous,American/Indigenous,,False,True,0.005000644842842668,2.1955704996932376e-05,0.09751579103735405,0.091019629200976,0.8064419792138303,-0.4210243787373194
IND000080,75.7,M,European,European,East Asian,True,True,0.0014916573657386052,0.6414306600510481,0.27203552448522517,0.08438452661801508,0.0006576314799729279,-0.02163377075848716
IND000081,46.2,M,European,European,East Asian,True,True,0.0036789430422501505,0.5397075909235286,0.4375621555220326,0.01851574422077706,0.0005355662914115431,0.19159797624730646
IND000082,41.5,M,European,European,,False,True,0.0005222213531962328,0.7146505006917555,0.001970851460581861,0.19611735374406228,0.08673907275040411,0.4887861117075303
IND000083,67.4,M,South Asian,South Asian,East Asian,True,True,0.09458318164650363,3.925181697027267e-05,0.29335761290382656,0.6095867669733828,0.0024331866593167903,0.5349290576820234
IND000084,47.4,M,East Asian,East Asian,,False,True,0.20195496939144086,0.07722995188421665,0.48221101225193447,0.23859807636922492,5.990103183130612e-06,-0.006371685989271958
IND000085,21.2,F,American/Indigenous,American/Indigenous,,False,True,0.23963787785721044,0.01309572102890385,0.08098152126150428,7.068810295747981e-07,0.6662841729713519,-0.9078877759589972
IND000086,22.6,M,South Asian,South Asian,American/Indigenous,True,True,2.2005892021166588e-05,0.06642687028900109,0.06392854171598396,0.4584605058837263,0.41116207621926737,-1.3852097236913234
IND000087,56.3,M,East Asian,American/Indigenous,African,True,False,0.39742827493566435,0.0013820024839809853,0.4595417772384898,0.00027569243877128527,0.14137225290309346,-0.07167453509939159
IND000088,78.6,F,South Asian,South Asian,,False,True,0.4258779632812466,0.03299731286043386,0.021054212376112366,0.519130330451441,0.0009401810307660894,0.2975266606650304
IND000089,35.4,F,East Asian,African,,False,False,0.39848419065446644,0.03029037477362334,0.4997115728294844,0.004419843240148069,0.06709401850227767,0.415897376836564
IND000090,31.3,M,European,European,South Asian,True,True,0.0019971545466171406,0.6186840174621213,0.057880227491564254,0.2532413847011124,0.0681972157985848,-0.9804265129632674
IND000091,32.8,M,South Asian,South Asian,,False,True,0.007697999797034045,4.3456447627913355e-08,0.002942881348195101,0.8506235564420939,0.13873551895622951,-0.2696345888201739
IND000092,82.4,F,European,European,,False,True,0.037595878543841964,0.6554468701465113,0.1961689465328304,0.10660081103617823,0.004187493740638162,-0.7806189692712248
IND000093,67.6,M,European,European,,False,True,0.04562170252566211,0.5831544725278137,0.016691611518773727,0.0960785061634718,0.2584537072642787,-0.5316432914885025
IND000094,20.9,F,East Asian,East Asian,European,True,True,0.1442469792385735,0.2691417917381699,0.5614670904940742,0.01395535840028856,0.01118878012889378,0.7626183756935856
IND000095,58.8,F,East Asian,East Asian,,False,True,0.004813164574149393,0.002017484070044059,0.6262746715721886,0.13735069044181952,0.22954398934179832,-0.03716328966654514
IND000096,72.4,M,European,European,,False,True,0.1397241701783257,0.7536616259538959,0.00038311141334191305,0.0002494246651458351,0.10598166778929077,1.162288027995877
IND000097,64.7,F,European,European,American/Indigenous,True,True,0.19474700260422256,0.4716990879202725,0.043547080584487585,6.273668449782976e-06,0.2900005552225675,0.1363844457691757
IND000098,18.0,F,African,East Asian,,False,False,0.49029940036051173,0.0431570341694485,0.3000218827428055,0.010339566032383406,0.15618211669485083,0.8844621856214288
IND000099,64.6,F,American/Indigenous,American/Indigenous,,False,True,4.498068906161561e-05,0.24144263826934304,0.09931044593590599,0.00013195917336915043,0.6590699759323201,-0.7206046234263727
IND000100,23.0,M,African,African,East Asian,True,True,0.4355606360862554,0.0037589282439312007,0.3046638588793249,0.0010396635659947534,0.2549769132244939,0.03366102616162803
IND000101,76.9,F,South Asian,South Asian,African,True,True,0.28626489047014214,0.27405732562242235,0.0017540101484233078,0.4379145107900137,9.26296899839811e-06,-0.31333475445603354
IND000102,59.4,F,European,European,,False,True,0.0002293318996722651,0.6016614215867548,0.0019587687476590528,0.3709582986755681,0.02519217909034572,0.5001080507429392
IND000103,60.0,F,American/Indigenous,European,,False,False,0.08064062385199014,0.19883119951426545,0.0001158281622926118,0.0001296533353773066,0.7202826951360743,-0.17988174825409398
IND000104,71.2,F,South Asian,South Asian,,False,True,0.21681644308251347,0.12222356396490631,0.0002446182785614979,0.6045153466554436,0.05620002801857516,0.4530362823962689
IND000105,70.9,M,European,European,,False,True,0.0014491311996005065,0.928985601290336,0.06822152579037997,0.0009403537941841693,0.00040338792549925173,0.9446341304261665
IND000106,34.7,M,South Asian,South Asian,,False,True,0.07561114156957645,0.15608028251720873,0.0008576928633608783,0.7674259260107458,2.495703910809358e-05,-0.3435138529261409
IND000107,40.1,F,European,East Asian,,False,False,0.011673325991273317,0.4956246297633206,0.3638925220588503,0.10209097382210924,0.026718548364446645,1.8372829041877545
IND000108,61.9,M,South Asian,South Asian,European,True,True,0.002294677910047114,0.396308543031335,0.003259030763342165,0.4969484910555275,0.10118925723974813,-1.480077542439537
IND000109,85.0,F,American/Indigenous,American/Indigenous,,False,True,0.029355133196377788,0.0533201486371559,0.007671152865074521,0.32855477736240946,0.5810987879389823,0.10515276276599128
IND000110,41.5,F,European,European,,False,True,0.016624520292292316,0.7798243996589055,0.05573506409442347,0.01285743181772031,0.13495858413665843,0.6213872126847538
IND000111,61.0,M,South Asian,South Asian,European,True,True,0.16656094764461266,0.3046813907030031,9.945112577713826e-05,0.3527379632769971,0.17592024724961,1.567017233835164
IND000112,58.4,M,South Asian,South Asian,East Asian,True,True,0.07779188045336383,4.496373392553327e-07,0.28914046301021507,0.6257766532875226,0.007290553611559183,0.010548281610932957
IND000113,38.4,F,American/Indigenous,American/Indigenous,South Asian,True,True,0.0024524260996382735,0.036290372546759535,0.06101407484923464,0.2601077800825748,0.6401353464217927,-0.8671026642043966
IND000114,35.1,M,African,African,,False,True,0.9495089617767475,0.005542771886079981,0.03111931314596835,0.013822411624866115,6.541566338018965e-06,-1.0160480584957998
IND000115,26.7,M,American/Indigenous,American/Indigenous,East Asian,True,True,5.830771753392418e-06,0.030392096886685947,0.4697986147747277,0.026718077079216664,0.4730853804876163,-0.0027488458754290623
IND000116,65.7,M,American/Indigenous,American/Indigenous,African,True,True,0.25488849245440404,0.0029439073101958633,0.007178687535114428,0.23188951609528083,0.5030993966050049,0.458394689521112
IND000117,84.4,M,East Asian,East Asian,,False,True,0.12630819540233318,0.04404033557645867,0.6460290855606542,0.006160796270340465,0.17746158719021346,0.7516139976331699
IND000118,77.1,M,South Asian,South Asian,European,True,True,3.635181002699557e-05,0.29044624921676726,0.02238556732052721,0.594606983081935,0.09252484857074347,1.3661305501499066
IND000119,33.6,F,South Asian,South Asian,American/Indigenous,True,True,0.00047640454683402445,0.16940343512973416,4.619251392240563e-05,0.5536046875573981,0.27646928025211137,0.4115692899230951
IND000120,80.6,M,American/Indigenous,American/Indigenous,,False,True,0.12175673378312946,0.2449629739391324,0.00014231986104437834,0.013773754108228044,0.6193642183084658,2.9972621081823227
IND000121,44.2,M,African,European,,False,False,0.8223112597472801,0.12200476500095386,0.01928809871398065,0.036278817653741385,0.00011705888404388251,1.2201288514551314
IND000122,81.0,M,South Asian,South Asian,European,True,True,0.0010364419466785588,0.4594336482712598,0.0058612032225540435,0.5127476599835645,0.020921046575943042,-0.26579269461543914
IND000123,18.2,F,East Asian,East Asian,,False,True,0.15802239228742276,0.03019063571656809,0.7428799466976507,0.06760606267080625,0.0013009626275523427,0.13277905296530812
IND000124,42.1,F,South Asian,South Asian,East Asian,True,True,0.07429648176781528,0.1483553701487442,0.2503750509950536,0.520956704183522,0.0060163929048649084,-0.15982601679084152
IND000125,18.0,M,European,European,,False,True,0.10277727626970834,0.730008640927901,0.0034495701566099987,0.16298274093987325,0.0007817717059073927,0.41281442880992464
IND000126,23.5,F,American/Indigenous,American/Indigenous,East Asian,True,True,0.005273618139863748,0.11118629396066279,0.28901061786296917,0.27380118573794,0.3207282842985644,0.43858538484454224
IND000127,49.3,F,European,European,,False,True,8.101675099419394e-05,0.5243252052037978,5.4659668850333266e-05,0.4568728231458728,0.01866629523048491,0.10797237325053172
IND000128,60.9,M,South Asian,South Asian,,False,True,0.005675038648519008,0.19492909658977214,0.017125477150992476,0.7818708445082851,0.00039954310243121225,-0.6318756743907746
IND000129,55.2,M,American/Indigenous,American/Indigenous,,False,True,0.20000530531623784,0.02264776008919349,0.14584183545669507,0.025671156139462567,0.605833942998411,0.8483473929809351
IND000130,56.3,F,European,European,,False,True,0.021778995054176586,0.7467214638278459,0.2250292673971644,8.183502784340857e-05,0.00638843869296979,0.8117965683726409
IND000131,55.7,M,African,Other/Unknown,,False,False,0.6000693980770243,1.577226812155085e-05,0.033857757857804885,0.00013644878093014627,0.36592062301611916,0.7413836650182544
IND000132,46.6,F,African,African,,False,True,0.8171836358662138,0.07061806280777816,0.09520173994057987,0.00645475090236035,0.010541810483067956,-0.3672277433404206
IND000133,19.3,M,African,African,,False,True,0.7602391779993216,0.23566277550243742,0.0003219995912887162,0.0024729299371262638,0.001303116969825945,0.19950659843781848
IND000134,66.7,F,South Asian,South Asian,,False,True,0.010934282623925382,0.2747877899525857,0.02053995900765026,0.6694279198812416,0.02431004853459712,-0.6235178654728138
IND000135,45.7,F,East Asian,South Asian,,False,False,0.003889388961397929,0.01604132291171944,0.5368774308901283,0.44167490372929363,0.0015169535074607682,-0.8880613639586432
IND000136,73.2,F,East Asian,East Asian,,False,True,5.0628677466911614e-05,0.11427897467719546,0.832441921784938,0.034583550579643296,0.01864492428075648,-1.533265206394953
IND000137,49.4,F,East Asian,East Asian,African,True,True,0.38701257208836326,0.026548038395899625,0.46597842977951326,0.00039071826628898253,0.12007024146993475,-0.5241654710091229
IND000138,75.0,M,European,American/Indigenous,,False,False,0.1410418611707441,0.4352570688536302,0.03770479571296544,0.16995937714876955,0.21603689711389065,0.026404862472091284
IND000139,40.7,M,African,African,,False,True,0.7465699649282154,0.09125167366132222,0.11907987267121468,0.04305806521784008,4.0423521407550615e-05,-1.085244340003681
IND000140,73.3,M,South Asian,South Asian,,False,True,0.009356737255691286,2.724278097643482e-05,0.06684803615823487,0.9237101064338887,5.7877371208697924e-05,-0.39362552701221065
IND000141,81.0,M,European,American/Indigenous,African,True,False,0.25092345348395256,0.6169184779839897,6.530503459564511e-05,1.0926714141383314e-08,0.1320927525707477,2.6625290320324155
IND000142,23.1,F,East Asian,East Asian,,False,True,9.344562077781233e-07,0.00034723243942290686,0.996743942949037,0.0006251763072827397,0.0022827138480494835,0.2476711614127104
IND000143,58.0,F,American/Indigenous,African,,False,False,0.3454129488999018,0.18739381251929907,0.017065568120200582,0.01396616269675574,0.43616150776384266,-0.15743716882914705
IND000144,41.2,M,East Asian,East Asian,,False,True,0.22901209966210007,0.02218903290786444,0.40062019389278897,0.023099921309055926,0.3250787522281906,-0.3238643140472527
IND000145,41.5,M,East Asian,East Asian,,False,True,0.029912265823764456,0.06900299692241169,0.8088972563112757,0.02204883151228828,0.07013864943025976,-0.162101241761491
IND000146,55.9,M,European,European,,False,True,0.06313579792770993,0.9027923905580157,0.00019340228099437825,0.0336625519895937,0.00021585724368622047,0.07544005838798962
IND000147,64.7,F,European,East Asian,,False,False,0.013428290758801637,0.48936635420121016,0.40840098586943957,0.07060898720190074,0.018195381968647985,1.2015920613139728
IND000148,72.8,M,South Asian,South Asian,East Asian,True,True,0.004186633112598021,0.08739505282731223,0.2925954106701745,0.6158228446845826,5.870533262518722e-08,1.2346760007452007
IND000149,44.9,M,European,European,,False,True,0.012874963673751641,0.7847734150635519,0.1873181535114439,0.010843495278378967,0.00418997247287369,2.1146673004596597
IND000150,68.7,M,European,European,South Asian,True,True,0.2511201610349213,0.36069668817531425,0.11371730720491924,0.2744648447218143,9.988630309860027e-07,0.6935345917572027
IND000151,49.5,M,African,African,East Asian,True,True,0.6767609216557431,0.07116077003465432,0.2510260135981627,5.889918579833968e-05,0.0009933955256415839,-0.9411599988213577
IND000152,72.3,F,East Asian,East Asian,,False,True,0.16513538745407974,0.020034125148177043,0.8142181887545233,0.00036755314062428127,0.0002447455025956503,-0.3400962147526954
IND000153,24.5,F,African,African,European,True,True,0.37525039168647556,0.3157281445753475,0.25229827631762863,0.055350695208995875,0.0013724922115526826,0.13480616462411044
IND000154,60.8,M,East Asian,East Asian,,False,True,0.0630847187111284,0.11150753835150627,0.7306234172564826,0.01916146123460787,0.07562286444627495,-1.4607656072236352
IND000155,84.9,M,South Asian,South Asian,,False,True,0.39289924297636136,0.04387989342033819,0.009699665327404454,0.5449197676619492,0.008601430613946857,1.0853599899417148
IND000156,68.1,M,African,European,,False,False,0.7615414858455741,0.19580293657706524,0.01528226111504774,0.027179294267586807,0.00019402219472593608,0.3881105681639354
IND000157,58.2,M,East Asian,East Asian,,False,True,0.19394458824967423,6.971527640397732e-07,0.659913904497541,0.14054876146315778,0.005592048636862913,-0.8773815105378352
IND000158,73.3,M,South Asian,South Asian,American/Indigenous,True,True,0.18998781680629442,0.003784184573962728,0.0004895554863482187,0.46849478452600823,0.3372436586073864,-0.9543449606217165
IND000159,80.7,M,European,South Asian,,False,False,0.028647223953735413,0.8836869380276632,2.1252946787116646e-05,0.07149685925125251,0.01614772582056174,0.4636742795349834
IND000160,41.5,F,South Asian,African,,False,False,0.04950516703599329,0.0017070462515556778,0.028763487230560197,0.9041076145307625,0.015916684951128184,-0.3678280698622324
IND000161,55.9,M,East Asian,East Asian,American/Indigenous,True,True,0.04895076478039813,1.7577445114613896e-06,0.5685521405212907,0.006283186919128578,0.3762121500346711,-0.87088001974527
IND000162,28.4,F,East Asian,African,European,True,False,0.239460710928181,0.2807216638696376,0.4451432828477698,0.034658908691474165,1.5433662937461687e-05,-1.657408051406267
IND000163,72.0,M,East Asian,East Asian,European,True,True,0.001963990505498331,0.27167471674653326,0.3675660323135445,0.2112572344398875,0.14753802599453614,-1.89409206926265
IND000164,26.7,M,South Asian,South Asian,,False,True,0.0549326361448478,0.0008529975604866835,0.45435306967712913,0.48894472889443863,0.0009165677230977495,-1.0369609585438258
IND000165,63.1,M,European,European,East Asian,True,True,0.13623726018621718,0.5478452208361401,0.27142933909492417,0.04448465618960445,3.523693114165802e-06,0.35191341826808564
IND000166,81.0,F,European,European,South Asian,True,True,0.0028693811979959506,0.40743493651811763,0.19968211540120173,0.38997911913373834,3.444774894649507e-05,1.1481958725389716
IND000167,71.5,F,African,African,,False,True,0.7078945144018334,0.21353504695815184,0.054750340162421834,0.0006379873252842064,0.023182111152308626,-0.8149139373226544
IND000168,32.5,F,European,European,East Asian,True,True,0.06140622140486809,0.4575471544229959,0.36386322395570536,0.11603206918567481,0.001151331030755669,1.0208628850453307
IND000169,67.8,M,South Asian,South Asian,,False,True,0.00012750417639515452,0.22742920428074437,0.07921035147909494,0.6737253495527108,0.019507590511054742,1.0659048749890032
IND000170,49.5,F,South Asian,South Asian,,False,True,0.07214048281391126,0.0010031813832735294,0.00014778976200290875,0.7599311126091514,0.166777433431661,1.2020007045206398
IND000171,85.0,F,South Asian,South Asian,African,True,True,0.3135163380971083,0.02472097210405525,0.0059336431702247455,0.6504896000781605,0.005339446550451106,-0.480450443949224
IND000172,70.7,F,South Asian,South Asian,European,True,True,0.06838135291756248,0.28087212033711506,0.02478174130125829,0.49398965623934266,0.13197512920472157,-1.165562164428951
IND000173,53.6,M,European,European,,False,True,3.71442427700933e-06,0.9381386987333326,0.053191662204260866,3.258322217336144e-08,0.008665892054907403,0.5583218895056397
IND000174,62.9,F,American/Indigenous,American/Indigenous,,False,True,0.1069379386860493,0.13690940200689136,0.0009995816105123853,0.12029604038023003,0.634857037316317,0.7124733268945872
IND000175,62.6,F,African,African,South Asian,True,True,0.5049905473863037,0.004517219092024151,0.0011943165825800389,0.37935120652180265,0.10994671041728954,0.018023601219184032
IND000176,76.5,F,African,African,,False,True,0.8344428149327536,0.01586534207191694,0.0008204210394738994,0.029002112980495934,0.11986930897535934,-0.08560565931437497
IND000177,36.6,M,South Asian,Other/Unknown,,False,False,0.004632480056202145,0.026346009067509016,0.06735765664508504,0.4520588831262552,0.44960497110494874,0.14748472331843343
IND000178,64.7,F,European,European,African,True,True,0.3109106081049796,0.4545381407461586,0.02432217682518503,0.20616797092774264,0.004061103395934197,-0.5025467618133176
IND000179,36.8,M,East Asian,East Asian,,False,True,0.039202572419191103,0.007468535577236661,0.5687825920989383,0.016306289704775472,0.36824001019985825,-1.5373252020937525
IND000180,44.8,M,American/Indigenous,South Asian,,False,False,0.005811463444716065,0.0024543455943222647,0.15265378593241077,0.16356013112113088,0.6755202739074201,0.11106771468106874
IND000181,25.3,M,African,African,,False,True,0.4200234351047588,0.006603012170036928,0.3080242313355796,0.17813260247954077,0.08721671891008391,-0.21997115801206177
IND000182,83.0,M,East Asian,East Asian,South Asian,True,True,0.06738830106112857,0.02678045721527939,0.49696676328957345,0.40759368290879855,0.0012707955252199642,0.42503500556504403
IND000183,83.3,F,South Asian,South Asian,,False,True,0.0259784581635603,0.14081400253045973,0.008812470957392305,0.724436958011777,0.09995811033681072,0.011690003691390505
IND000184,71.3,F,European,European,,False,True,0.0018777155890451003,0.6136852703091821,0.36151944463340513,0.022279523141389288,0.0006380463269782908,0.26340060828277034
IND000185,52.3,F,East Asian,East Asian,,False,True,0.00727234359884776,1.584334942726652e-07,0.9867364116388011,6.052331687506313e-07,0.0059904810956880605,-2.6961000710192633
IND000186,25.4,F,East Asian,East Asian,,False,True,0.032222229675681474,0.010026895314956541,0.9488240865246467,0.005291429111753916,0.003635359372961524,-0.6396375983034387
IND000187,74.0,M,South Asian,South Asian,East Asian,True,True,0.016813074960150026,0.006009301449655528,0.2606180531533449,0.4579842560658464,0.258575314371003,0.7869852736926647
IND000188,51.4,F,East Asian,East Asian,,False,True,0.16936315155246562,0.1464773340704113,0.48708106797934864,0.15402556764295192,0.04305287875482265,-1.1774743674334331
IND000189,44.8,M,African,East Asian,,False,False,0.9781051208999301,0.0009578819069175681,0.0034285633224720286,0.017507686778857702,7.470918225634279e-07,-2.0923060014952752
IND000190,58.9,F,East Asian,East Asian,European,True,True,0.02506443975010447,0.4197366777055418,0.5062335206102122,0.010032728431532788,0.03893263350260888,-2.00052751491783
IND000191,22.1,M,American/Indigenous,American/Indigenous,East Asian,True,True,0.02346717204558514,0.00013051391086902643,0.31872242994735445,0.12450896585920701,0.5331709182369845,-0.2675196559632964
IND000192,61.0,M,American/Indigenous,East Asian,,False,False,7.844746909359193e-07,5.550477184595986e-06,0.10846840221400393,0.009921381200176207,0.8816038816339442,0.6887325931543072
IND000193,85.0,M,European,European,African,True,True,0.3448464007974051,0.3524116018304773,0.16872255233714217,0.0004596666680605409,0.1335597783669148,0.8604905241932699
IND000194,25.8,F,American/Indigenous,South Asian,,False,False,0.039754152473945294,0.19602973001095794,3.956378693083489e-06,0.2982547286724121,0.4659574324639916,1.1969631906416622
IND000195,71.8,M,African,African,European,True,True,0.5217048915127377,0.44331947674473826,0.019306668918738067,0.00012847038306579943,0.01554049244072006,-1.050683744752558
IND000196,21.8,F,African,African,,False,True,0.8624995487860476,0.020922796153826934,0.056391022222782895,0.05147629584700316,0.008710336990339572,0.06480526381183749
IND000197,20.0,F,African,African,European,True,True,0.7244374751172028,0.2645829893616381,0.010368165799304888,0.0002771956178349265,0.00033417410401912823,0.25624180672013647
IND000198,38.4,F,African,African,East Asian,True,True,0.4678918354634029,0.00016094355437945454,0.3621017435742387,0.16379938850426642,0.006046088903712551,-1.0613201928359932
IND000199,56.1,M,South Asian,South Asian,,False,True,0.09011917459099611,0.01573726741038478,0.0007607378849930074,0.8281192718522997,0.0652635482613263,0.53554972158366
IND000200,19.0,M,South Asian,South Asian,,False,True,6.1771865047468485e-06,0.0026116299000352085,0.202800047068234,0.7920776022276607,0.002504543617565336,-0.557293905252107
IND000201,21.1,F,South Asian,South Asian,African,True,True,0.25426456786761936,0.00044953822727583577,0.058149351233689084,0.46790750212391596,0.2192290405474997,-1.1113610487685641
IND000202,72.5,F,American/Indigenous,American/Indigenous,South Asian,True,True,0.08947125837027081,0.05759841373230972,0.0011421917961965675,0.3705955928452521,0.48119254325597083,1.1562060944546149
IND000203,28.9,M,East Asian,East Asian,American/Indigenous,True,True,0.023652637680436694,4.7994471476411435e-05,0.6018052351984586,0.06717973160256734,0.30731440104706087,0.18193441452321543
IND000204,85.0,M,East Asian,East Asian,,False,True,0.4005642470382873,0.15742878137454408,0.42458881620169464,5.8665009857949446e-05,0.017359490375616043,0.598165010390994
IND000205,38.7,M,American/Indigenous,American/Indigenous,,False,True,0.05230750495589829,0.0010041050505564593,0.01951923335762877,0.032352001456556964,0.8948171551793596,-0.1610704033485706
IND000206,49.7,F,East Asian,East Asian,,False,True,0.0058968064689953106,0.002236353033242811,0.9184291176867245,0.0013563850475223427,0.07208133776351494,-1.6916306421598473
IND000207,60.1,F,South Asian,South Asian,,False,True,0.00042453584570637936,0.06891733061843358,0.0002442896806553732,0.8622719951349578,0.06814184872024688,0.960707756046757
IND000208,39.0,M,African,American/Indigenous,,False,False,0.9034407972673013,0.011272555034571507,0.00022822055950287692,0.009570631395956614,0.0754877957426676,0.8530389279677686
IND000209,47.8,F,African,European,,False,False,0.756009833786047,0.0625766464359689,0.007056012652342026,0.1743113309270487,4.617619859345322e-05,0.9099517927859355
IND000210,41.7,M,European,European,,False,True,0.0018232696796706362,0.8568126575975651,0.01314238087717117,0.11109517794251095,0.017126513903082168,-0.87014575738235
IND000211,28.7,F,African,African,,False,True,0.7771913285963814,0.1142351804214562,0.019283624882714626,0.04487191714599023,0.04441794895345764,0.3959217011932479
IND000212,69.2,F,East Asian,East Asian,South Asian,True,True,0.007881606340244023,0.009487494869857487,0.6795625671525717,0.29792796335217936,0.0051403682851475134,0.9924224486762487
IND000213,29.8,M,European,European,,False,True,0.1032306580336655,0.5804839727198947,0.20254999968924628,0.0006386780894934604,0.11309669146769986,1.9897512305287315
IND000214,52.0,M,African,Other/Unknown,,False,False,0.6398897737696961,0.006276108033176298,0.3219921185642396,0.01870628534825405,0.013135714284633844,-1.1244738046436331
IND000215,57.1,M,European,European,East Asian,True,True,0.031175354813662907,0.3983979953032681,0.3599481257945807,0.008234559816478458,0.20224396427200997,-1.042661418189391
IND000216,34.7,F,European,European,,False,True,0.23628748919572806,0.6589838039106694,0.05043888111488055,0.022632664890982097,0.03165716088773991,-0.06305409204960849
IND000217,76.8,F,African,African,European,True,True,0.5193649760237281,0.36610729774222406,1.487748225349198e-05,0.0002637972438200884,0.11424905150797438,0.03729414666818226
IND000218,57.0,F,East Asian,East Asian,South Asian,True,True,0.03844406511716215,0.24070213776877844,0.39597972522045644,0.2656767202080669,0.05919735168553601,-0.7293095206528055
IND000219,50.9,M,African,African,,False,True,0.9993179781794007,0.0003819912223427167,0.00012456084465904286,0.00015856110123827063,1.6908652359258784e-05,-0.2361185104495518
IND000220,25.5,F,European,East Asian,,False,False,0.003321083117811869,0.8870095376967999,0.07772342071936468,0.0012508112301491063,0.030695147235874486,2.169650505096517
IND000221,25.4,F,South Asian,South Asian,,False,True,0.0007810538931902587,1.7733573728686583e-05,0.0006085662474598795,0.7828505506933452,0.2157420955922759,0.5275769731404253
IND000222,85.0,M,American/Indigenous,American/Indigenous,,False,True,0.05569245534965347,0.12951193335770853,0.0008831205876968979,0.005090402477434794,0.8088220882275065,-0.00033728790841969225
IND000223,58.7,M,American/Indigenous,American/Indigenous,European,True,True,0.030679379204701936,0.3042341154305702,2.9564902119571854e-05,0.013534099929912209,0.6515228405326962,1.9535331489692536
IND000224,78.2,F,East Asian,American/Indigenous,,False,False,0.05324037789854684,2.542211640538073e-07,0.7014887691397622,4.129994225658802e-06,0.2452664687463012,-0.21742396205445522
IND000225,37.0,M,European,European,,False,True,0.17447060238680376,0.7287902345451831,0.006269133299562828,0.09037630528448184,9.372448396846867e-05,1.3052083544585158
IND000226,70.4,F,South Asian,African,,False,False,0.20076471097331378,0.0014797149977602386,0.004004475741775509,0.7625842476087608,0.031166850678389764,1.7596485836396365
IND000227,51.5,M,African,African,,False,True,0.7058280661513652,1.0623626257495782e-05,0.2327550026159765,0.007048470120306916,0.054357837486094004,-2.370889321330354
IND000228,77.7,M,South Asian,South Asian,,False,True,0.3050616517481983,0.22288772184354852,0.0005665999829465686,0.41938744001685935,0.05209658640844726,-1.5654751984688473
IND000229,47.0,M,European,European,South Asian,True,True,0.09578545662169356,0.4418014965017554,0.00015259691974808354,0.4102686848947638,0.05199176506203913,0.26765270580105244
IND000230,29.4,F,African,African,,False,True,0.7346173150545883,0.169879255518204,0.07889745397998084,0.01211896533378524,0.004487010113441888,-0.22499913759808146
IND000231,53.8,F,American/Indigenous,East Asian,,False,False,0.06940135003012955,0.14221087026390175,0.08783754390698015,0.0005701173198310448,0.6999801184791576,-0.1576613527320846
IND000232,75.8,M,East Asian,European,,False,False,0.0005314305615754967,0.37052964795439014,0.4295516985940724,0.19920254283529143,0.00018468005467068915,2.0021689120787673
IND000233,22.5,F,European,European,,False,True,0.00014776384541596532,0.8132121086128777,0.008176175202863659,9.47214026065643e-06,0.178454480198582,1.9808013666563924
IND000234,24.3,M,American/Indigenous,American/Indigenous,,False,True,0.00047180149174843325,0.15323357998548218,0.01537188928510885,0.012977216631398333,0.8179455126062622,1.498100243576879
IND000235,68.1,M,African,African,East Asian,True,True,0.3561395429548141,0.14962674409799442,0.3155800272209505,0.15525351216903205,0.02340017355720873,-0.47288481465368515
IND000236,37.9,F,South Asian,African,,False,False,0.07868988081992719,0.008267718581639395,2.060396012516976e-06,0.9129985879530554,4.1752249365437834e-05,0.9835431454926812
IND000237,85.0,M,South Asian,South Asian,,False,True,0.0007112847430566344,0.16367431095672805,0.00560901978161728,0.7202727504318039,0.10973263408679426,0.8052987065291306
IND000238,66.0,F,European,European,American/Indigenous,True,True,0.2246700054923918,0.42181258584007175,0.003972436679942927,1.574534498282143e-05,0.34952922664261077,1.8204835545779308
IND000239,75.1,M,South Asian,South Asian,,False,True,0.13384985107201341,0.06059358426941854,0.00011917440668147285,0.805437048145953,3.4210593364150236e-07,1.0316516078897788
IND000240,81.1,F,American/Indigenous,American/Indigenous,South Asian,True,True,0.00736499088459404,0.006662546032219417,0.12374993538676081,0.4094634805466852,0.45275904714974063,1.229252721307946
IND000241,35.7,M,South Asian,South Asian,,False,True,0.23603593603865097,0.06610092620679424,0.0027167001088229128,0.6937005875147324,0.0014458501309995335,0.8777928929295408
IND000242,33.3,F,South Asian,American/Indigenous,,False,False,0.022566152127180727,0.005605747840180511,0.016982404949860218,0.8152838766353799,0.13956181844739873,-0.325740577859156
IND000243,51.0,M,South Asian,South Asian,,False,True,0.06511506833137291,0.00158096125831833,0.0558880873756355,0.8773384577173846,7.742531728877153e-05,-0.049904389524410786
IND000244,22.3,M,South Asian,South Asian,,False,True,0.010651538030671833,0.25339612972995196,0.010105891892532396,0.628030154789275,0.09781628555756877,-0.34128280424164803
IND000245,18.0,F,European,European,African,True,True,0.2563771367969936,0.5541672821040547,0.00031395415335661953,7.608999568802126e-05,0.189065536949907,-0.006630796087770646
IND000246,68.3,M,American/Indigenous,American/Indigenous,,False,True,0.011814890792447316,1.4862902401048784e-07,0.022432430453241572,0.11039015433730141,0.8553623757879856,1.5416936826791376
IND000247,18.0,F,South Asian,South Asian,African,True,True,0.33679850641995385,0.14904791484838006,0.0002460265016057921,0.5139069104357389,6.417943213377908e-07,0.2806289000862281
IND000248,41.2,F,African,African,European,True,True,0.6159026782275779,0.347484861213615,0.008148687466872421,0.008795704163949158,0.019668068927985456,0.4122704841751054
IND000249,76.5,M,East Asian,East Asian,,False,True,0.3802155965121984,0.006090434521954714,0.47262080116722754,0.1410509808018924,2.2186996726972365e-05,-0.46962228397513234
IND000250,29.1,F,African,African,,False,True,0.9647185105167609,0.0002218031050936033,2.4218070214084056e-05,0.002315645034273862,0.03271982327365753,0.5562233931856458
IND000251,18.0,F,African,African,East Asian,True,True,0.5753574315590243,0.023790522915766714,0.35570764369529656,0.00042159700133463006,0.044722804828577795,-0.9022941282419166
IND000252,66.0,M,East Asian,East Asian,,False,True,0.08541728391265542,0.02136901288435694,0.8207746633624022,0.020722078704621727,0.051716961135963656,-0.9841582604415031
IND000253,41.9,F,American/Indigenous,American/Indigenous,South Asian,True,True,0.11808178836973054,0.08144526264395466,0.07785606423193667,0.33424866087002864,0.3883682238843495,1.9258092061614813
IND000254,73.5,F,African,African,European,True,True,0.425279314865784,0.41678507624635885,0.1029578509553684,0.017763469651752278,0.0372142882807364,0.835989946988199
IND000255,35.9,M,South Asian,South Asian,,False,True,0.0004974025677598384,0.006052522478428751,0.00908868907319983,0.9769121581140234,0.007449227766588203,0.15401573386883216
IND000256,69.0,F,African,African,,False,True,0.9221789818673443,0.005734139761907956,0.005267644178458524,0.0653627468693512,0.0014564873229379485,-0.4844757836353116
IND000257,46.9,M,African,African,,False,True,0.600456797998607,0.3874701591271229,0.0031227590752419122,0.0007507943236310562,0.008199489475397316,1.814193298989008
IND000258,75.5,M,African,African,,False,True,0.6416825173493909,0.01468819045770303,0.06893482511100238,0.24772733359154175,0.026967133490362075,0.13891809134222588
IND000259,18.0,F,American/Indigenous,European,East Asian,True,False,0.21226122962412008,0.0939741241747672,0.3005233858881437,3.4710628854983476e-06,0.3932377892500834,0.776420630504071
IND000260,24.2,M,American/Indigenous,American/Indigenous,East Asian,True,True,5.9385709714254105e-06,0.038524371651662344,0.319418324080273,0.08037847935464436,0.5616728863424489,0.37601940934786643
IND000261,50.1,F,European,African,,False,False,0.1821518675755545,0.817589618439935,0.00022869869968590055,8.711732549635059e-06,2.1103552274934936e-05,-0.023557614940387994
IND000262,73.9,M,East Asian,East Asian,,False,True,0.021223152005325093,0.0018086562584061162,0.9412716282481098,0.004112777915531726,0.031583785572627365,-1.4591118876618605
IND000263,83.1,F,European,European,African,True,True,0.2543327440533816,0.5067706257903706,0.014283614157154043,0.01730267169253675,0.20731034430655715,-0.3321807317603985
IND000264,62.6,F,South Asian,South Asian,American/Indigenous,True,True,0.0006296551755575381,0.008165459566932282,0.2473113087494545,0.3831678487554647,0.360725727752591,0.25310986489408416
IND000265,36.5,M,American/Indigenous,American/Indigenous,,False,True,6.682246414260706e-05,5.7239884760175e-06,0.14558552621243442,0.1326578520952243,0.7216840752397227,1.19589784358857
IND000266,68.9,F,American/Indigenous,American/Indigenous,South Asian,True,True,0.07158422889747623,0.006447834465458998,0.013662353295296123,0.43007938199263857,0.4782262013491302,-0.6621318211733385
IND000267,61.1,M,South Asian,South Asian,,False,True,0.23932111725964778,0.04200575785904534,0.00010914157021766543,0.7034453097440134,0.01511867356707591,1.0637611281265715
IND000268,67.6,F,European,European,,False,True,0.03934424913134034,0.7722549312965008,0.14736417020617484,0.0046247161999382015,0.03641193316604578,0.47782760301710686
IND000269,59.1,F,African,American/Indigenous,European,True,False,0.5789171644510552,0.2822793565074545,0.0008802092822898206,0.033675157707731676,0.10424811205146872,0.5849605524467045
IND000270,60.3,M,African,African,American/Indigenous,True,True,0.6383950051851248,0.02009040782666943,0.046450546367953024,0.002338661893359648,0.29272537872689314,1.4703142255223947
IND000271,19.4,F,European,American/Indigenous,,False,False,0.009683524307956872,0.4047765740372521,0.17592320457941324,0.01655228932493412,0.3930644077504437,-0.6752651829733423
IND000272,66.4,F,African,African,South Asian,True,True,0.7004797804191428,4.5994114313879166e-06,0.0009158556806438476,0.298413006090702,0.00018675839807982806,0.6127242600905961
IND000273,85.0,F,South Asian,South Asian,American/Indigenous,True,True,0.059219614899417745,0.08913271083811655,0.025240376306346988,0.5635693748092191,0.2628379231468997,-0.5365369929351763
IND000274,75.6,M,South Asian,South Asian,,False,True,0.0048501198873998255,0.1126792629689501,0.018055840487278468,0.532331945596097,0.33208283106027453,0.20493841072942665
IND000275,79.4,F,South Asian,South Asian,,False,True,0.0007768263565292211,0.030992827895616363,0.0007721840452046133,0.9590693200168428,0.008388841685807075,-0.15946098601757236
IND000276,69.4,M,African,South Asian,,False,False,0.8587510408573544,0.00010890885336881076,0.0007838990774323196,0.1376037621679348,0.0027523890439097912,-2.393936494494614
IND000277,65.5,M,American/Indigenous,American/Indigenous,,False,True,0.1414908954716579,0.024160758902912444,0.050498203077657046,0.020545403618155617,0.763304738929617,-0.330301186708747
IND000278,59.6,M,American/Indigenous,American/Indigenous,South Asian,True,True,0.004648121165087781,0.007949085736731818,0.011129216756537443,0.3035605579195995,0.6727130184220435,-0.004857922489783673
IND000279,67.3,M,European,European,,False,True,0.11324246714576461,0.6872564911664005,0.18419848424961174,0.012371033349112428,0.00293152408911086,-0.8491493119748046
IND000280,80.8,M,East Asian,East Asian,American/Indigenous,True,True,0.05350683903552775,0.16588331280695182,0.41675550309160964,0.026695002984753864,0.3371593420811571,0.6842809733918906
IND000281,35.9,M,American/Indigenous,East Asian,,False,False,0.09366682878562191,0.004064288597885841,0.3779282392053169,0.0025938634947554008,0.52174677991642,0.051015494135898565
IND000282,49.7,F,South Asian,South Asian,,False,True,0.026273264525052832,0.12724645414803223,0.007875711229670948,0.624167068721993,0.2144375013752509,-0.4821904040421531
IND000283,60.3,M,South Asian,South Asian,,False,True,0.11437247760841417,1.6476950727737535e-08,0.18708709563407008,0.6884096633112172,0.010130746969347753,0.40902248777049127
IND000284,57.8,F,American/Indigenous,American/Indigenous,European,True,True,0.009280271292599387,0.4102238884279106,0.008666905680037824,0.018488862267755854,0.5533400723316964,-1.3801805032855783
IND000285,25.3,F,East Asian,East Asian,,False,True,0.22194742359663203,0.043051692608839995,0.5761746265428527,0.14703684155728416,0.011789415694391136,-0.636308140165061
IND000286,30.1,F,American/Indigenous,American/Indigenous,African,True,True,0.337504073683688,0.000701442955060029,0.15990127916646854,0.003556597000830402,0.49833660719395306,1.6105560705810515
IND000287,21.8,F,African,African,,False,True,0.5699061105903936,1.4398243108414555e-07,0.2481289302279982,0.1778071592920535,0.004157655907123554,-1.426310556348541
IND000288,77.9,F,European,European,,False,True,0.0009225162147747139,0.9076030812948289,0.00010812415958922824,0.0016223781056486399,0.08974390022515853,0.31044420186322386
IND000289,20.8,F,European,South Asian,East Asian,True,False,0.00032086760892870647,0.5280690026496347,0.387903993201415,0.05473212869371139,0.02897400784631011,0.2931877352728578
IND000290,64.2,F,African,African,,False,True,0.8227546608265003,0.04840934303188881,0.022749426481324476,0.07500568408887966,0.031080885571406845,-1.1594388313518031
IND000291,20.1,F,South Asian,South Asian,,False,True,6.554214994433899e-09,0.02694099102690535,0.0012157394512660887,0.9349722998566816,0.036870963110931985,-0.01885807916681681
IND000292,71.7,F,European,East Asian,American/Indigenous,True,False,0.13214087736437544,0.34860830174029545,0.11199838193644697,0.11354901608601527,0.2937034228728669,0.07682409736733803
IND000293,38.7,M,European,European,,False,True,0.15016605022831986,0.5306296743805855,0.09900043448146423,0.048779317740674594,0.17142452316895568,0.7184891164606065
IND000294,49.5,M,European,European,,False,True,0.0004408795201115843,0.7475576622272098,0.21278033275874675,0.03768761070422737,0.00153351478970444,0.38405503772373556
IND000295,30.9,M,South Asian,South Asian,East Asian,True,True,0.0002410928691538922,0.001705313446550382,0.3196350129490302,0.52749609788687,0.1509224828483954,-0.40930036339819126
IND000296,51.2,M,European,European,,False,True,0.08237609548927119,0.7521578806281194,0.1646167361226413,5.6162541861689305e-08,0.0008492315974263551,0.5613733257570723
IND000297,24.8,F,European,European,,False,True,0.3328573041336605,0.5934059520850244,0.0003820358605873417,0.07334320744727908,1.1500473448622233e-05,0.10828491396890666
IND000298,56.2,F,European,African,,False,False,0.06969817355860937,0.9002757632589244,0.0009223462679487385,0.02006273800401654,0.009040978910500829,-0.38882336053265365
IND000299,67.4,F,American/Indigenous,American/Indigenous,,False,True,0.05316455706894443,0.005489653349212378,0.06681695391046995,0.32532431093597003,0.5492045247354032,0.49876136946305405
IND000300,85.0,F,South Asian,South Asian,,False,True,0.005855177002780405,0.3790871188613214,0.18245852462134868,0.43257856743635226,2.061207819729723e-05,0.08874707000291485
IND000301,35.8,M,African,African,East Asian,True,True,0.5769899411412449,0.09378985634088714,0.31098753486551717,0.018225165684298397,7.501968052308936e-06,-0.12359797878918852
IND000302,42.1,F,American/Indigenous,American/Indigenous,,False,True,0.019678265587570312,0.11652845635705576,0.026330063317552544,0.02543311798649739,0.8120300967513239,0.5418042388517392
IND000303,18.0,M,African,African,,False,True,0.6212320281656992,0.04843795991886139,0.23381017225660647,0.09318158664602842,0.0033382530128045623,-1.1911352083740279
IND000304,28.7,F,South Asian,South Asian,,False,True,0.0013072336064137253,0.0005858917797788569,3.318701716610324e-05,0.9976749174051419,0.0003987701914995398,0.4128416790639783
IND000305,42.5,M,American/Indigenous,American/Indigenous,East Asian,True,True,0.07872217405734452,0.1835900741908354,0.3000929204474404,0.014645699697807903,0.42294913160657155,0.044589596901803974
IND000306,76.4,F,European,European,,False,True,0.15379653710914135,0.8370172421887102,0.00043870824585962633,2.196881864354851e-05,0.008725543637645149,0.4494505618552117
IND000307,18.0,M,European,European,,False,True,0.04914722668270316,0.9480539536767044,0.002798103996700726,3.568256764067815e-07,3.5881821518037187e-07,1.03296047372177
IND000308,36.3,M,East Asian,East Asian,,False,True,0.1617055989208427,1.3100130705561349e-05,0.7853297167914717,9.902096377479547e-09,0.05295157425488368,-1.6190042743477433
IND000309,78.6,M,South Asian,South Asian,European,True,True,0.14588805983878966,0.2964717867442764,0.023237931122512778,0.523692997243642,0.010709225050779066,-0.24556408280712838
IND000310,18.0,M,African,African,,False,True,0.8058990677119715,0.016786845976169806,0.16755429415601772,0.006939180651015632,0.0028206115048254,-1.6874536489254837
IND000311,50.1,F,European,European,African,True,True,0.4149061937075511,0.5712322265270842,4.078533026867844e-06,0.012494745671643165,0.0013627555606946936,0.2155296392277094
IND000312,28.8,M,American/Indigenous,East Asian,,False,False,4.1559367621490574e-05,0.1393107971206304,0.26465904218973996,0.009404979718376262,0.5865836216036318,0.4113821560177938
IND000313,62.4,M,American/Indigenous,American/Indigenous,,False,True,2.8642600983810934e-06,0.13735498422038064,0.22223319110968662,0.014301825311961737,0.6261071350978727,1.6901448539733992
IND000314,77.5,F,American/Indigenous,American/Indigenous,South Asian,True,True,0.0037600908780354163,7.896999942724183e-08,0.18800438759375498,0.3343236048350889,0.47391183772312123,1.0318511580609049
IND000315,53.3,M,African,South Asian,,False,False,0.8472973139064359,0.008321944307367211,0.010931636591837357,0.13344817656712157,9.286272380538884e-07,-1.6973621329313688
IND000316,50.4,F,American/Indigenous,American/Indigenous,South Asian,True,True,0.010063587048698239,0.06453358930087087,0.06965048927516561,0.2737862967390901,0.5819660376361753,0.7955844488628772
IND000317,62.2,M,American/Indigenous,East Asian,,False,False,3.989727911981879e-06,0.05059637274320254,0.17623826821171729,0.07759838714152079,0.6955629821756474,-0.9481348748602071
IND000318,78.8,M,African,South Asian,,False,False,0.660143351427818,0.000351302630337872,0.006348745453520274,0.08016857454641345,0.25298802594191055,-1.8090692505805357
IND000319,77.0,F,American/Indigenous,American/Indigenous,,False,True,0.0010648287890203784,0.08317585081024235,0.011917170883276809,1.127802528848588e-07,0.9038420367372078,-0.5033143329504721
IND000320,39.0,F,American/Indigenous,American/Indigenous,East Asian,True,True,0.0679808941368403,5.6609342335856805e-05,0.3974063937013668,0.013870831431189865,0.520685271388267,0.2533038872536888
IND000321,72.2,M,East Asian,East Asian,,False,True,0.08508116447373223,0.0010091351240194243,0.8958916227871869,0.017346745250940383,0.0006713323641209013,-0.2848775281716639
IND000322,40.9,F,South Asian,South Asian,,False,True,0.27937832170071014,0.24202047914246777,0.007918609143027625,0.46889465677913766,0.0017879332346566552,1.01592050584165
IND000323,58.9,F,East Asian,East Asian,,False,True,0.012065992313999652,0.00015030775670640695,0.8096868597300354,0.14062326988986792,0.0374735703093906,-0.16436976176149787
IND000324,43.1,M,American/Indigenous,American/Indigenous,,False,True,0.2110850953208155,0.12700319357386652,0.09687780754941754,0.1406895184044181,0.4243443851514823,1.1258678268737792
IND000325,57.6,F,East Asian,American/Indigenous,,False,False,0.010096834243327964,0.002480141855471097,0.5026710786428648,0.18921838103334435,0.2955335642249919,-0.10259545579493559
IND000326,44.9,M,African,African,,False,True,0.4960584193015668,0.2534287910248032,0.054729719795381764,0.16503823398212514,0.030744835896123136,0.07490857037173679
IND000327,26.5,F,East Asian,East Asian,,False,True,0.004297999956171563,0.0011694305946111571,0.8156864115655466,0.001262983528518608,0.17758317435515208,-0.3390644194398376
IND000328,18.0,F,European,European,,False,True,0.04247391156153064,0.5825202859606656,0.11472061844346894,0.006614386570818892,0.2536707974635159,0.24206994103689344
IND000329,61.6,M,European,European,,False,True,2.7287680324810096e-08,0.8417421506425,0.0068327166820433835,0.12390371027708152,0.02752139511069467,0.2012749247521144
IND000330,31.4,F,American/Indigenous,American/Indigenous,,False,True,0.0019251129242140628,0.0077964375753388085,0.004294982225376993,0.00017117028884241697,0.9858122969862276,-1.3830509706208112
IND000331,29.2,M,European,European,,False,True,0.1757841702483184,0.6488718946436393,0.00207968445772178,0.00048807555877930113,0.17277617509154133,0.7786345268864341
IND000332,38.5,M,African,African,,False,True,0.6606166589207983,0.013668794872281086,0.12479156981687901,0.19148392442702133,0.009439051963020298,0.022778452669417693
IND000333,19.0,M,African,African,,False,True,0.689210128451678,0.12227554731333035,0.09112709402986319,0.048197575194555725,0.04918965501057282,0.19024131331243266
IND000334,43.0,M,American/Indigenous,American/Indigenous,,False,True,0.001620379758172863,0.04357143802165434,0.1137970104677035,0.3225367209261031,0.5184744508263662,-0.4540993422359565
IND000335,37.4,M,South Asian,South Asian,,False,True,0.017312843039552266,0.126631306414154,0.0038758704497553,0.8520803333986682,9.964669787027424e-05,-0.2532073261457197
IND000336,62.5,F,African,African,,False,True,0.43926588665784655,0.1775220566781738,0.006771665149787569,0.33700919529682577,0.039431196217366314,1.355509186129545
IND000337,83.0,M,South Asian,South Asian,,False,True,0.007221262671521126,0.25856312011725613,0.029671885417169613,0.37431607085640034,0.3302276609376528,2.2720231660042423
IND000338,60.0,F,East Asian,European,,False,False,0.003958686340809062,0.1905012073681376,0.6460525688337974,0.0917603965110558,0.06772714094620017,-2.106783064736698
IND000339,77.7,M,American/Indigenous,American/Indigenous,,False,True,0.013833142480406962,0.021735838854690194,0.024837195446723533,0.0038348920310773485,0.9357589311871021,0.8558461709538274
IND000340,34.9,F,African,East Asian,,False,False,0.3893793829388523,0.34851218517264526,0.2528453610778626,0.00033984558507549014,0.008923225225564359,-1.0480508516413236
IND000341,37.9,F,East Asian,East Asian,,False,True,0.04830372068213569,0.21191261873337436,0.5617532736205628,0.06431500112503735,0.1137153858388897,0.07340826386589527
IND000342,45.6,M,African,East Asian,,False,False,0.5855246527534503,0.004458967265166994,0.37150380255328036,0.029392364719802166,0.009120212708299892,-0.2656091548771537
IND000343,67.2,F,South Asian,South Asian,,False,True,0.026742036957127024,0.3532672243919347,0.00019852959379083925,0.45362337395193203,0.16616883510521535,1.0306086767516072
IND000344,73.1,M,South Asian,South Asian,European,True,True,0.0027834037490890202,0.4569831714153931,0.0017428801042117317,0.5382936545925139,0.00019689013879229205,0.8655077810000263
IND000345,40.2,M,African,African,East Asian,True,True,0.2962765055708109,0.13332629687659206,0.2808327328802026,0.2225694006226244,0.06699506404977008,0.419357840081911
IND000346,40.4,M,East Asian,East Asian,,False,True,0.04012306687864493,0.16490246830615532,0.7895552061597784,0.000256068795551455,0.005163189859869902,-1.724097679453593
IND000347,23.5,M,African,African,,False,True,0.7521689547134937,0.13122954386169128,0.0032093790426812917,3.107682221169879e-05,0.11336104555992205,-0.30201132900466215
IND000348,50.2,F,European,European,,False,True,0.0002944015342646736,0.8578131234469588,0.031008922347877492,0.10073564131152836,0.010147911359370524,1.2871236750821358
IND000349,63.7,F,African,African,,False,True,0.5198309999916705,0.08591745269252679,6.004926806935468e-05,0.39351297791677015,0.0006785201309633837,0.5066015381985204
IND000350,49.9,M,South Asian,South Asian,African,True,True,0.33240759199298464,0.0037721178505227856,0.0067066053442354865,0.6392796164833785,0.017834068328878395,1.080887067289507
IND000351,25.6,M,East Asian,East Asian,,False,True,0.001893457349307118,0.027595789403065882,0.9512582925516961,1.726642588943791e-05,0.01923519427004157,-1.6911819637203416
IND000352,18.0,F,African,African,,False,True,0.7506455388667208,0.18531577592630355,0.009203626987682872,3.898799944961335e-05,0.054796070219843215,-0.7037734978449389
IND000353,77.2,M,East Asian,East Asian,,False,True,0.16741892401548522,7.01876736039133e-05,0.7248239803304909,0.01115515925961449,0.09653174872080554,-1.1797678923650627
IND000354,69.2,M,European,European,,False,True,0.11698723874809028,0.7763730414136775,1.0595717259162154e-05,0.10603897717979158,0.0005901469411814525,1.75629505788527
IND000355,81.3,F,South Asian,South Asian,,False,True,0.10945703253576285,0.2137715083984664,0.24001221878757864,0.4146344489291026,0.022124791349089415,0.22006975813059712
IND000356,28.8,F,American/Indigenous,American/Indigenous,,False,True,0.005499636184126711,0.0017687843494687682,0.06396188058473161,0.12929498615556684,0.799474712726106,1.101230274743339
IND000357,61.7,M,South Asian,South Asian,,False,True,0.031575229392843185,5.598618137359353e-05,0.002378744305153329,0.8658448943302638,0.10014514579036608,0.4094450745362259
IND000358,59.2,F,American/Indigenous,American/Indigenous,,False,True,0.0002783691120657439,0.31045892650657214,0.03208003807910325,0.14799604853542786,0.509186617766831,-0.5049141871197581
IND000359,61.2,F,European,East Asian,,False,False,0.06305081707859905,0.5052305291676762,0.3933754362841758,1.07807634666741e-05,0.038332436706082336,0.9254309931245397
IND000360,20.1,M,African,African,,False,True,0.9369201850533347,0.009032406952264661,0.0014875635868807466,0.002715452007454595,0.04984439240006506,-0.5110642021189294
IND000361,43.2,F,European,European,,False,True,0.009644618628805966,0.7149488338952149,0.11086831140689997,0.1339433218851827,0.03059491418389666,-0.2629300627623451
IND000362,30.1,F,European,European,American/Indigenous,True,True,0.0024829265106458987,0.6815734831010025,0.005625534742003362,0.019110334624444576,0.2912077210219037,-0.6585786975018619
IND000363,58.5,M,African,African,,False,True,0.8327144344731559,0.10870518771685041,0.04065042299646993,0.017176906707842457,0.0007530481056815943,-0.48746175431694566
IND000364,18.9,M,African,African,,False,True,0.7180285765666647,4.254204890919677e-05,0.28158402558761136,0.00033989829504195207,4.957501772879416e-06,-0.45659547784283405
IND000365,41.1,F,European,European,East Asian,True,True,0.000895644674734324,0.5009456299972249,0.33019020054493864,0.16796132221114668,7.202571955369051e-06,-0.9544855038072027
IND000366,27.8,M,African,African,,False,True,0.9858941664068921,0.007222375146502521,0.00688001516723449,3.443269858979688e-06,9.511968417924878e-12,-2.6084335006768824
IND000367,34.4,M,South Asian,South Asian,American/Indigenous,True,True,0.04057559531295961,0.004659421870679284,0.08382380977397794,0.5445719409606514,0.32636923208173185,1.8614235456806043
IND000368,74.4,F,African,African,,False,True,0.743737310435109,0.0005012855508055847,0.009540269856801493,0.040271072755231674,0.20595006140205213,0.4517610025939357
IND000369,43.0,F,African,African,South Asian,True,True,0.5504543391559169,0.0007161453713706398,0.010262059106589502,0.420357022267194,0.01821043409892899,0.19002528995317877
IND000370,39.8,F,American/Indigenous,American/Indigenous,,False,True,0.04471284891838137,0.017467732521974862,5.519110569178398e-06,0.06336742441741992,0.8744464750316547,0.3709022023076179
IND000371,39.0,F,East Asian,East Asian,African,True,True,0.293301306228139,0.004916425116172924,0.39872605265035493,0.22303743634646056,0.08001877965887255,-1.2290884457065063
IND000372,61.7,F,African,African,,False,True,0.4215912106221722,0.06920421203172547,0.14124124437380825,0.19229753472277653,0.1756657982495175,-1.6853802524614243
IND000373,19.9,M,East Asian,East Asian,,False,True,0.058648146152722284,0.07998994785251949,0.8510384278749223,1.4822446526307155e-05,0.010308655673309538,0.5512696997454317
IND000374,39.2,F,European,European,South Asian,True,True,0.0026990734104203945,0.6236735630231719,0.00967889994357904,0.3279808274815793,0.03596763614124942,0.7511406336151187
IND000375,58.5,F,European,European,,False,True,0.0003352576191285667,0.667609898223108,0.16889527877189475,0.07247608273849415,0.09068348264737464,-0.19827176679939731
IND000376,83.2,M,American/Indigenous,American/Indigenous,European,True,True,0.0016074747906687698,0.4196548575584425,3.166388545254434e-05,0.05523090000974531,0.5234751037556908,0.6974621965442052
IND000377,84.6,M,South Asian,East Asian,,False,False,0.0030460679031753535,5.131123640850992e-06,0.17351258101301725,0.7386622059072736,0.08477401405289291,-0.4465013699313038
IND000378,31.2,M,American/Indigenous,American/Indigenous,,False,True,0.012200281668919212,0.02296758393869003,0.15257109549176529,0.35343108159480174,0.45882995730582377,0.2846316294378919
IND000379,73.9,F,South Asian,European,American/Indigenous,True,False,0.09758658997523062,0.2054980672061837,0.002574380002306345,0.36442076931153644,0.3299201935047428,2.365059178082192
IND000380,36.4,M,European,European,South Asian,True,True,0.060233466136941013,0.5480788712067728,1.1090447835643234e-05,0.386550855388106,0.005125716820344473,-0.5033040435051129
IND000381,18.0,F,African,African,,False,True,0.7664503005320746,0.04718725656301989,0.005972129526575137,0.03833636677807971,0.14205394660025045,0.19275889207313607
IND000382,60.6,F,African,African,,False,True,0.8205252451661166,2.2694781055768757e-05,0.04387599749175145,0.10788462791962108,0.027691434641455168,0.01885839904094852
IND000383,28.5,F,South Asian,South Asian,,False,True,0.04019805185632119,0.003070688753046441,0.05269234035154478,0.9040068921635477,3.202687554005365e-05,0.34377282175488433
IND000384,58.3,M,American/Indigenous,South Asian,European,True,False,0.01212779427542662,0.4371346290105994,0.023861634304454996,0.020044475964851354,0.5068314664446676,1.072991191270835
IND000385,81.1,F,East Asian,East Asian,European,True,True,0.003543074574327065,0.315417229852848,0.45041715833457374,0.23029192991173328,0.00033060732651797603,0.3280025705140751
IND000386,39.9,M,European,European,,False,True,0.022121085385110525,0.7884527348622274,0.012304493973762117,0.024697287246121205,0.1524243985327787,0.2646780222196157
IND000387,38.3,M,African,African,,False,True,0.6746605663350655,1.7186072633104383e-05,0.23323747693581548,0.08481840930763605,0.0072663613488499045,-0.9522700831099589
IND000388,46.7,F,European,European,,False,True,0.041012168102023835,0.47828878903985234,0.18911156406896187,0.21333539576156638,0.07825208302759565,-0.26635090074461554
IND000389,36.2,F,East Asian,European,,False,False,0.045935872072717765,0.26751236584972915,0.6818129155895151,0.004728556372827564,1.0290115210352409e-05,-1.1689341817947452
IND000390,31.7,M,European,European,,False,True,0.10249376063730543,0.6886860119200902,0.10509726213471476,0.001623128137603709,0.10209983717028583,1.1688359878747472
IND000391,31.7,M,African,African,,False,True,0.9142986502350395,0.010512474425090436,0.05589482807489217,0.01929388552997813,1.6173499965160353e-07,0.003689331166827625
IND000392,68.3,M,South Asian,South Asian,,False,True,0.005925885853252084,0.13415276602667534,0.0013136802562495995,0.7939966987276301,0.0646109691361928,-1.1889034559887741
IND000393,19.4,F,East Asian,East Asian,European,True,True,0.22509152211553188,0.3352972815243981,0.3812395651942285,0.05598349958282395,0.0023881315830173834,0.2597721999284055
IND000394,75.5,F,South Asian,European,,False,False,0.22646484145106605,0.25232896567444735,0.10471102189303458,0.4163941126526943,0.00010105832875776817,-0.06773526462019586
IND000395,46.7,F,African,African,,False,True,0.708774953891819,9.982236080990481e-07,0.18142696879042908,0.034601360282374136,0.07519571881176973,0.2910926414178999
IND000396,34.0,F,African,African,,False,True,0.7355360002570785,0.000993543231241412,0.21581304930830456,0.0057495104732799285,0.04190789673009546,1.356140893043705
IND000397,38.0,F,American/Indigenous,American/Indigenous,European,True,True,0.004740333432031526,0.41247282170146443,0.0032776746024654464,0.07291360611151987,0.5065955641525188,0.8442964997763851
IND000398,45.8,M,South Asian,South Asian,,False,True,0.1147769776640089,0.013110351726341741,0.03466662146047907,0.7009173475170026,0.13652870163216754,0.6132314525173402
IND000399,50.9,M,East Asian,African,,False,False,0.34773718369875817,0.05982843756218512,0.5924329958132889,1.3770414999502636e-06,5.884268009033481e-09,0.6290152659255958
IND000400,76.7,F,European,European,,False,True,0.07482879857562566,0.4897846980556265,0.06219791631511008,0.27748131652160324,0.09570727053203466,0.5106173664217215
IND000401,79.0,M,African,African,,False,True,0.7641297477250156,6.0606664813206116e-05,0.005623718271313102,0.22662977333170484,0.0035561540071532673,-1.4367466319046467
IND000402,75.0,F,East Asian,East Asian,,False,True,0.25040470667824244,0.2866954027949412,0.4152096887516978,0.018879942950578245,0.028810258824540504,-0.18852766412348237
IND000403,73.6,M,East Asian,East Asian,,False,True,0.11407845821133197,0.11657821345144774,0.6411485157949012,0.08817268874835717,0.040022123793962035,-0.0017546881622916843
IND000404,18.0,F,African,African,,False,True,0.9742513752331804,0.01004759776809118,0.015335511565087967,0.00014956417992340976,0.00021595125371692614,-0.0541869029963119
IND000405,19.3,M,European,European,East Asian,True,True,0.14296561952510398,0.2739785665338526,0.25264628679062445,0.14268156615819805,0.18772796099222086,2.11241009686558
IND000406,65.5,M,African,American/Indigenous,,False,False,0.8981918868887914,2.878458604193372e-09,0.00010251556295809871,0.010586395483309398,0.09111919918648265,0.49262347557032465
IND000407,18.2,F,European,East Asian,,False,False,0.010396887696622987,0.600792147690883,0.3792042692711112,0.0047043051562261524,0.004902390185156425,-0.1507546087352638
IND000408,83.4,M,South Asian,South Asian,East Asian,True,True,0.18397627401532635,0.1596062062670877,0.2701087155659038,0.3618566240974197,0.024452180054262484,-0.7832515448463434
IND000409,83.9,M,South Asian,East Asian,,False,False,0.07378764298480171,0.03624239765123011,0.2307205301379629,0.5785743915830034,0.08067503764300192,0.352250051090497
IND000410,25.6,F,American/Indigenous,American/Indigenous,East Asian,True,True,0.008467670079932196,0.006596359369671655,0.4054959609177091,0.007324587563817194,0.5721154220688697,-0.43481113742658617
IND000411,61.2,F,European,American/Indigenous,,False,False,0.00536608399677154,0.8191338625968112,0.03814044289879665,0.0013273247730655564,0.136032285734555,0.6017788852113767
IND000412,45.4,M,African,Other/Unknown,,False,False,0.4376940848168433,0.04703189767548134,0.016457117443457805,0.4073091929575173,0.09150770710670025,-0.6899238350948416
IND000413,31.9,M,American/Indigenous,American/Indigenous,,False,True,0.14688495829982143,4.030083212031043e-05,0.04746634426656217,1.6126515109497807e-07,0.8056082353363448,-0.7605605579398053
IND000414,46.6,M,European,European,,False,True,0.031063112959593554,0.6000335790692847,0.004404892117930105,0.1424755615189955,0.2220228543341962,1.585202800346082
IND000415,20.6,M,European,East Asian,South Asian,True,False,0.0024939108706829517,0.5377657148134054,0.16854753185149388,0.2911882802806633,4.562183754466974e-06,0.9852324444342093
IND000416,25.4,M,South Asian,South Asian,,False,True,0.07715281712984072,0.004361430710713398,0.15050845105698318,0.7679766349088801,6.661935826137387e-07,-0.7544049449634151
IND000417,24.6,F,East Asian,East Asian,,False,True,0.0008682375687248699,0.04100312421048811,0.6253004065208234,0.17379782777948363,0.15903040392047982,-0.5852456983433353
IND000418,84.1,F,East Asian,East Asian,European,True,True,0.2784982783191861,0.2862246461184783,0.4226005099449436,0.011969372475374019,0.0007071931420179155,-0.2550751780344687
IND000419,31.9,M,South Asian,South Asian,American/Indigenous,True,True,0.00048685969894337076,0.11227358461480792,0.03252685910744147,0.5858658565660293,0.268846840012778,2.0928174510871083
IND000420,21.7,M,African,European,,False,False,0.45879221215913374,0.32147986398736034,0.006217264517182243,0.2043589282393275,0.009151731096996258,-0.45817933449560533
IND000421,64.4,F,African,African,,False,True,0.5703799565174419,0.0030892596287005773,0.001793593197182306,0.41434855315636526,0.010388637500309968,-0.25868128459354
IND000422,28.1,F,East Asian,East Asian,,False,True,0.0009014325039073495,0.05111400283625399,0.5717485003064174,0.22502583185372904,0.1512102324996923,-0.04139593376942485
IND000423,64.8,F,South Asian,South Asian,African,True,True,0.3052260607891437,5.701826552827681e-05,0.12071824862774812,0.5739511449891571,4.752732842253917e-05,0.0733966045078408
IND000424,64.1,M,European,American/Indigenous,,False,False,0.06264961121195653,0.4807602959206761,0.002047622796386001,0.16586695468826307,0.28867551538271824,0.08599453638598054
IND000425,73.3,M,European,European,,False,True,0.000954331424418136,0.9687933594210103,0.0011677291898317857,0.006067077088699536,0.023017502876040416,0.5666452818983192
IND000426,48.7,F,American/Indigenous,American/Indigenous,East Asian,True,True,0.0043093499442775915,6.325855574290454e-06,0.4826684725846128,0.0078410712318074,0.5051747803837279,0.11784749767851324
IND000427,54.6,F,African,African,South Asian,True,True,0.6105292092864203,0.021371606676621732,0.023366362845094635,0.2955590071237175,0.04917381406814578,0.911824568504619
IND000428,21.0,M,American/Indigenous,American/Indigenous,South Asian,True,True,0.17613325157703041,0.0050839152822310775,0.00024381035647441215,0.37584194396849124,0.4426970788157729,0.7780536639190431
IND000429,59.1,M,American/Indigenous,South Asian,,False,False,0.07120772985248978,0.015154394507127855,0.001626047969344404,0.41167488095461585,0.500336946716422,0.3843779698034225
IND000430,29.9,M,European,European,,False,True,0.07814640179121425,0.905048002728386,0.016667494414139263,7.656298273036288e-05,6.1538083530103e-05,-1.2525474012289204
IND000431,85.0,F,American/Indigenous,American/Indigenous,South Asian,True,True,0.0028338214462073066,0.07977343612388675,0.039425674073926074,0.320371717901052,0.5575953504549279,0.44949199819175256
IND000432,39.2,M,European,European,American/Indigenous,True,True,7.713074513116473e-05,0.42102665064816897,0.18696465821184208,0.009342982081986603,0.38258857831287124,-0.4527415274542595
IND000433,64.8,M,American/Indigenous,American/Indigenous,African,True,True,0.4416301391134841,1.6295122865300187e-06,5.610780814207286e-06,0.0005752387143946326,0.5577873818790204,-0.25921223702609375
IND000434,76.8,M,American/Indigenous,American/Indigenous,,False,True,0.0076324044750600605,0.19848341209577405,0.24277298815558887,0.0023390462507924094,0.5487721490227846,1.9107565086449265
IND000435,64.0,F,South Asian,South Asian,European,True,True,0.007620919295562747,0.38309028403410594,2.3471536396703407e-05,0.5840835321535806,0.02518179298035407,2.0829307229143446
IND000436,75.8,M,East Asian,East Asian,,False,True,0.03753342171954799,0.010865279297756058,0.8520747369611137,0.045185759011239224,0.05434080301034308,-0.9355003421916249
IND000437,54.7,F,East Asian,East Asian,,False,True,0.00025339553068068235,0.04000998496833751,0.9424816778201598,0.002127233962663881,0.015127707718158218,-0.5762316796794722
IND000438,18.7,F,European,European,,False,True,0.003793118391841866,0.9200881723043492,0.0705582991174412,0.0017542628419271635,0.0038061473444402387,1.2278356678984743
IND000439,57.2,M,African,African,,False,True,0.5926553150135597,0.0606334906174654,0.09553136300291416,0.179487652354378,0.07169217901168282,0.2859215700456365
IND000440,50.3,F,East Asian,South Asian,,False,False,0.0011914768726691933,2.0138532416043644e-06,0.6680834221341888,0.26032758700698916,0.07039550013291133,-0.7856020789237372
IND000441,67.6,M,East Asian,European,,False,False,0.057821979017973354,0.35027655875399155,0.5310307893156417,0.04329959145537319,0.01757108145702007,-0.615819906785023
IND000442,76.1,F,South Asian,South Asian,African,True,True,0.3969208720140114,0.0003301667672107841,0.14330481755063545,0.4570638174345225,0.002380326233619934,-0.44856456560141
IND000443,18.0,F,European,American/Indigenous,South Asian,True,False,0.0026853849910038253,0.38806392715087457,0.005738712654125808,0.33901073600761783,0.2645012391963779,0.23732190773923756
IND000444,43.7,M,African,American/Indigenous,,False,False,0.48783180177781155,0.0009686627621519805,0.13386051229314677,0.025939397453837738,0.35139962571305194,-0.08375666091388237
IND000445,85.0,F,American/Indigenous,American/Indigenous,,False,True,0.04554810395555244,0.07497927272780601,0.003682517223505868,0.0008784730465033107,0.8749116330466324,0.3659505313462584
IND000446,85.0,M,East Asian,East Asian,,False,True,0.16888539810679895,0.01999655239278614,0.8066607481651874,0.0014212479224829707,0.003036053412744586,-0.4397446879633286
IND000447,59.5,F,American/Indigenous,African,,False,False,0.20483088490033585,0.11250624531502113,0.000468576711434184,0.1557038197791049,0.5264904732941039,0.3602988927844451
IND000448,40.8,M,African,European,,False,False,0.7497259289183252,0.14293196625789586,0.034843395187682875,0.07169211044809466,0.0008065991880013884,-0.15616379479973294
IND000449,57.2,M,European,European,American/Indigenous,True,True,0.03422460979502378,0.49538943408041275,0.09318489489584476,0.06414837443424888,0.3130526867944696,-0.26399149105366915
IND000450,57.2,M,European,East Asian,,False,False,0.16101209610603398,0.4611031352918389,0.26189164562978956,7.957541882996667e-06,0.11598516543045448,0.6720403202348776
IND000451,61.0,F,American/Indigenous,American/Indigenous,,False,True,0.0024209738647655832,0.06797016086122545,0.0005046295224184354,0.07855819168630346,0.850546044065287,2.0500302261438756
IND000452,81.0,M,South Asian,South Asian,,False,True,0.01265622418668265,0.048469900567344675,0.17603358393635402,0.750776812216267,0.012063479093351604,0.3649615410046744
IND000453,46.3,M,East Asian,East Asian,,False,True,0.04335071243111616,0.1229141263018307,0.7630953391475865,0.06354620206179487,0.0070936200576719064,0.33160316187270916
IND000454,70.9,F,East Asian,East Asian,,False,True,0.004797147336497547,0.28988367581913577,0.6650471341019594,0.00018247711126896394,0.040089565631138364,0.10683828205636903
IND000455,18.0,F,African,African,South Asian,True,True,0.465211994485868,0.00094168836410559,0.10321150578813024,0.4287139277517038,0.0019208836101922099,0.5101190393479534
IND000456,43.0,M,African,African,South Asian,True,True,0.5353366360449453,2.749503511156626e-05,6.073015699805936e-07,0.3413498034646427,0.12328545815373046,0.8291321695053002
IND000457,25.1,M,South Asian,South Asian,European,True,True,1.1735178430908876e-06,0.377474269420664,0.1423696449204458,0.4729476283386694,0.007207283802377776,0.3402879502093302
IND000458,26.4,M,South Asian,East Asian,,False,False,0.0636066565180187,0.11749088521405568,0.4044040379785693,0.41399961522695994,0.0004988050623963726,0.8862355522902681
IND000459,75.0,F,South Asian,South Asian,,False,True,0.0009734040264149722,1.1656847609071763e-05,3.23339415603676e-05,0.9548435401399821,0.04413906504443345,0.8678660791636916
IND000460,18.0,F,European,European,American/Indigenous,True,True,0.008966681254863813,0.6610175645231008,0.003691034939723797,0.03161455907789796,0.29471016020441354,-0.3469587883550356
IND000461,58.2,M,African,African,,False,True,0.7487392447483536,0.00037880447150263403,1.3018716370396313e-09,0.004921800350450006,0.2459601491278222,-1.2868582891391147
IND000462,55.2,F,American/Indigenous,American/Indigenous,,False,True,0.16417791348561564,0.012659239090797681,0.00034075705526406147,0.17393048893633084,0.6488916014319918,-0.35526572831210723
IND000463,55.4,M,European,European,,False,True,0.09974636319651291,0.7611460825434648,0.0002799227215870695,0.0014670160230679907,0.13736061551536746,0.9050930981714949
IND000464,43.5,M,East Asian,Other/Unknown,,False,False,0.10445435642352564,0.021995968465030196,0.8733566426861075,1.1707721921781997e-07,0.00019291534811761115,-1.7009453441862594
IND000465,61.0,F,East Asian,East Asian,,False,True,0.03014748258458415,0.34633405468544043,0.46678660663282534,6.814123941808278e-05,0.15666371485773192,1.0489837829624047
IND000466,78.8,F,European,European,,False,True,5.816287851955965e-05,0.4412985270582524,0.15840356404938302,0.4002326722791656,7.073734679335186e-06,-0.36496914629320404
IND000467,38.1,M,European,European,,False,True,0.11062081149695112,0.5825111306806635,0.2339068298782989,0.05506062397470025,0.017900603969386232,1.5827735964699035
IND000468,75.0,M,European,European,,False,True,0.28897179580850446,0.4575112692078416,0.0287566151677935,0.22450028436178457,0.00026003545407595277,0.10303748642888871
IND000469,18.0,F,East Asian,East Asian,,False,True,2.4498802284991285e-05,0.03325067924085229,0.6070670913903963,0.13284291022008607,0.22681482034638045,-0.603605327008653
IND000470,73.9,F,South Asian,European,,False,False,0.0016122371866737733,0.2565020980451425,0.0072256043127065005,0.7346600538263215,6.629155867625435e-09,0.3883657357993988
IND000471,74.7,F,American/Indigenous,American/Indigenous,East Asian,True,True,1.911713921066402e-06,0.0058625339523868175,0.2689481585736339,0.11081108213733962,0.6143763136227186,1.0126957187881878
IND000472,23.6,M,East Asian,East Asian,,False,True,0.004580031706066527,0.11927070624096973,0.8761293572064798,1.738058211520068e-05,2.5242643687599898e-06,1.2344950531445056
IND000473,67.2,M,American/Indigenous,American/Indigenous,,False,True,0.00027567008951418284,0.05870126090328507,0.038759915074587266,6.021460496117382e-05,0.9022029393276524,0.032963126995426584
IND000474,43.9,F,European,European,,False,True,0.07465258338831836,0.6730516822694982,0.13829300052761093,0.00048197982446691797,0.11352075399010568,-0.5276113755435536
IND000475,45.3,M,European,European,East Asian,True,True,0.12241806976668744,0.45124112491399215,0.31067009680098057,0.040542859872190466,0.07512784864614927,-0.02136101824200709
IND000476,40.7,M,East Asian,African,,False,False,0.04861994863001914,0.00010906835700990995,0.8977982823540457,0.034972323293103576,0.01850037736582173,-0.5123245838326823
IND000477,50.7,F,African,African,,False,True,0.7987941883154949,0.0008124590898219372,0.029190683680544036,0.039395257395583354,0.13180741151855577,1.2413050936420125
IND000478,79.6,F,East Asian,East Asian,African,True,True,0.3185939867955085,0.07928859936434028,0.6007488385509374,0.00011383625848099273,0.0012547390307326043,-0.8156766412975809
IND000479,47.1,M,American/Indigenous,American/Indigenous,,False,True,5.317514549870958e-06,0.10619832326586667,0.010800435825216807,0.015431313474032917,0.8675646099203338,2.7182123266117055
IND000480,21.7,M,American/Indigenous,American/Indigenous,,False,True,0.0008239223685085692,0.12159082177464049,0.306942928702323,0.007679020493633154,0.5629633066608949,-0.13068749266468394
IND000481,39.6,M,South Asian,South Asian,,False,True,0.00041651073579044434,0.010968585373095105,0.21957781958066358,0.7636923311565713,0.0053447531538795496,0.48977059461803224
IND000482,77.5,F,American/Indigenous,Other/Unknown,,False,False,0.21351684272188343,0.16338647712551843,0.005998468855898564,0.15726459293196646,0.459833618364733,0.5835029438537664
IND000483,48.8,M,American/Indigenous,American/Indigenous,,False,True,0.08573892681365848,0.00463147623369097,0.011842960861223875,0.002432133323068818,0.8953545027683578,0.25806869660109943
IND000484,40.5,M,South Asian,South Asian,,False,True,0.0006436498106427406,0.16180404253640962,0.00016304683692528035,0.7579137924133932,0.0794754684026292,0.49213578904082
IND000485,30.3,F,South Asian,South Asian,,False,True,0.11951927767577268,0.09489647373584692,0.20230833330140982,0.5809893211844266,0.002286594102543985,-0.6734096727510861
IND000486,57.8,F,European,European,East Asian,True,True,0.0025658439380176704,0.6554943344239114,0.2727654763174985,0.06879913404413446,0.00037521127643806035,-0.01283220999102297
IND000487,81.3,M,East Asian,American/Indigenous,,False,False,0.06432529106434484,0.0021161199004824847,0.8962707306415691,0.00038895156818275514,0.03689890682542084,-1.11866068654297
IND000488,19.5,M,European,European,,False,True,0.04516329808951344,0.7817493690382491,0.03917269301012247,0.1291779488826256,0.004736690979489333,1.0441876525773273
IND000489,61.4,M,African,African,,False,True,0.3440581323322358,0.0141086698373176,0.19620999860489394,0.3002859936767025,0.14533720554885005,-1.0395898221233855
IND000490,76.1,F,East Asian,South Asian,,False,False,0.0621047685528874,0.04513851390256312,0.3543634362439647,0.27752602524523595,0.260867256055349,0.9197928222408855
IND000491,66.2,M,American/Indigenous,American/Indigenous,South Asian,True,True,0.033106106113292275,0.046227585529272634,0.02004118776964087,0.370230903639225,0.5303942169485693,-0.004234568539809969
IND000492,58.4,M,African,European,,False,False,0.6442097322079113,0.0968479963426769,0.00023653330570135164,0.11863990179004488,0.1400658363536655,-0.44922867970176766
IND000493,45.5,M,African,African,American/Indigenous,True,True,0.49350315130356165,0.07059246765248388,0.007896296002376395,0.013819987735292307,0.41418809730628575,-0.8366007340162157
IND000494,29.6,M,East Asian,South Asian,,False,False,0.062327267665988714,0.00036113914003356386,0.5672593043912207,0.3691343269324557,0.0009179618703012802,-0.04985212541446493
IND000495,81.4,F,American/Indigenous,American/Indigenous,South Asian,True,True,9.367293709305026e-05,1.6734722201183587e-05,0.07220282750245012,0.40463244757763317,0.5230543172606225,-0.38756238055142234
IND000496,69.1,F,American/Indigenous,American/Indigenous,,False,True,0.030087445731349544,0.06003779123084271,0.00054738800949914,0.09517322272165502,0.8141541523066536,0.6511068148849914
IND000497,78.4,M,European,European,African,True,True,0.4355164696406151,0.4358729249380432,0.003090567997580389,0.12255270609279492,0.0029673313309662476,-0.4543939534338739
IND000498,30.2,M,East Asian,East Asian,,False,True,0.003572618923056311,0.17141302106727827,0.6466643095395054,0.0024054895986065305,0.17594456087155358,-0.8296111751369397
IND000499,24.2,F,South Asian,East Asian,American/Indigenous,True,False,0.12487209418007024,0.015389783614132258,0.20763013566181934,0.3263968510696638,0.3257111354743143,-0.9002877707624173
IND000500,71.0,F,African,African,,False,True,0.8907646354731142,0.01263086069988057,5.056227265526648e-05,0.08764198900691543,0.00891195254743446,-0.41024996654298107
IND000501,63.7,M,European,African,,False,False,0.2612644363422958,0.642801399150245,0.05015216479043244,0.040014364254990054,0.005767635462036524,1.5752727460405576
IND000502,69.5,M,East Asian,East Asian,,False,True,0.007079034696611454,0.1297245769591292,0.7548512148944433,0.05490505658383762,0.05344011686597844,-0.939967897647835
IND000503,74.8,M,African,African,East Asian,True,True,0.5438943310789839,0.004166659099727587,0.42003700475395805,0.00044813107557251146,0.03145387399175787,-0.8954783986016119
IND000504,43.7,F,African,East Asian,South Asian,True,False,0.39611704256767555,0.008849395368220004,0.13276786684184128,0.33450200045699824,0.12776369476526503,-0.27426541455264686
IND000505,42.4,F,European,European,,False,True,0.15715377804732666,0.5962544746201456,0.21299803420511812,0.005218076689671309,0.028375636437738383,0.3950192862024505
IND000506,37.0,F,European,African,,False,False,0.23267469659782802,0.4734301432349566,0.019868064234703938,0.1796914114833026,0.09433568444920877,-0.34469517817370615
IND000507,33.8,M,East Asian,East Asian,,False,True,0.0030989220187890363,0.19313444352557332,0.623655355334953,0.013194948763101936,0.16691633035758263,-1.5559723034274935
IND000508,71.8,F,East Asian,East Asian,,False,True,0.000650513264898731,0.020807563990040464,0.9299502861303018,0.04495264714662723,0.0036389894681316624,-1.722854301677304
IND000509,81.4,M,East Asian,East Asian,,False,True,0.003217536353517631,0.19419175454390777,0.7915727460173411,0.005808864230208487,0.005209098855025316,-1.485366748037776
IND000510,46.8,M,European,American/Indigenous,,False,False,0.007376669117460177,0.9637326121920469,0.001074147764184679,6.200491032863314e-05,0.027754566015979674,1.1632561123702208
IND000511,18.6,M,European,European,,False,True,0.0005687373395160437,0.9730807557295366,0.006402237644803388,0.007937330682187533,0.012010938603956653,-0.2507400385496876
IND000512,28.5,M,East Asian,Other/Unknown,,False,False,0.2128439057621664,0.013642759299918242,0.7727246735773757,2.821359726179063e-05,0.0007604477632777669,0.17512240829284742
IND000513,46.2,F,European,European,,False,True,0.1548057747688287,0.7442427616178284,0.04737873366244254,0.053137738826330085,0.0004349911245702688,0.3632095230292087
IND000514,29.9,M,East Asian,East Asian,American/Indigenous,True,True,0.00741012992158291,0.0022424401384272727,0.6315554620137559,4.5738174504879115e-05,0.35874622975172904,-0.7942400645827254
IND000515,31.3,M,East Asian,East Asian,,False,True,0.03721267593539838,0.04864540546713173,0.8971874423078197,0.016842328363901107,0.00011214792574899074,-2.100274222367747
IND000516,48.0,M,American/Indigenous,African,,False,False,0.03220710320202135,0.3692142366736963,0.1031942188867997,0.0021826506245993206,0.49320179061288333,1.6951304373211005
IND000517,18.0,F,African,East Asian,,False,False,0.48904648087689423,0.0035864512322389846,0.4555609530237444,0.001668992518784843,0.05013712234833769,-0.1470707522140871
IND000518,38.7,M,European,African,,False,False,0.14276771558990484,0.7673046168675217,0.011736976643566585,0.02697318524381674,0.051217505655190114,2.0176978784422395
IND000519,56.1,M,European,South Asian,,False,False,0.0013589677725390076,0.9316841099754898,0.0011174449143673084,0.031296103511763075,0.0345433738258408,-1.5371193911066279
IND000520,36.4,F,African,Other/Unknown,,False,False,0.91594189783003,0.06009740362313678,0.003649176084945562,0.013995693772458516,0.0063158286894294735,-1.817377830290241
IND000521,24.7,F,African,African,American/Indigenous,True,True,0.5544598836764381,0.13127645553470826,0.03449660145324154,0.0027584913356958436,0.2770085679999162,-0.39364801032765856
IND000522,42.3,M,East Asian,East Asian,,False,True,0.021524189629126233,0.01905067653382673,0.9442973639333241,0.014874094211029887,0.0002536756926932279,-2.380201742315062
IND000523,45.5,F,American/Indigenous,American/Indigenous,,False,True,0.029575427343629293,0.08549564833457676,0.025706589801622447,0.0008269524050125835,0.8583953821151589,0.03651405663697327
IND000524,33.9,F,African,African,European,True,True,0.5248548019236396,0.4150307394235188,0.03902321509163612,0.018049207032390543,0.0030420365288149364,-0.5428196139188219
IND000525,29.6,F,South Asian,African,,False,False,0.007725188682984609,0.12563659323373194,0.006157465223780668,0.6872392927563655,0.17324146010313726,-1.9398949489364392
IND000526,41.5,M,South Asian,South Asian,East Asian,True,True,0.008305248493940438,0.036989055239307914,0.35245542165740046,0.4071245403471644,0.19512573426218677,-0.7585165210761592
IND000527,47.4,M,African,African,,False,True,0.5738755036321964,0.04217927462343408,0.20831515379205853,0.006942650431037985,0.168687417521273,-1.3558060031529269
IND000528,62.9,M,European,South Asian,,False,False,0.08293414585819435,0.48126481736104915,6.297415537415348e-08,0.4208324680334528,0.014968505773148294,-0.4947075858785044
IND000529,27.6,F,East Asian,East Asian,,False,True,0.0649360539453331,1.7489735505417114e-07,0.5743794938068707,0.31400304854267413,0.04668122880776699,-0.8441009954675389
IND000530,84.0,M,American/Indigenous,American/Indigenous,,False,True,0.32241101025998425,1.6543784528936716e-06,4.017418704745487e-06,0.1234504203652297,0.5541328975776284,0.04543909179106832
IND000531,62.5,F,European,European,,False,True,0.06094725927823301,0.6405449730166678,0.2293804251950662,0.03987753863378965,0.029249803876243183,0.5421504772283587
IND000532,65.4,M,African,African,European,True,True,0.6940829392217396,0.2666549331558923,0.01473697517935013,0.012652019917758137,0.011873132525259842,0.12674424914159071
IND000533,76.3,F,African,African,American/Indigenous,True,True,0.4269151126766143,0.025038336184513912,0.033900151723512344,0.18262992961404273,0.3315164698013166,-0.12708429951544253
IND000534,71.3,M,African,African,,False,True,0.7723925611074489,0.1289924119605621,0.005807639147046121,0.033965054851079875,0.058842332933862956,-0.843446932790263
IND000535,18.0,F,East Asian,East Asian,,False,True,0.19465637872891312,3.2117249431266465e-05,0.5595165853565283,0.24451768422062445,0.001277234444503053,-1.387599760776513
IND000536,72.5,M,South Asian,South Asian,East Asian,True,True,0.005289322468866985,1.5875984218649874e-05,0.37494177210623747,0.5973530270039719,0.02240000243670508,0.5539517657796624
IND000537,64.9,M,American/Indigenous,American/Indigenous,,False,True,0.14488595329157428,0.2171469580764512,6.882130531122802e-06,1.916988867626279e-06,0.6379582895125757,2.293999376412646
IND000538,28.4,F,African,African,European,True,True,0.4172798103227953,0.33634084449933377,0.0003772045303886925,0.2433074865153786,0.0026946541321035966,-1.3473204240164391
IND000539,77.7,M,South Asian,South Asian,,False,True,4.2969617676343614e-05,0.15777726364031985,0.16718533198950017,0.5287356425379434,0.14625879221456037,1.9413787909562779
IND000540,79.3,M,East Asian,East Asian,,False,True,0.23898231511327947,0.0004262658410529488,0.7178805950484014,0.030514390839297786,0.012196433157968369,-0.04518697048088294
IND000541,32.4,F,European,European,,False,True,0.17034527152966958,0.6244379112993158,0.04649639273378562,0.1587204244363288,9.001675316731095e-13,0.3785469814410765
IND000542,35.0,F,European,Other/Unknown,,False,False,0.2677596642636981,0.7021757525988899,0.0023511354793462713,1.137139427497168e-07,0.027713333944122787,1.7734279408015805
IND000543,33.8,F,American/Indigenous,American/Indigenous,,False,True,0.08165500466053352,2.053679757865166e-05,0.12367695165305707,6.067519583866512e-07,0.7946469001368724,2.8056774789290158
IND000544,62.9,F,South Asian,South Asian,East Asian,True,True,0.038782921862939544,0.13472746055148438,0.4007447345321519,0.4123734412452357,0.013371441808188365,-1.2047716624244933
IND000545,73.0,F,South Asian,South Asian,,False,True,0.19837586769557525,0.000444726567243742,0.08979016865074459,0.7111889191824926,0.00020031790394377269,-1.6674057074630846
IND000546,42.3,F,East Asian,American/Indigenous,,False,False,0.003952493315802838,0.04404072434668219,0.49704752792957335,0.002412186214781495,0.4525470681931602,-1.3635539050750727
IND000547,65.1,M,South Asian,European,,False,False,0.04134339649300585,0.3654017941202989,0.029421435394984447,0.40317478069017165,0.16065859330153923,1.0158563640502414
IND000548,67.6,M,European,European,,False,True,0.08064556337917667,0.6620207996441967,0.05646164778679165,0.18489780043199527,0.01597418875783954,-0.9980718149852966
IND000549,85.0,F,South Asian,South Asian,European,True,True,0.14182614170395666,0.346874908505468,0.0015688368853033325,0.5096844682458049,4.564465946721153e-05,0.19305389507300452
IND000550,69.1,M,South Asian,South Asian,,False,True,0.023109400744096762,0.06615688806877267,0.03941818295915848,0.5295563373495964,0.3417591908783758,0.7641710530498715
IND000551,71.2,M,South Asian,South Asian,,False,True,0.010713361940933227,0.34302229872178575,9.592783812764937e-05,0.5538948774393045,0.09227353405984873,1.819182521280739
IND000552,62.1,F,European,European,,False,True,0.13802814192666085,0.856088583353654,5.69525144995176e-05,0.004780637397479645,0.0010456848077058923,1.28482569826037
IND000553,63.0,F,American/Indigenous,American/Indigenous,,False,True,0.04191064123875396,0.12883675463662475,0.013655431520280514,0.08724543919420263,0.7283517334101381,-0.6941840172799101
IND000554,45.1,F,American/Indigenous,American/Indigenous,,False,True,0.08580594863118,9.404853411188854e-05,0.11527993627219771,0.1100716677659006,0.6887483987966099,-0.5671099707725799
IND000555,74.2,F,European,European,African,True,True,0.2614273422017957,0.42973113522921075,0.07040217741817259,0.03614675653437394,0.20229258861644694,-1.1389729518394929
IND000556,64.0,F,African,African,,False,True,0.7029918403726284,0.13504310513954199,5.156612395681002e-05,0.029197372337728206,0.13271611602614455,-2.470267350965476
IND000557,43.2,F,South Asian,South Asian,East Asian,True,True,0.006679558228669488,0.03127285215354962,0.31374093338483044,0.6180808392036825,0.03022581702926781,-1.6206560254702105
IND000558,43.5,F,South Asian,South Asian,,False,True,0.11988106065828957,0.032390275574929954,0.19368239953189226,0.6484850785195543,0.005561185715333915,0.1621160580549479
IND000559,72.2,F,African,African,,False,True,0.7132957309245108,0.04123751262388942,0.15265636628645599,0.0005349902017486968,0.09227539996339501,0.00880780118811783
IND000560,34.9,M,African,African,,False,True,0.6031989130032759,0.00048172785901537716,0.18469860628548043,0.2115996064408893,2.1146411338945267e-05,-0.3156362667229463
IND000561,63.2,M,East Asian,European,,False,False,0.08072225665592486,0.09514551874473498,0.771057341520256,0.0021883410831962766,0.05088654199588776,-0.40568633666370424
IND000562,40.7,F,South Asian,South Asian,African,True,True,0.3386462584565919,0.09425729387950366,2.2037548052498156e-08,0.5670909601009746,5.465525381813454e-06,1.5988702322097756
IND000563,63.1,M,East Asian,East Asian,,False,True,0.014784134493505848,0.2006967034702466,0.47690387203364165,0.2740532822318785,0.033562007770727285,0.36144794808853564
IND000564,72.6,F,East Asian,East Asian,,False,True,0.01921197477686878,0.1874073256138766,0.7370500053024751,0.012728593801861612,0.04360210050491802,-2.4980330007871094
IND000565,77.6,F,European,European,African,True,True,0.46582766994730174,0.488646102374217,7.253480695562155e-05,0.041680346259819395,0.0037733466117063335,-0.3629469799756414
IND000566,85.0,F,American/Indigenous,American/Indigenous,,False,True,0.00010440697640900479,0.18524526644418432,0.04645039902801127,0.0006500392167913119,0.767549888334604,0.4372456701174735
IND000567,73.2,M,East Asian,East Asian,South Asian,True,True,0.037528424944248316,0.018785348259672794,0.5625749636661934,0.3479118517859265,0.033199411343958936,-1.723468689207614
IND000568,25.8,F,European,European,American/Indigenous,True,True,0.028180834848811977,0.5447756107109321,0.009805719830259668,0.0036066524912159383,0.4136311821187803,0.6614436382292493
IND000569,77.2,F,American/Indigenous,American/Indigenous,,False,True,0.00032390124916476746,0.06943686757980226,0.0014968517126816286,0.003248769153641141,0.9254936103047101,0.5569142161897219
IND000570,64.7,M,American/Indigenous,American/Indigenous,East Asian,True,True,2.4532561254437176e-06,0.1283512884629791,0.3973694776897843,0.04074954797442012,0.43352723261669107,-0.6630922032432545
IND000571,50.4,F,European,European,American/Indigenous,True,True,0.007076374599205424,0.6193254436648407,0.004984082566907022,0.04450975991673371,0.32410433925231336,0.5517493045351314
IND000572,43.4,F,European,European,,False,True,2.2552574837454912e-07,0.8733191352677211,0.0012839617786121833,0.12534646789095172,5.02095369666058e-05,0.2017549026472738
IND000573,18.0,F,African,African,East Asian,True,True,0.5599971825029241,0.0005789283903536008,0.4035004495780132,0.027417972146107385,0.008505467382601748,0.26953140126288194
IND000574,42.3,F,South Asian,South Asian,European,True,True,0.002185083908536442,0.3495703443840501,0.13761276222371266,0.4013492174760827,0.10928259200761806,0.4263631028863065
IND000575,26.3,M,European,European,East Asian,True,True,0.11447279792551429,0.5935965377914023,0.26635958101760215,0.006699435994367519,0.01887164727111389,0.047794196436548364
IND000576,61.0,F,American/Indigenous,American/Indigenous,,False,True,0.06555966500741969,0.0009600981820815413,0.0023724110761794504,0.03089701940074021,0.9002108063335792,2.4408027963645447
IND000577,36.7,M,South Asian,South Asian,,False,True,0.010824314410915416,0.13550812019777556,7.423249521165303e-07,0.7850042790306655,0.06866254403569147,-0.8450225256058667
IND000578,37.6,M,European,European,,False,True,0.004892040781069151,0.8439523640201162,0.11415621528711443,0.00016563118823927707,0.036833748723461075,0.5349326538643127
IND000579,48.4,F,South Asian,South Asian,,False,True,0.1802626642419225,0.026064644355381954,0.09241336854493316,0.6060510189015754,0.09520830395618689,-1.1177689316930661
IND000580,85.0,F,East Asian,Other/Unknown,,False,False,3.913513192500402e-06,0.010965241395364353,0.891277073598692,0.09426309816043633,0.0034906733323149877,-2.0322070967561183
IND000581,23.3,F,American/Indigenous,American/Indigenous,East Asian,True,True,0.00644467281006993,0.000529484260781098,0.25533424299819973,0.18263543752160927,0.5550561624093401,1.8827776401466263
IND000582,59.0,F,East Asian,East Asian,,False,True,0.1305868323653056,0.02742284654145421,0.5751334055366877,0.021828022521680382,0.24502889303487213,-1.726362019234113
IND000583,53.0,F,American/Indigenous,American/Indigenous,,False,True,0.005865573212440295,0.0004738325953884179,0.2450614008031488,0.0015712716725659532,0.7470279217164566,0.6065454298281578
IND000584,83.1,F,European,European,,False,True,7.773057966741939e-05,0.6172734758843507,0.00025591104591128085,0.3454960315462317,0.03689685094383872,0.0686090406485434
IND000585,48.1,F,European,European,,False,True,0.16565694796369237,0.7405615366739757,0.061906513854488414,0.024601798122885193,0.007273203384958178,0.1160425337317409
IND000586,78.2,F,European,European,,False,True,0.1599959893178876,0.5713786302684684,0.2114631377900887,0.002121333026033354,0.05504090959752203,0.43805185703054605
IND000587,85.0,F,South Asian,South Asian,,False,True,0.004001100066677972,0.013823129998212611,0.04124835610246559,0.9036072399943552,0.037320173838288694,0.10853552058805721
IND000588,41.0,M,African,South Asian,,False,False,0.4508455573272904,0.12047654614027994,0.02359596023587732,0.3528276563521096,0.05225427994444276,1.5898320948852418
IND000589,26.3,M,African,African,,False,True,0.4920249287947889,0.002543051667179457,0.23805511242049504,0.2669586791800632,0.000418227937473537,-1.5014502217267869
IND000590,49.1,M,East Asian,Other/Unknown,,False,False,0.005696243796299944,0.012183986224179391,0.9666102221352901,0.001571078868774326,0.013938468975456217,-2.3737796866303436
IND000591,44.9,M,East Asian,East Asian,,False,True,7.516140848698839e-09,0.0021751692655893997,0.664716702102658,0.0655167384800824,0.2675913826355295,-0.5650118415981986
IND000592,27.9,M,European,European,,False,True,0.13460375028529467,0.5558515041801853,0.20353332698231577,0.009379956984610246,0.09663146156759411,-1.222067328162082
IND000593,64.0,F,East Asian,East Asian,American/Indigenous,True,True,0.1572351932808172,0.014425243076645562,0.433219680765367,0.006488278731372366,0.3886316041457978,0.2781149106568365
IND000594,73.9,F,East Asian,East Asian,,False,True,0.23152883553102835,0.0018647455150826496,0.4357814021328435,0.29599167764522316,0.034833339175822445,-0.17892335761325207
IND000595,77.2,M,American/Indigenous,American/Indigenous,,False,True,0.00753257329546008,0.0036838748642567306,0.041786145260008505,0.04192244731744502,0.9050749592628297,1.6502826413614677
IND000596,49.9,M,American/Indigenous,American/Indigenous,,False,True,0.03262949066311273,0.02211141649170906,0.0058836769698278855,0.003480929157544538,0.9358944867178057,-0.618854015583352
IND000597,22.1,F,East Asian,East Asian,,False,True,0.36948281378228415,0.0029038657505806036,0.4267278305121489,0.00550920816827993,0.1953762817867063,0.5805314667077122
IND000598,75.7,M,South Asian,South Asian,,False,True,0.223255279241477,0.11305884849766401,0.00557448769513268,0.6250921714467591,0.03301921311896724,0.6816243671887481
IND000599,31.8,F,South Asian,South Asian,,False,True,0.0003664237567968926,0.252362229993019,0.09296430153715843,0.649559842404794,0.004747202308231675,1.1138475017115796
IND000600,26.8,F,South Asian,South Asian,,False,True,0.00034492413833770396,0.030044986478772087,0.04789162682793793,0.7831959244900956,0.1385225380648566,-2.3766948877022074
IND000601,80.8,M,American/Indigenous,American/Indigenous,,False,True,0.20415063573417702,4.660054476536933e-05,0.16015177332824787,0.011240819986585835,0.6244101704062239,-1.4396613069280115
IND000602,18.0,F,European,East Asian,,False,False,0.23821198385148815,0.34163318554951333,0.1687003130573493,0.19178135519377074,0.0596731623478785,1.218116117545872
IND000603,51.9,F,African,South Asian,,False,False,0.5444243132500789,0.024197087503154767,0.004351716061204519,0.3035811021616659,0.12344578102389588,0.9609596480255218
IND000604,35.1,M,European,European,,False,True,0.07939748785801198,0.6169007493823299,0.08185822818355842,1.2096030375718113e-07,0.22184341361579604,1.1856260299800772
IND000605,63.4,F,African,African,,False,True,0.42210828310039394,0.2534234018080055,0.10921814666697732,0.15253553222875774,0.06271463619586543,0.4082946023329351
IND000606,22.3,F,European,European,,False,True,0.19511438291437336,0.7453537049158104,0.011830186209608896,0.03206742951782378,0.015634296442383618,-1.0254759001849107
IND000607,28.3,M,African,African,,False,True,0.3789931265267255,0.3477310668932991,0.0004196249599654512,0.00017731793923262142,0.2726788636807773,-0.5453668328089133
IND000608,31.8,F,African,African,European,True,True,0.40211560913566297,0.35857944318066953,0.0006989317156028786,0.0007608289312511163,0.23784518703681365,1.0681631486960237
IND000609,53.1,M,South Asian,South Asian,,False,True,7.429616234664241e-06,0.18155652385909643,0.1169227521185078,0.530920372851098,0.17059292155506284,0.5082296519895884
IND000610,20.0,F,East Asian,East Asian,,False,True,0.14037495714363085,0.0063115791492177175,0.8515732968239252,0.0002215102507944738,0.0015186566324318323,-1.0794639768175796
IND000611,65.2,M,South Asian,South Asian,,False,True,0.039189277132523216,0.12876664882476094,0.03222212742030246,0.7895155132795675,0.010306433342845981,0.12125252919865159
IND000612,66.1,M,African,African,American/Indigenous,True,True,0.5789282919334462,0.0012110204680295814,0.006317376427217471,0.001141391701808739,0.41240191946949795,-1.85735845320275
IND000613,29.5,F,African,African,American/Indigenous,True,True,0.3544883460454892,0.15298725136441255,0.06794110944930766,0.17308924480728102,0.2514940483335097,-0.7031146461720872
IND000614,65.4,F,East Asian,East Asian,American/Indigenous,True,True,0.016689868544459727,0.00023560718788017052,0.6465473607196915,0.016694161233664837,0.3198330023143037,-1.452282909338623
IND000615,68.5,M,American/Indigenous,American/Indigenous,,False,True,0.009818358700017373,0.38119338345391945,0.18512426687097033,0.017529663681486823,0.4063343272936061,0.004291553398136916
IND000616,36.3,F,European,European,,False,True,0.07374922777978364,0.832884144554445,0.007422674360420826,0.06673404096913202,0.019209912336218465,0.27273601206905557
IND000617,59.0,F,East Asian,East Asian,,False,True,0.022553084869845932,0.002493652632750871,0.9699955451096232,0.0005693804803995237,0.004388336907380551,-0.5137469309808578
IND000618,44.5,M,European,European,American/Indigenous,True,True,0.021732180361715377,0.6671973857851535,0.024776045903479003,0.01011467125152879,0.27617971669812325,0.998528874922416
IND000619,50.2,F,East Asian,East Asian,,False,True,0.017723600515514554,0.03161569549099518,0.8578494944947778,0.09257527012517057,0.00023593937354194228,-1.6314035834982925
IND000620,85.0,M,American/Indigenous,American/Indigenous,,False,True,0.009613945252597185,0.042377544347533096,0.24506110486969207,0.09659333474414648,0.6063540707860312,0.6041026449776166
IND000621,57.9,F,American/Indigenous,American/Indigenous,African,True,True,0.3095183352670337,0.09623631002723569,0.1591350209180361,0.06285468445205443,0.37225564933564004,1.4223762211137543
IND000622,80.2,M,South Asian,South Asian,European,True,True,0.002284320590864316,0.36981798966077994,0.0005300781248211307,0.5156430930060135,0.11172451861752122,1.1457798855183783
IND000623,54.5,M,South Asian,American/Indigenous,,False,False,0.14555069202364307,0.018015186763035217,0.017253502287373657,0.6537561925571569,0.16542442636879115,0.942532131850363
IND000624,63.3,F,American/Indigenous,American/Indigenous,,False,True,6.050962869105673e-07,0.10156633850785687,0.3831391406764403,0.08017254616990999,0.4351213695495059,-0.39721617916717766
IND000625,46.7,M,African,European,,False,False,0.9002186322311623,0.09882233833446838,2.875875109718752e-06,0.0009561533268103504,2.324493595467803e-10,0.16482099958727958
IND000626,42.0,F,East Asian,South Asian,,False,False,0.016281847607975696,0.00041328824054684047,0.6912367345058799,0.28275211647679355,0.009316013168804082,-0.6069490498600351
IND000627,66.4,F,East Asian,East Asian,American/Indigenous,True,True,0.06556747442135444,0.013457794812562067,0.5345713498012326,0.040729479691093314,0.3456739012737576,-1.328757902645377
IND000628,72.3,F,European,European,,False,True,0.00032498540653184234,0.9754726651357338,0.024125749945669114,7.655319133327822e-05,4.632073190759644e-08,0.016005455516538647
IND000629,36.2,F,East Asian,East Asian,,False,True,0.15905181539042543,0.04751636830284939,0.6421950870343718,0.03027461073696139,0.12096211853539206,-1.4863581727441821
IND000630,70.2,M,American/Indigenous,American/Indigenous,East Asian,True,True,0.011695111729792566,0.12773595259856305,0.3435451237468911,0.024976774939583737,0.49204703698516955,-0.1301131849013198
IND000631,50.2,F,European,European,,False,True,0.18011659950153225,0.6262793529080614,0.13104556834811323,0.025356605726027284,0.037201873516265686,-0.4845576221858674
IND000632,35.9,M,European,African,,False,False,0.21022513988369593,0.538049652088443,2.6105594835485524e-15,0.2498094363743182,0.0019157716535402102,1.292558751439464
IND000633,70.9,F,South Asian,South Asian,,False,True,0.06926463226099065,0.007031006990067941,0.28244464331562946,0.5775911537345684,0.06366856369874363,-2.233534237219987
IND000634,61.7,M,American/Indigenous,American/Indigenous,,False,True,0.13573563928863477,7.173345414344063e-05,0.1498644406922701,0.10713803271686802,0.6071901538480836,-1.742126122137535
IND000635,55.0,F,European,European,,False,True,0.1421738098564871,0.7209788259463933,0.0005837535802926454,0.1313963182476594,0.004867292369167464,-2.8853686441873463
IND000636,51.4,M,South Asian,South Asian,European,True,True,0.2869431368467673,0.3146166640166145,3.788922985889669e-05,0.37278119407689003,0.025621115829869166,0.4510319092432452
IND000637,49.2,F,African,African,East Asian,True,True,0.5164114498402925,0.0011827458052654065,0.2595878312634219,0.15396309920653473,0.06885487388448548,-0.9158247174625309
IND000638,37.1,F,South Asian,South Asian,,False,True,0.05107910465666906,0.21937826180103778,0.008834572702638462,0.5802938773130635,0.1404141835265913,0.3319574883631656
IND000639,37.9,M,East Asian,East Asian,,False,True,0.004960135172221983,0.06041649744849539,0.7050947900274166,0.11740680118979153,0.1121217761620746,0.38144252997764405
IND000640,72.1,F,European,American/Indigenous,,False,False,0.08955945564711763,0.6273955645840603,0.00010625042280202346,0.07389263926315749,0.20904609008286262,-0.4036497456814607
IND000641,70.2,F,East Asian,East Asian,African,True,True,0.36469489733285126,0.030596476804638752,0.5967225475103298,8.378959836891991e-07,0.007985240456196587,-0.7024006350516161
IND000642,36.9,M,European,European,African,True,True,0.2850639779331564,0.41690164516630696,0.05236982101302744,0.12292399006329034,0.122740565824219,0.11916380904838186
IND000643,40.4,M,East Asian,East Asian,American/Indigenous,True,True,0.04770606538645635,0.20769704417389523,0.4745016193645661,0.0006000048150943502,0.26949526625998793,-0.9579238918054717
IND000644,57.3,F,European,European,,False,True,0.03477820898842973,0.5262919242155294,0.06116594130062751,0.17396344400750025,0.2038004814879132,1.6960627066080576
IND000645,79.8,M,American/Indigenous,American/Indigenous,,False,True,0.00011396203946643505,0.10525952676220866,0.017372024548345223,0.13724309765778206,0.7400113889921975,0.6620769584194307
IND000646,43.6,F,European,European,,False,True,0.006625316606507229,0.5380892107051476,0.4185066773209398,0.03569134058399496,0.0010874547834103273,1.4842946975308489
IND000647,32.7,M,East Asian,East Asian,,False,True,0.0001964234922380806,0.040144293991360804,0.5938951746006897,0.2424664233765226,0.12329768453918877,-1.0688338134332453
IND000648,33.8,M,East Asian,East Asian,American/Indigenous,True,True,0.2404389845477224,0.00024681563425982186,0.4759144594890374,0.008891967264300292,0.27450777306468,0.6126604602680592
IND000649,23.8,M,European,European,South Asian,True,True,0.02537440037480208,0.4592899845678186,0.09660271104788395,0.32970850974009003,0.08902439426940517,-0.5380092192768986
IND000650,42.6,F,European,European,American/Indigenous,True,True,0.18458301745693967,0.2931809048788136,0.2270500394014326,0.012179438466730422,0.28300659979608384,-1.0246823103946707
IND000651,83.4,M,East Asian,East Asian,,False,True,0.04935287545983129,0.008007721825274476,0.751437468249256,0.04071629992478159,0.15048563454085667,-1.0950013830906822
IND000652,79.9,M,East Asian,East Asian,,False,True,0.08748184626015107,0.20888309771165584,0.5024803186306378,0.20100335162567182,0.00015138577188343407,-0.4904158147532623
IND000653,29.1,F,American/Indigenous,American/Indigenous,East Asian,True,True,0.0013039632759639388,0.0051966591859572125,0.3751244121074657,0.020136905712315935,0.5982380597182971,0.3920676240365109
IND000654,18.0,M,African,African,South Asian,True,True,0.4589836974467216,0.02637498531482357,0.04614063487411531,0.25906884829911786,0.20943183406522167,0.8478466977066782
IND000655,52.0,M,South Asian,South Asian,,False,True,4.569704791630592e-09,0.0005377380874888541,0.10344339765424218,0.865486004494271,0.030532855194293163,-0.5969469171154757
IND000656,73.4,M,East Asian,East Asian,African,True,True,0.3243684462803708,0.10449144401343156,0.32722768713374273,0.0004179935420159166,0.24349442903043908,-1.8047657067155969
IND000657,37.9,M,American/Indigenous,American/Indigenous,,False,True,0.001342059550795183,0.16330685999947092,0.04214533257387043,0.0722079402553977,0.7209978076204658,0.4829077031367929
IND000658,67.7,M,African,African,,False,True,0.7703356141777048,0.06401063407800671,0.019583307641190838,4.167654943263038e-09,0.14607043993544275,-0.6561390187633693
IND000659,62.6,F,South Asian,South Asian,American/Indigenous,True,True,0.07430380853117652,0.10571271554742197,0.1695168462545694,0.3256404243472112,0.3248262053196209,-1.87537803338427
IND000660,62.6,M,American/Indigenous,South Asian,,False,False,0.13330516589604824,0.3076600475939805,2.765182028086084e-05,0.13763196981252418,0.42137516487716625,0.16158080744039252
IND000661,27.9,M,American/Indigenous,American/Indigenous,,False,True,0.3388195523494839,0.05374422336594087,0.01365731889612518,0.00498474083215134,0.5887941645562987,2.081002737572338
IND000662,55.7,M,European,European,,False,True,0.013123183035178794,0.6345340353293036,0.0066077810684617095,1.3580330318146494e-06,0.34573364253402405,-0.1143943632803005
IND000663,78.5,F,European,European,South Asian,True,True,0.014367930193176642,0.48828603133211707,0.11030663345436191,0.3869304265141576,0.00010897850618677422,0.3620494178323506
IND000664,65.7,F,South Asian,South Asian,,False,True,0.1764464385892919,0.1349959823861381,0.15083308450193966,0.3013052957287386,0.23641919879389162,0.09436650079246861
IND000665,56.8,F,South Asian,South Asian,,False,True,0.06113224506511334,0.02020118828370734,0.05999032033055391,0.8522570925058738,0.006419153814751743,-1.773717818964713
IND000666,33.2,F,East Asian,East Asian,,False,True,0.04272413773501998,0.2015445835270791,0.743797126578732,0.011836711496720137,9.744066244877615e-05,-1.8577821993855481
IND000667,65.6,M,European,South Asian,,False,False,0.008819226466086318,0.5333218259124479,0.20180818305042617,0.2559149925595311,0.00013577201150833765,0.7002464327889488
IND000668,25.2,F,East Asian,East Asian,,False,True,0.022793006444912018,0.04128761196261768,0.9296663585497905,1.4694679397149652e-11,0.006253023027985281,-0.5644548506353217
IND000669,75.9,F,American/Indigenous,American/Indigenous,South Asian,True,True,0.18062977936088842,0.004915800742057216,0.002114005084485323,0.3156567373984255,0.4966836774141436,-1.130642103163201
IND000670,42.3,M,European,European,,False,True,0.25898871766608333,0.4075825132955209,0.0012071790080155015,0.04337206621008239,0.2888495238202979,1.30321048047196
IND000671,46.9,M,European,European,,False,True,2.332634713127073e-06,0.8910200445528589,0.10771046936644388,0.0002051317236881253,0.0010620217222961936,-0.5186455870034262
IND000672,38.2,M,South Asian,South Asian,American/Indigenous,True,True,0.25481549411188414,0.0002133530185604057,0.0003005402702800878,0.3978349572708165,0.3468356553284589,-0.22761484423266254
IND000673,58.3,M,American/Indigenous,American/Indigenous,,False,True,0.2229263650520669,0.0852073084184011,0.009129007628874431,0.15493408634863312,0.5278032325520243,0.07695547950697396
IND000674,56.0,F,South Asian,South Asian,,False,True,0.24435118696785385,0.00511503236643811,0.0004055254310498678,0.6886470923890301,0.061481162845628136,-1.8642682328957616
IND000675,50.3,F,American/Indigenous,American/Indigenous,,False,True,0.07165647260522363,0.07443713796868456,0.07821457207280907,0.055508941833936835,0.7201828755193459,0.7389255663939012
IND000676,72.9,F,East Asian,East Asian,,False,True,0.006814628481882705,0.04979876577045003,0.6755700324899964,0.15065177789981607,0.1171647953578548,-0.9757421746024371
IND000677,77.4,F,East Asian,East Asian,,False,True,0.011265388768470821,0.00023495034885356178,0.8799624576327114,9.82177268970332e-07,0.10853622107269524,-1.3973464926093926
IND000678,51.0,M,South Asian,South Asian,,False,True,0.028680002955023112,0.07544065326901102,0.005706370586519651,0.7408825044750427,0.14929046871440352,0.6354019729722209
IND000679,66.8,M,East Asian,East Asian,European,True,True,5.807096599860154e-05,0.4719646066731305,0.5278139448728671,9.007702083963573e-08,0.00016328741098285384,-0.8119304702888772
IND000680,34.8,F,European,European,,False,True,0.18072397824677036,0.7080068961714554,0.026468543236154655,0.045896702182658344,0.03890388016296134,0.5958923983397114
IND000681,53.5,M,African,African,,False,True,0.47204783519152466,0.0006703022764960752,0.32934060611131366,0.09222309541735138,0.10571816100331417,0.14731015661082925
IND000682,55.3,F,South Asian,South Asian,,False,True,0.15855551120170727,0.006453462887414861,0.088751950017298,0.7448753608967801,0.0013637149967999137,0.630845294681245
IND000683,52.4,F,African,African,,False,True,0.6720459892855021,0.1074253639231221,0.2085996124392926,0.011890295586560998,3.87387655222083e-05,-1.3687835099505394
IND000684,65.6,F,African,African,,False,True,0.7978893412087663,0.18382690978597588,0.012082974791934634,0.00012913638758751234,0.006071637825735582,0.02736666600071434
IND000685,83.7,F,American/Indigenous,American/Indigenous,European,True,True,0.044310611578218105,0.4197183329733612,0.0010796001797338931,0.04204763442105781,0.49284382084762907,0.5070592507350138
IND000686,52.8,M,European,European,African,True,True,0.3020531810376345,0.4827757516790489,0.09869063921634558,0.011274290654647731,0.10520613741232356,0.8566935399117335
IND000687,53.7,M,American/Indigenous,American/Indigenous,,False,True,0.14394754138326868,0.03818318016101811,0.3871821376364393,0.037567767211866054,0.3931193736074079,-0.3316911726097662
IND000688,64.5,F,South Asian,South Asian,European,True,True,1.4395268485855068e-06,0.33227414946216133,0.2648166005176558,0.401373246485601,0.0015345640077332216,-0.8153156837543979
IND000689,36.6,M,African,African,,False,True,0.6525441134642505,0.043174084596133255,0.20467027085777895,0.09961153058276664,4.990708780788114e-10,-1.6317571299745615
IND000690,82.2,M,American/Indigenous,East Asian,European,True,False,0.004524873408260614,0.3002415082298223,0.1684824724083641,0.18007150647667286,0.3466796394768803,-0.22043295026711282
IND000691,73.4,M,European,European,,False,True,0.1625266311679759,0.6755872629286693,0.07298435849434143,0.0889011036921886,6.437168247845956e-07,0.9081291053227543
IND000692,38.1,F,East Asian,East Asian,,False,True,0.2470096475259252,0.0006970867695945004,0.5759538067593553,0.0010057803086325468,0.17533367863649255,-0.19593876969415736
IND000693,59.9,F,African,African,,False,True,0.585188601840748,0.388619249888528,0.015043704820228413,0.0009106865557574188,0.010237756894738102,-0.8109164154276951
IND000694,82.5,M,American/Indigenous,American/Indigenous,,False,True,0.13887915039178717,0.0003590853315354841,0.41288399425704647,0.0005796048926715393,0.44729816512695947,-0.369757766059924
IND000695,30.0,M,African,African,,False,True,0.5332167657552243,0.02058152024071504,0.0572607893248116,0.3712710568585512,0.01766986782069787,0.5144461605289334
IND000696,25.2,F,South Asian,South Asian,African,True,True,0.311423601276782,0.00033075604181109737,0.2019190902487103,0.48580756217455057,0.0005189902581461517,0.27004816091058503
IND000697,64.1,M,African,African,,False,True,0.9538529054016475,1.0808522841839145e-05,0.045681846115224516,0.00028644916654165783,0.00016799079374457893,-0.109887740759118
IND000698,19.0,M,African,African,,False,True,0.9485669755530075,0.013370937280396964,7.012001896483271e-05,0.03525266678248284,0.0027393003651477233,-0.7176655750392242
IND000699,45.9,M,African,African,,False,True,0.9079746356492147,0.003965837739593266,0.07394396555866403,0.012942260494693294,0.001173300557834569,1.017428290004955
IND000700,22.1,M,African,African,,False,True,0.6405813550508729,0.13254050001700263,0.028978537587545743,0.0016402949702278428,0.19625931237435087,0.7043960653757979
IND000701,39.1,M,East Asian,East Asian,African,True,True,0.3346648080050535,0.03570610103273115,0.5886239606058468,0.027219574347836225,0.013785556008532148,-0.7570421194030226
IND000702,33.3,M,European,European,,False,True,0.041516591558143044,0.925650685281768,0.0005473117699261258,0.03192466359492923,0.00036074779523365797,-1.5543671444050269
IND000703,57.2,F,European,European,,False,True,0.0755983811255988,0.7451065859514534,6.210887582380436e-07,0.014880123557435057,0.16441428827675453,1.88366703698064
IND000704,68.6,F,South Asian,South Asian,,False,True,0.0031405226194972853,0.0003235538314739997,0.09821963400905968,0.8983161780183611,1.1152160792141797e-07,0.9534640496358897
IND000705,29.6,F,East Asian,East Asian,African,True,True,0.40786086242554787,0.001473665191223279,0.5220381168603905,0.0010925203846337214,0.06753483513820467,0.30609147604485354
IND000706,53.6,F,American/Indigenous,American/Indigenous,,False,True,0.0658479700963607,0.12287243595658374,0.08494889347674697,0.004522152836490189,0.7218085476338184,-0.26971701804388853
IND000707,65.8,F,East Asian,African,,False,False,0.12201147498481964,0.0010810019939565122,0.8515667356995988,0.007547712056510654,0.01779307526511447,-1.2917673204560358
IND000708,35.5,F,European,European,,False,True,0.24767974821341557,0.5344724494267917,0.05789870487012858,0.1504594703868029,0.009489627102861149,0.9137522767535025
IND000709,23.8,M,South Asian,South Asian,,False,True,0.0008274656915759655,0.10175436698511729,0.09074136047213244,0.7410718778396335,0.06560492901154094,1.2500102181957953
IND000710,43.1,F,South Asian,South Asian,,False,True,0.17744156613423262,0.02108344094631932,0.15414994813193708,0.5709459402406675,0.07637910454684352,-0.8620738345877617
IND000711,40.0,M,East Asian,African,,False,False,0.151517704948721,0.09604102670767879,0.6548005135141479,0.0354082365042658,0.06223251832518633,1.5610369898948753
IND000712,50.0,M,South Asian,South Asian,,False,True,0.03376309772493503,0.011088396299130169,0.0019809309879735295,0.8957221866131156,0.05744538837484553,0.6259258472221969
IND000713,18.3,M,African,African,,False,True,0.7826623390017936,0.09840658014936692,0.0011792350259248667,0.01439938203443229,0.10335246378848216,-0.3218387172096981
IND000714,43.0,F,American/Indigenous,American/Indigenous,,False,True,0.23944181263020298,0.10011888006695366,7.568292721812042e-08,0.12073027616509484,0.5397089554548212,-1.029419107288538
IND000715,33.2,M,American/Indigenous,American/Indigenous,,False,True,0.41807099873651676,0.08665807605880772,0.0043640787594796575,0.005246009848149318,0.4856608365970466,0.6855415500642845
IND000716,35.4,F,East Asian,East Asian,African,True,True,0.3069776996952461,0.07676857748040379,0.3967583033576695,0.010070299784198286,0.20942511968248234,-1.5136729843288919
IND000717,44.7,M,African,African,,False,True,0.7005311916994024,0.025851104617375657,0.028121853086900295,0.0025640456112876998,0.24293180498503403,0.3934426969498894
IND000718,35.2,F,East Asian,Other/Unknown,,False,False,0.026627476575311834,0.009549965250000434,0.5275211503320071,0.06439812227387004,0.37190328556881047,-0.11610973788520518
IND000719,32.9,F,East Asian,South Asian,,False,False,0.0060817039864603,0.1608122620403789,0.7281458860133888,0.07387886292249765,0.03108128503727433,-1.3087032213973182
IND000720,38.7,M,American/Indigenous,African,,False,False,0.26008677208628966,0.0009158398132326161,1.9453896327773896e-05,5.760899278739301e-05,0.7389203252113624,-0.5657512572255974
IND000721,31.0,F,American/Indigenous,American/Indigenous,,False,True,0.005011801816936289,0.13868182666499326,1.7726050200858565e-05,0.15776991934763243,0.6985187261202371,0.16364055069750758
IND000722,49.4,M,European,European,African,True,True,0.28402040225796543,0.532753392007192,0.00028325554738158087,0.1798217980339618,0.003121152153499205,1.4636656195250852
IND000723,79.0,M,African,African,,False,True,0.8405703937177277,0.1014503539297138,3.955245795306852e-05,0.03873395486047356,0.019205745034131964,-1.2419906175381654
IND000724,51.5,F,South Asian,South Asian,European,True,True,0.19170063863616535,0.25008225286259794,0.13699363492946684,0.41986597941253234,0.001357494159237477,0.062001232130945744
IND000725,71.0,F,African,American/Indigenous,,False,False,0.5976056355487979,0.08361024686584594,0.12112343407786987,0.11116433899875776,0.08649634450872844,0.6065621053749239
IND000726,67.2,F,American/Indigenous,American/Indigenous,,False,True,0.23883447391316812,0.011816266506405996,0.00013868698381464163,0.11241699985434662,0.6367935727422646,0.31527980694059854
IND000727,25.0,M,African,African,South Asian,True,True,0.47121603259311945,0.021716695362070926,0.06593176801969133,0.43608407371080943,0.005051430314308899,-1.2356597033448227
IND000728,47.9,M,South Asian,South Asian,,False,True,0.13175393457978887,0.0008557274598148198,0.09125592082508804,0.7754224616620767,0.0007119554732314983,0.8944362502448089
IND000729,23.9,F,American/Indigenous,American/Indigenous,South Asian,True,True,0.00259706248221845,0.005289140496880176,0.010215746237697465,0.37000492761252596,0.6118931231706779,-1.7176285016690027
IND000730,75.0,M,African,African,American/Indigenous,True,True,0.5298308140998224,0.004671856577503075,0.04758606454656898,0.023335339455994922,0.3945759253201107,0.9469585233882759
IND000731,72.9,M,European,European,,False,True,0.06445526411658391,0.667524253272529,3.933034400834159e-07,0.12128574440094807,0.14673434490649906,1.9605886525887728
IND000732,66.0,F,American/Indigenous,American/Indigenous,,False,True,0.00030614161798455335,6.749492327075435e-05,0.1492400636072122,0.006284902391132044,0.8441013974604005,2.1985232648326587
IND000733,34.4,M,South Asian,South Asian,,False,True,0.1424776164383994,0.04139232438092799,0.002215140044229401,0.7827099912109815,0.031204927925461763,0.42880828980895164
IND000734,54.8,F,American/Indigenous,American/Indigenous,,False,True,0.003789559828421608,0.40851696401893983,0.09272576914997394,0.023434193307535323,0.4715335136951292,0.19155634272873714
IND000735,39.1,F,African,East Asian,,False,False,0.6456093718350082,0.10442397085246577,0.12162765877470787,6.355649070305299e-05,0.12827544204711505,1.5097347511730836
IND000736,27.2,F,American/Indigenous,American/Indigenous,East Asian,True,True,0.014081516227087093,0.00849305673217618,0.30696483737079716,0.00017047351458839293,0.6702901161553513,-0.3493834583414952
IND000737,85.0,M,South Asian,South Asian,European,True,True,0.2389599651030084,0.2742546208763833,0.1261248997956912,0.3601493849144057,0.0005111293105113867,0.8016875409051072
IND000738,71.5,M,East Asian,East Asian,,False,True,0.1973361402659952,0.07117409732211215,0.5090122536360381,0.022825995037139255,0.1996515137387153,0.2603408254446029
IND000739,63.1,M,South Asian,South Asian,,False,True,0.21237626343066693,0.03318450411475446,0.009374520485009908,0.7450535061378076,1.1205831760980756e-05,0.33214499208069015
IND000740,46.3,F,African,African,,False,True,0.7798380570233331,0.05529311827108447,0.0908281949200546,0.028668003712517962,0.04537262607300975,-2.6888195912487944
IND000741,24.5,M,South Asian,South Asian,,False,True,0.2369821263794104,0.03749136061310707,0.0020490834166472707,0.7153254498405298,0.008151979750305422,0.2765106629820958
IND000742,67.6,F,South Asian,Other/Unknown,,False,False,0.004747406138872716,0.06398005481545367,0.013401318214093441,0.879381393342813,0.038489827488767135,0.6272391667284939
IND000743,57.2,M,East Asian,African,,False,False,0.4165580315386267,0.015962302831069926,0.5495636947387718,0.004504084236822742,0.013411886654708702,-0.92140864807919
IND000744,27.9,F,European,European,East Asian,True,True,5.736232570271433e-05,0.5039423368511424,0.2600463180064449,0.013932143507352305,0.2220218393093576,0.39623038644567543
IND000745,67.8,M,East Asian,East Asian,,False,True,0.09259677872372478,0.0076350728718532065,0.7870464097071148,0.10859976621051667,0.004121972486790531,-1.3711395555031438
IND000746,25.9,F,European,European,,False,True,0.0003538051277475405,0.6306533090060233,0.3688888013786094,0.00010052204605310138,3.5624415665643804e-06,0.43142300546198065
IND000747,69.8,M,East Asian,East Asian,European,True,True,0.0007760286418465043,0.31467523821415244,0.5905391431766287,0.08255107703531095,0.011458512932061484,-1.4416975342883336
IND000748,35.5,F,African,African,,False,True,0.7117234943858941,0.002274388830760679,0.0005798723656932147,0.21473867551485795,0.07068356890279405,0.22834991909531765
IND000749,61.9,M,African,African,,False,True,0.6629302181651205,0.13546496626893684,0.13181422276176005,0.032918638661956504,0.036871954142226084,1.0224827681731696
IND000750,24.0,M,European,European,East Asian,True,True,3.456001220419146e-05,0.48639749863373577,0.39175807548097685,0.00015603241524521044,0.12165383345783796,1.3282014411811647
IND000751,75.9,F,African,South Asian,,False,False,0.4018840403523594,0.15900169818377696,0.021631596743569657,0.3952681490588029,0.022214515661491043,1.9386066190852986
IND000752,63.6,F,American/Indigenous,European,,False,False,0.22410221029295238,0.08623207420965749,0.0292067794950655,0.0005140478846153504,0.6599448881177093,0.1954550187617722
IND000753,25.1,M,South Asian,South Asian,American/Indigenous,True,True,0.07768178435876366,0.1890357494290466,0.020408678321348555,0.4543148472728293,0.2585589406180118,-0.20446205090451874
IND000754,77.0,F,East Asian,East Asian,American/Indigenous,True,True,0.00037161748413109093,0.006133754231343939,0.5187251233046503,0.03779641353482201,0.4369730914450528,0.9584584603805806
IND000755,78.2,F,European,European,American/Indigenous,True,True,0.13141391948747463,0.5128799639784316,1.3141526797193512e-05,0.028206709430248555,0.32748626557704796,1.6516337589761538
IND000756,85.0,F,American/Indigenous,American/Indigenous,East Asian,True,True,0.009477003412911298,0.2386154353752989,0.2668720039641097,0.0002565847137236312,0.4847789725339564,-0.5505113470223677
IND000757,65.5,M,African,African,South Asian,True,True,0.5965644126215172,0.05391417216998787,0.04847400361062652,0.3008769046226112,0.0001705069752572563,-1.269592115047852
IND000758,41.5,F,East Asian,East Asian,African,True,True,0.33464904324977474,0.04131002416073737,0.5607847212121746,0.05732687536848648,0.005929336008826872,-1.055522215854881
IND000759,38.6,M,European,European,African,True,True,0.2760078455984518,0.4572138387681437,0.0005435924456346107,0.027387597147109234,0.2388471260406606,0.131000247723504
IND000760,51.8,M,African,African,,False,True,0.7590896190169996,3.9809908412737087e-05,0.2217955201243513,0.018585130894993092,0.0004899200552433905,-0.955226425120124
IND000761,37.5,F,South Asian,South Asian,,False,True,0.012634294235764851,0.12512711037082436,0.015390521674230011,0.8435392488429018,0.0033088248762790412,1.0546169790044075
IND000762,29.0,M,American/Indigenous,American/Indigenous,African,True,True,0.44980131149958824,0.00033500970402894115,0.023368913454670247,1.2471017634152922e-05,0.5264822943240784,-0.6088707972533374
IND000763,29.3,M,African,African,,False,True,0.42343803227563476,0.21148697500454006,0.22366893741131427,0.13675805017104994,0.004648005137460904,-0.2772095733786955
IND000764,31.7,F,East Asian,East Asian,,False,True,0.009964211461480717,0.01773074923393729,0.9021901433235038,0.03852045500488449,0.03159444097619382,1.0335072593587435
IND000765,37.1,F,American/Indigenous,American/Indigenous,,False,True,0.18540802532742573,0.000460166321087916,0.004415285669045175,0.04139677987079466,0.7683197428116465,-0.46108739670752474
IND000766,42.2,M,European,East Asian,,False,False,0.010667414862924126,0.5679634906789,0.40767217459105953,4.6892308232326636e-05,0.013650027558883964,-1.4565422330903046
IND000767,85.0,F,American/Indigenous,American/Indigenous,East Asian,True,True,3.433502077115626e-05,0.08740912332818104,0.33058870366411525,0.051323664136176735,0.5306441738507559,-1.2304024530248363
IND000768,43.7,F,East Asian,East Asian,African,True,True,0.2859928570147646,0.21023376917547232,0.4128028549837092,0.09093481957481003,3.569925124364959e-05,-0.9625221453943362
IND000769,52.8,M,American/Indigenous,American/Indigenous,,False,True,0.0012853112708429786,0.0007256491329818703,8.036098012489059e-05,0.13604967372943083,0.8618590048866194,0.3836848190978085
IND000770,31.5,M,East Asian,East Asian,American/Indigenous,True,True,0.11800542168191928,0.004014590477450435,0.5805259984274636,0.008046199241205441,0.2894077901719611,-0.00424512161083157
IND000771,31.0,F,American/Indigenous,American/Indigenous,,False,True,0.0002804552254403948,0.00030152073642780394,3.8205309247601814e-05,0.018666742001537277,0.980713076727347,0.9715747292363832
IND000772,41.7,M,African,African,East Asian,True,True,0.31233495921362164,0.002914987179301067,0.29484595133021263,0.1947530337512484,0.1951510685256163,-1.3808669364893127
IND000773,46.0,M,South Asian,South Asian,,False,True,4.113588088209451e-08,0.3776360230418055,0.003930782466394431,0.5289939326821314,0.08943922067378787,-0.7135319127938469
IND000774,38.0,M,African,African,American/Indigenous,True,True,0.5017951732211052,0.005530271717570321,0.07574183132122338,0.03284558788882262,0.38408713585127835,0.41048237242940455
IND000775,83.7,F,South Asian,East Asian,,False,False,0.007334791217838532,0.0011418528863381282,0.21414228945783648,0.777381031995869,3.444211777123345e-08,0.47475610629769377
IND000776,40.5,M,American/Indigenous,American/Indigenous,,False,True,0.06464812674884275,0.23462670202379324,0.00433438124605805,0.04385015739191639,0.6525406325893897,0.535098296821804
IND000777,57.6,M,European,American/Indigenous,,False,False,0.11801619463034539,0.5618521337554709,0.14334275355511406,0.00014126290081916228,0.17664765515825046,0.8863994618629889
IND000778,77.2,F,African,American/Indigenous,,False,False,0.7026901140572731,0.1131599773278121,0.00607749816603965,0.011885777731339678,0.1661866327175353,0.4894506447249396
IND000779,80.3,M,East Asian,East Asian,,False,True,0.05789309003170383,0.0007219850160167016,0.9123128204500257,0.01570045614059225,0.013371648361661445,-0.11004581227894322
IND000780,43.4,F,European,European,American/Indigenous,True,True,0.03743335054434271,0.4388122767497389,0.14974639305175885,0.00048278160527547584,0.3735251980488839,0.6954403721893974
IND000781,42.9,M,American/Indigenous,American/Indigenous,,False,True,0.0326337657406806,0.1261860321389967,0.004260839994431248,0.1441360282838093,0.692783333842082,-0.8473795386751334
IND000782,68.6,M,South Asian,Other/Unknown,,False,False,0.00039887638331637196,0.06688828295200308,4.344266401833516e-05,0.9315767756243079,0.0010926223763544365,-0.05668709776867564
IND000783,44.1,F,South Asian,South Asian,American/Indigenous,True,True,0.06717236236564048,0.01011600141849444,0.10140070018418615,0.5080083899653398,0.3133025460663391,-0.5320676745588622
IND000784,61.1,F,African,African,European,True,True,0.5038520105597681,0.36694827470725194,0.00021357205048942312,0.12867846287132012,0.0003076798111702905,0.9121409566988005
IND000785,64.5,M,African,South Asian,,False,False,0.5813692609687229,0.020184417672884498,0.013967370275969147,0.2663589251024259,0.11812002597999768,-0.4716949628599052
IND000786,76.7,M,South Asian,South Asian,African,True,True,0.269693204966842,0.015084932393629659,0.02026994298841854,0.6599910436603467,0.034960875990763175,0.08495223483856298
IND000787,59.4,F,European,European,,False,True,0.07233263268853701,0.3572208266526636,0.04535345531513855,0.20941739846184593,0.31567568688181485,0.22977771867715965
IND000788,43.1,M,European,European,,False,True,0.1573302550246011,0.6168655583440594,0.05131512824760037,0.1731103390648815,0.001378719318857639,0.0941225700334738
IND000789,51.6,M,African,African,,False,True,0.9198984577745402,1.9192003331210626e-09,0.05248549939482954,0.027396813840263715,0.0002192270711662007,1.1080798066984339
IND000790,31.2,F,European,European,,False,True,0.09624917848939074,0.7863337059613149,0.10501331230003241,0.012403176663606618,6.265856550257341e-07,1.1150280301968536
IND000791,34.9,F,European,European,East Asian,True,True,0.018041292464310507,0.7107284031543186,0.2563741273394032,5.026076005747672e-06,0.014851150965962024,-0.12606540047121506
IND000792,53.4,M,American/Indigenous,American/Indigenous,,False,True,0.003509368233133952,0.428521253100643,0.0011515842960427554,0.1363420869472967,0.43047570742288366,0.1399026209346767
IND000793,56.6,M,South Asian,South Asian,American/Indigenous,True,True,0.03967318563938224,0.14093837853951374,9.990072588639991e-06,0.5040547354142442,0.31532371033427115,-0.13397483117864872
IND000794,85.0,M,South Asian,South Asian,,False,True,4.136775516359759e-06,0.21913246287875687,2.5278623584532173e-06,0.7674322080369409,0.013428664446427525,1.2073310400835668
IND000795,70.7,M,European,European,South Asian,True,True,0.0049200457246206695,0.39056599745521176,2.4498244628662906e-05,0.3355408021028449,0.2689486564726941,-1.0568362873314063
IND000796,42.4,M,East Asian,East Asian,,False,True,0.00012962409297018342,0.015844824439564094,0.8199580320545338,0.0018322582621817325,0.1622352611507502,-0.7830661980612758
IND000797,83.2,F,South Asian,South Asian,European,True,True,0.009186358520968062,0.27846106486904987,0.18049951743146825,0.5275869710375787,0.004266088140935001,2.115948844979614
IND000798,40.6,F,East Asian,East Asian,,False,True,5.351940279173447e-05,0.0362047323964984,0.46606881206599493,0.051815069780057045,0.44585786635465796,-0.2272009509084295
IND000799,47.0,M,American/Indigenous,American/Indigenous,,False,True,0.002516763252404754,0.05387294371732516,0.005712771834369385,0.12649733349720838,0.8114001876986925,-0.032515845431138
IND000800,60.7,F,American/Indigenous,American/Indigenous,East Asian,True,True,1.414028432801647e-05,0.018382574549846094,0.36202758675242547,0.0001078201386275937,0.6194678782747728,-1.1360089633488455
IND000801,37.0,F,South Asian,South Asian,,False,True,3.628435441830054e-05,0.008150102429668798,0.08723863274807608,0.8107248898705688,0.093850090597268,0.017903583768449693
IND000802,72.3,M,African,African,,False,True,0.46281624115170955,0.04901874787863753,0.46255550839225756,0.023578661326075646,0.0020308412513196433,1.5683509398208484
IND000803,33.2,M,European,European,,False,True,0.0024566677423491124,0.9662180172364533,0.002050464790303601,0.006260434179703253,0.02301441605119075,-1.2565377360352061
IND000804,52.9,M,European,European,,False,True,0.10173194124170784,0.3175201425172371,0.24757236434322366,0.1759287787221125,0.1572467731757189,-0.2975772316098012
IND000805,42.3,F,European,South Asian,African,True,False,0.2582643256308013,0.6993294226410909,0.008679330355027623,0.03372004459663076,6.8767764492202374e-06,-0.16640768486876234
IND000806,64.3,F,American/Indigenous,European,,False,False,0.015772782451948596,0.251751873928677,0.05475962779787273,0.1912696963239831,0.4864460194975185,0.5673799912987643
IND000807,63.5,F,East Asian,East Asian,,False,True,0.20714452327405047,0.16720125691919857,0.47615710036343173,0.019541800123752888,0.12995531931956625,-0.2348117533665961
IND000808,36.7,F,South Asian,South Asian,,False,True,0.10966782839897403,0.05078634299203604,0.07921899905011802,0.6907501610921326,0.0695766684667394,-0.019772792156635487
IND000809,67.5,F,South Asian,South Asian,,False,True,0.0409446559228253,0.060014457655562944,0.06708733926931022,0.5239629900422199,0.30799055711008155,0.2542030989762932
IND000810,76.4,M,East Asian,East Asian,,False,True,0.2210983093840366,0.08539487840051055,0.6699165350473874,1.2735603593447581e-06,0.023589003607706115,-0.1843222765288801
IND000811,44.5,M,East Asian,East Asian,African,True,True,0.3178351684702345,0.278953955540172,0.37011607162756244,0.0006449421468961821,0.032449862215134836,-1.1426336072898244
IND000812,18.0,F,African,African,,False,True,0.710946830144146,0.001433104396152252,0.0004297618617893831,0.18103917355019858,0.10615113004771387,-0.6513545388434314
IND000813,80.4,F,East Asian,East Asian,,False,True,8.447273124480316e-08,0.0013885896402649762,0.7934035064809717,0.07982209543253342,0.1253857239734987,-1.3214951282860474
IND000814,35.2,F,African,African,,False,True,0.8388402077154782,0.0071912741949645455,3.13991433627849e-05,0.009101296738874685,0.14483582220731978,1.450493686537586
IND000815,85.0,F,South Asian,South Asian,,False,True,6.133206547599823e-06,0.02920075535395126,0.13066746244632033,0.6885546161976859,0.15157103279549491,-2.7609391633213227
IND000816,40.4,M,African,African,South Asian,True,True,0.28438323859636416,0.23933791402947216,0.05210339954907678,0.28401343336281676,0.14016201446227006,1.4859704995396779
IND000817,37.5,M,South Asian,South Asian,American/Indigenous,True,True,0.006664595011524169,0.0010093738550209733,0.04604492873098142,0.6895989959762455,0.2566821064262279,-0.23490602859690513
IND000818,72.8,F,African,African,,False,True,0.906161498322938,0.00013470840949513294,0.029999037361780334,0.05324674628569716,0.010458009620089368,1.2478485642859747
IND000819,22.7,F,South Asian,East Asian,,False,False,0.0007329846760492477,0.02227414376082979,0.013407185446373763,0.9584387305405444,0.005146955576202774,0.3481644903532233
IND000820,68.6,M,European,European,,False,True,0.001204613092055096,0.6019751206891771,0.24642921831205888,0.0901121090434089,0.060278938863299804,-0.35271165615738853
IND000821,71.2,M,African,African,,False,True,0.6119184653645325,7.829112319595817e-05,0.16736981869582043,0.041433531667857036,0.17919989314859414,-0.1111607415150409
IND000822,70.2,F,American/Indigenous,American/Indigenous,,False,True,0.24789528778119277,0.20451372746973284,0.045621010973223304,0.0007955788524150809,0.501174394923436,0.7661572685476004
IND000823,33.4,M,East Asian,East Asian,,False,True,0.003564918955668657,0.005950811181465288,0.9669733464462897,1.1224213748653524e-06,0.02350980099520158,-1.8628326199704728
IND000824,32.6,M,South Asian,South Asian,American/Indigenous,True,True,0.002193221705136583,0.02804959850450368,0.004694576967893101,0.5603500690178191,0.40471253380464745,0.749282935318411
IND000825,43.7,F,European,European,,False,True,0.1902971573342476,0.36072057614385794,0.010404657008704464,0.3070944816884603,0.13148312782472973,0.38518158121293
IND000826,74.1,F,African,African,,False,True,0.4101011669369064,1.9419493697310577e-05,0.1725389029212102,0.19779371605364648,0.2195467945945396,-1.4533405478323362
IND000827,46.0,M,European,European,,False,True,0.051256355102639144,0.48677056078191694,0.31211109227781497,0.10779879445352361,0.04206319738410542,0.5628605790333439
IND000828,78.7,M,African,South Asian,East Asian,True,False,0.426989368675624,0.0004590122959169644,0.39122079104663815,0.08285280566858073,0.09847802231324028,-1.3285075565608953
IND000829,55.8,F,European,European,South Asian,True,True,0.04432932712137667,0.6199130564811329,0.00014725360443675517,0.33186434243856283,0.003746020354490795,2.030118054130595
IND000830,20.8,F,European,European,South Asian,True,True,0.001380367315641398,0.676455355994175,0.002001879718968739,0.3197879752963215,0.00037442167489340456,0.2202247819857295
IND000831,57.4,M,East Asian,East Asian,,False,True,0.017162803944121816,0.056924232378285776,0.5821416280851687,0.15369780385170193,0.19007353174072178,-1.449554407371838
IND000832,72.6,F,American/Indigenous,American/Indigenous,,False,True,0.013473973593551791,0.07513166707047414,0.09019718266577594,3.711125613667408e-05,0.8211600654140615,0.816404422283543
IND000833,78.3,M,East Asian,African,American/Indigenous,True,False,0.12445078512994973,0.023118240814086734,0.5925991916596487,0.00016390824646810332,0.2596678741498467,-0.711029613154073
IND000834,76.8,M,American/Indigenous,American/Indigenous,,False,True,0.11616922838997001,2.1029899214815124e-09,0.00044868965506137217,0.08799511242900815,0.7953869674229705,-0.46340643107049073
IND000835,57.9,M,European,European,American/Indigenous,True,True,0.04584882518062619,0.486171935013964,0.022300097260838966,0.056688867617750584,0.38899027492682026,0.6022594641957664
IND000836,71.5,F,American/Indigenous,American/Indigenous,,False,True,0.12114856820890073,0.18860187049761376,0.14848302830676502,0.11132382189051906,0.43044271109620136,0.6216075730162456
IND000837,33.2,F,East Asian,East Asian,,False,True,0.007105607022469161,0.012677446661882131,0.9250036408480458,0.04232801108856512,0.012885294379037892,-1.0303447033156448
IND000838,51.1,F,African,African,American/Indigenous,True,True,0.4108351449874972,0.16852848526799927,8.077108722120031e-07,0.04723745028120475,0.37339811175242654,0.05108904851193097
IND000839,64.0,M,South Asian,South Asian,,False,True,0.0006352920921547722,3.0022864818198203e-06,0.014739890746448797,0.7535199891139533,0.23110182576096125,0.39702472892550655
IND000840,80.8,M,South Asian,South Asian,,False,True,0.10617587339700364,0.039263404066069985,0.04473454688110774,0.8045263843447334,0.00529979131108527,1.219489907639226
IND000841,34.5,F,European,European,,False,True,0.000244991604651088,0.7258821885806325,0.000965274347091892,0.0034490139581103575,0.26945853150951427,2.03106166441476
IND000842,50.4,F,East Asian,East Asian,,False,True,0.22257085827127487,0.011925787021717942,0.4671024215824477,0.24459331449956728,0.0538076186249922,-1.1903835572513322
IND000843,56.2,M,American/Indigenous,American/Indigenous,,False,True,0.021303669129898253,0.07789929413498994,0.1832008829689702,0.002977933791351989,0.7146182199747897,1.6917336085869241
IND000844,42.0,F,European,European,African,True,True,0.38270233168833284,0.5535160740989089,0.002822395742482075,0.05583538232355566,0.005123816146720637,-0.8954090689943008
IND000845,71.5,M,European,European,,False,True,0.011010235246713832,0.8250291949897853,0.07095548287243983,0.08883470631835706,0.004170380572703823,0.9429223660337103
IND000846,71.5,F,East Asian,East Asian,,False,True,0.0011455133813488012,5.031506719658485e-05,0.9180974491918451,0.0004414131575310056,0.08026530920207854,-0.33068975324383254
IND000847,26.9,F,American/Indigenous,American/Indigenous,European,True,True,0.18703610160915507,0.25318235911749426,0.012494378900648792,0.15405321348013104,0.39323394689257085,1.0121326786168807
IND000848,45.6,M,African,African,East Asian,True,True,0.5980323558404873,0.08833831101301452,0.31005698569483703,1.5076872940357444e-06,0.003570839764366869,-0.7171618424803079
IND000849,42.1,F,East Asian,East Asian,,False,True,0.004344833324496831,0.07777425662378772,0.914162696786491,0.0027462198186555746,0.0009719934465689192,-2.071483793091545
IND000850,63.3,M,American/Indigenous,European,,False,False,0.11121376012515145,0.33223973923310235,0.012088805969194805,0.020381118361314864,0.5240765763112364,-0.2883763302014325
IND000851,74.8,M,African,African,South Asian,True,True,0.42503822431658145,0.007270281796067104,0.25965353968585075,0.3080279863577421,9.967843758741754e-06,0.4333339302541079
IND000852,77.0,F,South Asian,South Asian,,False,True,0.026914106824644915,0.007201309830179801,0.46647731936584313,0.49939822853414817,9.035445183848748e-06,0.21570227700053618
IND000853,60.9,M,American/Indigenous,American/Indigenous,,False,True,0.09309714965531689,1.9270567876452808e-05,0.18039192493657058,1.151377402022788e-06,0.7264905034628341,-0.8549212003815905
IND000854,69.2,M,South Asian,South Asian,European,True,True,0.00045814650492989394,0.3378041118622889,0.00014813812466424737,0.6615598284080738,2.977510004323409e-05,-0.14567324391468955
IND000855,76.1,M,South Asian,South Asian,,False,True,0.012111712339448964,0.3457454425675481,0.0008064848436791539,0.36480135183871676,0.276535008410607,-0.8407960702497644
IND000856,82.6,F,European,European,,False,True,0.04140785746286342,0.8757331207169337,0.018900546637163427,1.5386841421804937e-09,0.0639584736443555,1.0008699263408545
IND000857,78.0,M,South Asian,European,,False,False,0.0002922365239453906,0.30841378839440325,0.2659405980806859,0.4250221513133099,0.00033122568765557554,-0.2938089905596741
IND000858,38.7,M,European,European,,False,True,0.3299414633782411,0.37454124223495366,0.039961328259945236,0.07887268840863139,0.17668327771822867,0.27644347705473243
IND000859,79.9,M,American/Indigenous,American/Indigenous,South Asian,True,True,0.00028206684386059873,0.0013230857182196284,0.14512355408270047,0.2606956625134431,0.5925756308417762,0.20046589765888045
IND000860,62.2,M,South Asian,South Asian,,False,True,0.034651477800597116,0.00028405149160392424,0.0027241226812591457,0.8913396941036669,0.07100065392287291,0.12931540643733064
IND000861,78.6,F,East Asian,East Asian,,False,True,0.06652174466074365,0.0908295600414531,0.749066295982207,0.09331502666439373,0.0002673726512024587,0.5200384648898397
IND000862,47.6,M,East Asian,East Asian,,False,True,0.11525540650852716,0.09900661050360271,0.551288010816157,0.13147034482936815,0.10297962734234502,2.020404140934751
IND000863,28.9,M,American/Indigenous,American/Indigenous,,False,True,0.012378382451246995,0.05745616517431495,0.038955083522468875,0.00015591122650005008,0.8910544576254691,-0.6758174996300662
IND000864,54.7,M,American/Indigenous,Other/Unknown,,False,False,0.03334946466036447,0.07686332112832613,0.00019713651944899436,0.062213828351932704,0.8273762493399277,1.449250525824552
IND000865,72.1,F,European,European,,False,True,0.1554889176120703,0.5808394792019121,0.004021613409063058,0.1920634493275331,0.06758654044942143,1.7868052503156557
IND000866,57.3,M,East Asian,East Asian,African,True,True,0.28122575958884577,0.0017054243866403195,0.4181116062524097,0.19459877160379843,0.10435843816830591,0.014070867820131921
IND000867,82.2,F,European,African,,False,False,0.30218626866574216,0.451266270474927,0.04620859763013484,0.17412528920351988,0.026213574025675954,0.2127861382848189
IND000868,29.0,M,East Asian,East Asian,,False,True,0.1696825908291931,0.00020259649903078995,0.6910889068227355,0.03903458284721749,0.0999913230018233,0.4798226322522355
IND000869,77.7,M,European,European,,False,True,0.1876527764906259,0.7359629211928226,2.5522035070947055e-06,0.0009019777159539166,0.07547977239709057,-0.06585235714645732
IND000870,62.6,F,South Asian,South Asian,African,True,True,0.3903530556785271,0.00030009301207400887,0.19455206584788798,0.41398119921208293,0.0008135862494279365,-0.48496533562075045
IND000871,32.3,F,African,East Asian,,False,False,0.9496114634937902,0.0006194958555969021,0.038264144103381366,0.004833433464028979,0.006671463083202525,-0.8652909077224624
IND000872,53.9,M,American/Indigenous,American/Indigenous,,False,True,0.20386663237930636,0.01396924193033419,0.046682813589816186,0.17269231346973882,0.5627889986308043,-0.058852313218987706
IND000873,74.2,F,European,European,,False,True,0.10196252089339389,0.8810425120061541,0.007620048610182766,0.0029909228819770643,0.006383995608292127,0.5245207832194552
IND000874,25.8,M,South Asian,South Asian,,False,True,0.0763196947318901,0.05669725148862722,0.18442004509778592,0.6776221074419096,0.004940901239787131,0.9666012055319383
IND000875,21.9,F,European,European,,False,True,0.009101032405702734,0.7497178120695543,0.0027051924194731874,0.047027175213959486,0.19144878789131026,0.9948569528753719
IND000876,81.4,F,American/Indigenous,American/Indigenous,African,True,True,0.3000197223585854,5.558550985686604e-09,0.05472739184093449,0.1410648715902425,0.5041880086516866,0.43288444637792706
IND000877,28.2,F,South Asian,South Asian,,False,True,0.14297369262176332,3.1524501681148793e-09,0.0009245571458373526,0.8155993129738875,0.040502434106061545,2.182161225665622
IND000878,76.8,M,European,European,,False,True,0.02590713596236843,0.4057144830830332,0.05051910063591458,0.23707954972247092,0.28077973059621286,0.0003548629240095469
IND000879,67.6,F,European,European,African,True,True,0.26562959533176633,0.608420225550924,0.029656321781080748,0.016022210753915973,0.08027164658231263,-0.2597663071200096
IND000880,48.7,F,American/Indigenous,American/Indigenous,,False,True,0.0959347633380968,0.00653262056357654,0.026801976795330515,0.004594536650825968,0.8661361026521702,0.07110388147569663
IND000881,49.5,M,African,African,European,True,True,0.3800536090970293,0.2926880398751709,0.07167255917759663,0.2555797100634577,6.0817867455342555e-06,0.26955511861068654
IND000882,53.8,M,American/Indigenous,American/Indigenous,African,True,True,0.27463568078629036,0.04596034675132453,0.08727619322849181,0.011504662094574743,0.5806231171393186,1.49462923484222
IND000883,44.1,M,African,African,,False,True,0.5935943189009208,0.024724887453700075,0.19524358175470372,0.004900678240873241,0.1815365336498022,-0.4875757459719342
IND000884,18.0,M,South Asian,East Asian,,False,False,2.621853428568879e-06,0.0019534589001561596,0.39804467127519066,0.5030595108779236,0.09693973709330123,0.5525797401997112
IND000885,66.7,F,European,South Asian,,False,False,0.009729450985204486,0.8477440700995599,0.00018098545871997822,0.13622375518293653,0.006121738273578933,-0.9643767082633719
IND000886,68.9,F,East Asian,East Asian,,False,True,0.03436832846075672,0.05476608936212444,0.8011088687451453,0.10963660192294232,0.00012011150903121365,0.393210536480432
IND000887,38.2,M,American/Indigenous,American/Indigenous,,False,True,0.0005493076097683217,0.1793893923209956,0.02178680866445653,0.0012425029573896532,0.7970319884473899,0.09528957194791747
IND000888,19.8,F,East Asian,South Asian,,False,False,8.254640507847678e-05,0.08665513155422197,0.4965213365722148,0.41663494855724004,0.0001060369112447391,-0.3924403096211444
IND000889,70.2,F,South Asian,South Asian,,False,True,0.19439983554555482,0.09413784212579336,0.007036681893160225,0.6537942725312289,0.05063136790426262,0.2694332492646585
IND000890,31.6,M,East Asian,East Asian,,False,True,0.013625056885144782,0.0005160200485204352,0.8853371779006204,0.03110889037684482,0.06941285478886965,-0.3107253289145998
IND000891,77.9,F,East Asian,East Asian,,False,True,0.014395852106344892,0.012100166536858161,0.8172980538851917,0.1561933011510234,1.2626320581955067e-05,-0.7098360761969186
IND000892,48.1,M,European,European,,False,True,0.10191342044946332,0.6090245584194133,0.12226995878433505,0.12805267017294333,0.03873939217384498,1.796703667386251
IND000893,72.8,M,East Asian,East Asian,European,True,True,0.1576495329406875,0.33970062890532554,0.3978403786273427,0.03798308846097005,0.06682637106567418,-0.7376872849104061
IND000894,49.2,M,European,European,,False,True,0.150099530042926,0.7320106773895652,5.9365933358937805e-05,0.11731357550385124,0.0005168511302985614,0.7896722800918776
IND000895,61.8,M,African,African,South Asian,True,True,0.5480210352467535,2.8806502830509657e-05,0.0022065979328883337,0.43995687426676316,0.009786686050764423,0.5962382430563467
IND000896,25.1,F,African,African,,False,True,0.522573874946309,0.0013958753115055841,0.20024401172061485,0.022937925664668724,0.2528483123569019,0.13781109949830853
IND000897,67.4,F,European,African,,False,False,0.1472446234206685,0.8474725704584196,0.0022423237532892665,0.0030183951327182983,2.2087234904363746e-05,1.2153402508026294
IND000898,43.1,M,East Asian,East Asian,,False,True,0.002260775691556112,0.06015913895479727,0.9152048113674958,0.021949659837847777,0.00042561414830313105,0.5562836699655785
IND000899,33.3,M,European,European,American/Indigenous,True,True,0.01752505019604464,0.47766455208179576,0.03586650702115503,0.033427241660144734,0.43551664904085974,0.44696402318508544
IND000900,19.3,F,European,European,American/Indigenous,True,True,0.00016474216439582836,0.5158187971216311,0.0018184664438588413,0.018596118054027767,0.4636018762160864,-0.022906236216028497
IND000901,67.7,M,African,African,,False,True,0.9858427049526908,0.0014899492629657516,0.0026724966567893086,0.00857679776743837,0.0014180513601158144,-1.2000624697911055
IND000902,34.7,M,African,East Asian,,False,False,0.8131532481727376,6.814043314070268e-05,0.15412588528796065,0.022659517048523474,0.009993209057637564,-1.211723506755524
IND000903,54.5,M,European,European,,False,True,0.020546822746980272,0.7479315993282094,0.18910696480294728,0.0007298625154961556,0.04168475060636682,0.7592156690274833
IND000904,25.4,F,African,African,East Asian,True,True,0.6357683018587005,0.008324278743875682,0.2912404385152144,0.06219457487921905,0.0024724060029903327,-0.10637053253778139
IND000905,36.2,M,European,European,East Asian,True,True,0.08742842697376157,0.4566905650072323,0.41272146100967955,0.03558352959937784,0.007576017409948599,-1.5894528359641729
IND000906,32.8,M,American/Indigenous,American/Indigenous,,False,True,0.010655724339688333,2.663113397728218e-05,0.028942143580532893,0.2004654168899079,0.7599100840558936,1.762810674198712
IND000907,60.4,M,South Asian,South Asian,,False,True,0.010854319137095668,0.19635385973467795,0.21022146780110562,0.3951456687810163,0.1874246845461046,0.6199653620725144
IND000908,24.3,F,South Asian,East Asian,,False,False,0.0012647287933871556,0.02162006786961228,0.04954941767822275,0.8980839633883418,0.029481822270436022,-2.2474201670504286
IND000909,24.9,M,European,European,,False,True,3.599415399304162e-05,0.6940842418997987,0.013305095748773844,0.22352447323548058,0.06905019496195382,-0.5022721461719631
IND000910,62.7,M,European,European,African,True,True,0.44751230640103173,0.4900100668963921,6.308916860318452e-06,0.00046080157093566457,0.06201051621478011,1.2556845321352819
IND000911,31.5,F,European,European,East Asian,True,True,0.034100333114211484,0.45521577034355565,0.39288449817194954,8.624361707624069e-07,0.11779853593411276,-0.12198966417052265
IND000912,83.0,M,South Asian,South Asian,,False,True,0.0212023980282633,0.058520438293286105,7.1167843959086965e-06,0.9200888474255224,0.0001811994685321491,0.8174021089990249
IND000913,56.3,M,European,Other/Unknown,,False,False,0.3250260257035221,0.4154311418652708,0.0019683793987299945,0.17946182739042535,0.07811262564205174,1.232391949725794
IND000914,74.0,F,American/Indigenous,American/Indigenous,,False,True,0.09371618371398281,9.553610220918332e-05,0.011796640643312173,0.11104877663404607,0.7833428629064498,0.8993732928250693
IND000915,29.0,M,American/Indigenous,Other/Unknown,,False,False,0.010071471085916146,0.11391670768898544,0.11935673773318886,0.03681953029634364,0.719835553195566,0.6924489595400588
IND000916,34.4,F,South Asian,South Asian,African,True,True,0.2802213302891478,0.012814208747266546,0.003091549240801302,0.7036910790005361,0.00018183272224818676,-0.4807289776837472
IND000917,69.0,M,European,European,,False,True,0.0197738230018668,0.8911923712418245,0.08694643992220268,0.001775770985520163,0.00031159484858573163,-0.12067227299068417
IND000918,54.0,M,African,South Asian,,False,False,0.3496686100308754,0.03304840991900939,0.17354569544843682,0.2387379760852113,0.20499930851646708,-0.8602291583862638
IND000919,76.4,F,European,European,,False,True,0.0007163094784402482,0.9708181444796948,1.6973123767881752e-06,0.027227180548996782,0.0012366681804914167,-0.5782792352137307
IND000920,55.2,F,East Asian,African,,False,False,0.2291660598648574,0.018678902041838988,0.7116360130121818,0.03024525657703313,0.010273768504088567,-2.9205404369204753
IND000921,76.6,M,European,European,African,True,True,0.4223464842060906,0.5445961244838914,0.029337681479603597,0.0019482815459116985,0.0017714282845027961,0.016191001748743883
IND000922,42.8,F,European,European,African,True,True,0.327059418987413,0.6715238418061503,0.0009266527389819362,0.00016798246379516076,0.00032210400365955777,1.1974299282454415
IND000923,21.4,M,European,European,,False,True,0.22453773507895503,0.6480774323103821,0.12082718683014147,0.0030230739704726075,0.0035345718100489704,-1.1097478629917754
IND000924,60.1,M,American/Indigenous,African,,False,False,0.3882368239231449,0.11640187146824373,0.0009749461876923432,0.0014756241766917767,0.49291073424422716,-0.7407116793303582
IND000925,34.8,M,American/Indigenous,European,,False,False,0.006165272203899073,0.050817649428613845,4.5095589917297737e-07,0.04533780753146265,0.8976788198801252,0.4684362232577323
IND000926,72.9,F,South Asian,South Asian,,False,True,0.000584503903797455,0.15776117413426202,0.11337616141075509,0.6717224007639443,0.056555759787241144,-0.31938662844272303
IND000927,29.2,M,American/Indigenous,South Asian,,False,False,7.33151436285558e-05,0.001983928443098202,0.02229497641613599,0.06205963568742908,0.9135881443097082,1.2921451823627434
IND000928,29.2,M,East Asian,East Asian,,False,True,0.4706658285743417,1.105558604793009e-07,0.513809440091598,0.002537766760432083,0.01298685401776778,-0.626307278678281
IND000929,38.2,F,African,African,,False,True,0.8430958269192127,0.028444165656448615,0.047626224138845395,0.0009510900401912273,0.0798826932453022,-1.023803328819755
IND000930,18.0,M,African,East Asian,,False,False,0.84784496474628,0.008441193519980733,0.12487659354412312,0.004293782302149051,0.014543465887467003,-0.49258581115680233
IND000931,54.2,M,African,African,European,True,True,0.5960983427964467,0.3732105200004861,0.01591447070556159,0.006966625226643033,0.007810041270862653,0.13967502771513832
IND000932,82.0,M,American/Indigenous,American/Indigenous,South Asian,True,True,0.13351738679425357,0.00451579251982099,0.061225903400464875,0.2919975886570922,0.5087433286283684,-1.1767000208478136
IND000933,44.3,M,American/Indigenous,East Asian,,False,False,0.0008239362965050162,0.000680924630533175,0.22464167016428724,0.18091672091465652,0.5929367479940181,-0.6192835489546124
IND000934,18.8,F,European,European,,False,True,0.02888593012669627,0.5541036833411727,0.23887772585218828,0.07671558145844694,0.10141707922149584,1.5519086776797686
IND000935,53.8,M,East Asian,East Asian,,False,True,0.1726904217673439,0.2252639894393605,0.5169442515202596,0.025037271027004683,0.060064066246031375,-0.7899749409340756
IND000936,81.6,F,American/Indigenous,American/Indigenous,,False,True,6.095695460352733e-07,0.01044981399717104,1.7693192309883826e-05,0.12368578588843476,0.8658460973525381,0.2990904408046221
IND000937,40.1,M,East Asian,East Asian,,False,True,0.010900654295938901,0.0022599040330531063,0.7822399971491973,0.14118464742533482,0.06341479709647581,0.1607937387026014
IND000938,47.0,M,European,South Asian,,False,False,0.1848672917878989,0.4774127551341651,0.06596947792389307,0.26923094950698484,0.002519525647058143,0.9470592542026157
IND000939,46.7,F,East Asian,East Asian,,False,True,0.16129564230513854,0.004693509654185375,0.8225134750910797,0.0016405366329628097,0.009856836316633567,-0.36329302669329727
IND000940,59.7,F,American/Indigenous,American/Indigenous,,False,True,0.03931371042086867,0.22856970861976542,0.13616817603471165,0.09473091315556213,0.501217491769092,-0.590861043589687
IND000941,43.6,F,European,European,,False,True,0.002454388681947929,0.9347518616322792,0.037617126543220726,0.025176150761355744,4.723811963443729e-07,0.9736788474337559
IND000942,32.9,F,South Asian,South Asian,,False,True,0.018528912814856167,0.12271985734667205,0.003975940828045034,0.4540352678356257,0.4007400211748012,0.13690806892555996
IND000943,55.9,F,South Asian,European,,False,False,0.004549567135645084,0.34389333183649545,0.04044609217378713,0.6029676108585691,0.008143397995503277,2.102914007015263
IND000944,79.0,F,South Asian,South Asian,,False,True,0.014771927903047401,0.03183195376424016,0.23130930660725862,0.6401610575236745,0.08192575420177943,0.2446306135413665
IND000945,33.3,F,European,European,East Asian,True,True,0.006635088661731008,0.5573346742570682,0.3312647179186494,0.08584744230174217,0.0189180768608092,0.15927223207796726
IND000946,49.8,F,South Asian,East Asian,,False,False,4.065308039411211e-06,1.326278713998646e-06,0.14274868896230664,0.7146941792250817,0.14255174022585818,0.09621797703050577
IND000947,38.1,M,European,East Asian,,False,False,0.00536175868252818,0.6316579675912933,0.29367888856178037,0.05032918090954536,0.018972204254852663,0.4691009399454993
IND000948,67.6,F,East Asian,East Asian,South Asian,True,True,6.480797589972601e-05,0.04535625625952534,0.6930420637333453,0.26121621510018933,0.00032065693104025395,-0.28604292130214204
IND000949,54.2,M,South Asian,South Asian,,False,True,0.00031145541495076963,0.0189572335600055,0.24554478193508553,0.7322035277053032,0.0029830013846551006,0.5442432439421245
IND000950,18.0,F,South Asian,South Asian,,False,True,0.42662988889998055,0.00025555771525073256,0.005974086961002399,0.5670316558291233,0.00010881059464299081,0.5430461419194805
IND000951,29.9,F,East Asian,African,,False,False,0.34655852216506466,0.10442836376053229,0.5307552918001319,0.01825265198409584,5.170290175200709e-06,-0.7675363782553215
IND000952,67.8,F,East Asian,East Asian,African,True,True,0.32911943574359964,0.0017201312793308052,0.3702879261879233,0.09702552250307885,0.20184698428606745,-0.870882811879555
IND000953,44.3,F,American/Indigenous,American/Indigenous,,False,True,0.00653668592482659,0.015489241807118298,0.05863145387360795,0.0002770210272395762,0.9190655973672076,1.169298221796366
IND000954,42.1,F,European,European,American/Indigenous,True,True,0.13259413453908273,0.4288839764306698,0.04658360698416576,0.0631954563099091,0.32874282573617253,-2.172163593429419
IND000955,51.7,F,South Asian,South Asian,African,True,True,0.32373790146402265,0.001958098982251467,8.739652196142841e-09,0.5488574588914992,0.12544653192257435,1.0325510515012981
IND000956,33.3,M,South Asian,European,,False,False,0.0854702332582949,0.14906745773057783,4.969891493125069e-06,0.6700165623997099,0.0954407767199243,0.19125926030948787
IND000957,60.0,M,American/Indigenous,American/Indigenous,,False,True,0.005922615427110342,0.0009312020840685049,6.959149518134544e-08,0.022518433222537274,0.9706276796747887,1.8816854361893527
IND000958,80.7,F,African,African,,False,True,0.9460204135056199,0.0020774975508581154,0.0029918452543796644,0.00038756462227356283,0.048522679066868836,-1.5670053691449568
IND000959,52.6,F,American/Indigenous,American/Indigenous,,False,True,0.11256283981989916,0.2537938699997465,0.26279616337065864,0.08901751910484251,0.28182960770485305,-0.3715435831580449
IND000960,48.8,M,East Asian,East Asian,,False,True,0.002375588566413638,0.00013237127117062144,0.9429929032693495,0.05422641409242522,0.00027272280064096985,-2.1113353247256477
IND000961,18.0,F,African,European,,False,False,0.6774143870189058,0.2841409098240027,0.03364321552127652,0.0040574152525152275,0.0007440723832999166,-0.7342590928802784
IND000962,47.7,M,East Asian,East Asian,,False,True,0.0539997586896546,0.11389361410715369,0.7587490426194495,0.05835571215758929,0.015001872426152816,-1.3877158752533945
IND000963,62.9,M,East Asian,East Asian,,False,True,0.02599002059089813,0.0029489995874050134,0.9409466998629762,0.02977171093179271,0.0003425690269279226,-0.027793684089024967
IND000964,43.0,M,East Asian,East Asian,,False,True,0.04653819289589014,0.08892463486071714,0.8084176359957453,0.0489778684796867,0.007141667767960486,-0.22999498901531057
IND000965,25.3,F,American/Indigenous,American/Indigenous,,False,True,0.04429917178542041,0.002883245433888474,0.0010588004703618859,0.23142035908400993,0.7203384232263194,0.621977985849783
IND000966,80.5,F,European,European,South Asian,True,True,0.018325682530799074,0.5273145786467682,0.09410887416050598,0.3370090442040521,0.023241820457874623,0.9959488173437115
IND000967,46.9,F,South Asian,South Asian,African,True,True,0.27476994622329676,0.0010378407977087252,0.03128385485014111,0.6848135037867754,0.008094854342078016,-0.6377571405168874
IND000968,45.8,F,East Asian,East Asian,,False,True,0.08210558036735749,0.1465831758298438,0.5117671412831283,0.20302047608517995,0.056523626434490645,-0.5979638253539425
IND000969,67.8,F,European,South Asian,,False,False,0.22098370427495598,0.4088968708061348,0.002926360915636344,0.34794760616596593,0.01924545783730692,0.251050038187959
IND000970,22.4,F,South Asian,South Asian,,False,True,0.2228662126540438,0.0038127650371012536,0.0008254012523146325,0.7694437704741296,0.003051850582410469,-1.235360979758169
IND000971,37.5,F,European,European,African,True,True,0.3137106833679917,0.6514283847000047,0.009572326289363118,0.0024661254947170516,0.022822480147923326,0.7689517660374279
IND000972,52.1,F,European,European,East Asian,True,True,0.08181613109383044,0.3452352369608315,0.2950969661024634,0.27725702234841754,0.0005946434944571089,1.743004830482267
IND000973,18.0,F,East Asian,East Asian,South Asian,True,True,0.007790248664279922,0.18900911326152167,0.44549424477360705,0.2892342949563522,0.06847209834423909,0.9715550357769405
IND000974,81.3,F,African,African,,False,True,0.7203207148041542,9.115907634692921e-05,0.08281437856895811,0.17858916201708033,0.018184585533460498,-1.4330058889700323
IND000975,81.1,F,East Asian,East Asian,,False,True,0.002982466967779744,0.0015297511512136091,0.39135965669227324,0.3716394177612422,0.23248870742749114,-0.6930038028517774
IND000976,72.9,M,American/Indigenous,European,,False,False,0.00014925934278187846,0.06152250343620626,5.3037016546428616e-05,0.23531382939143516,0.7029613708130303,0.2871340870994368
IND000977,38.6,F,African,African,American/Indigenous,True,True,0.598470120045907,0.03941508194618592,0.08216274275313896,5.439127986785714e-05,0.27989766397490007,-0.18631085582091064
IND000978,30.6,M,American/Indigenous,American/Indigenous,,False,True,0.00042378501179604963,1.6671568062520936e-05,0.10862604431272398,0.11261858391716591,0.7783149151902515,0.16257293277480314
IND000979,26.5,F,American/Indigenous,American/Indigenous,South Asian,True,True,0.014842160177281813,0.0013157060913628726,0.05225274349218668,0.2901876607910064,0.6414017294481623,-0.24119595918920644
IND000980,30.8,M,East Asian,East Asian,,False,True,0.0014869642769046577,0.051539170169694726,0.6425211708505029,0.006559911994268422,0.2978927827086293,-1.6576807628987333
IND000981,67.6,F,American/Indigenous,American/Indigenous,East Asian,True,True,0.0016610504730104265,0.01903099631639858,0.36714207537689936,0.14949427003998952,0.4626716077937021,-0.2894505937678281
IND000982,18.0,M,European,European,,False,True,0.060031924107251965,0.6580365481564165,0.2173202484894496,0.05751935644329408,0.007091922803587775,0.1888706863695554
IND000983,79.8,M,American/Indigenous,African,,False,False,0.01903427850618018,0.004077280824470509,0.061292426717122386,0.0032499703187671564,0.9123460436334597,0.9848269169286723
IND000984,50.9,F,African,African,,False,True,0.8997907547834232,4.4604410360596446e-06,0.009099084557749998,0.04525489334519475,0.045850806872595934,-0.3423594423201328
IND000985,47.4,F,South Asian,South Asian,American/Indigenous,True,True,0.09493051893963499,0.0028885915116726394,0.12923222012419658,0.4549343289289271,0.31801434049556887,-0.934893320085169
IND000986,74.0,M,South Asian,South Asian,,False,True,0.007487531931011439,0.00015278179558334925,4.96999434988571e-06,0.6557409982344399,0.3366137180446155,0.036653979374081255
IND000987,42.9,F,South Asian,South Asian,,False,True,0.3000682226495338,0.18893968045930465,0.0012772911892091595,0.4632932923849013,0.04642151331705111,-1.2178063860335218
IND000988,25.7,F,African,European,,False,False,0.9261575697358414,0.037298844278179456,0.016372169802853283,0.01877860809801842,0.0013928080851074176,-1.414177329158659
IND000989,43.0,F,European,European,,False,True,0.23179306040314598,0.6428748445481777,8.635607930452716e-05,0.0687400581868298,0.05650568078254205,1.405206120730321
IND000990,31.2,F,American/Indigenous,South Asian,,False,False,0.0013872871952545485,0.005779381757307161,0.02028023676156139,0.4310644845281929,0.541488609757684,0.89367302468076
IND000991,27.2,F,South Asian,South Asian,,False,True,0.13843783452015238,0.03347953726428099,0.015603496579076946,0.8007397264608567,0.01173940517563303,-0.1892958271711606
IND000992,38.1,M,East Asian,East Asian,South Asian,True,True,0.007466971154123479,0.08008601776823776,0.6105836938546353,0.30185483425924714,8.482963756533432e-06,0.4712354413585454
IND000993,64.2,M,African,African,,False,True,0.4124272730474961,0.20684750827779375,0.13687045986651503,0.00020769105177983717,0.24364706775641518,0.6886999710543451
IND000994,66.1,F,African,South Asian,,False,False,0.6486010297718373,3.269566178482274e-10,1.8044500730776608e-05,0.21056053599831978,0.1408203894021557,-0.014390724124086623
IND000995,43.0,M,African,African,,False,True,0.3785910493358489,0.2484482857573139,0.013222259550060993,0.0696622545634799,0.29007615079329624,-2.5651148097205554
IND000996,71.7,F,European,European,,False,True,0.001800125937518886,0.45726779607431384,0.35657376032559907,0.03431683314176331,0.15004148452080496,-0.48135503121539164
IND000997,52.3,F,South Asian,South Asian,,False,True,0.14292454055768863,0.00010332759429286254,0.00033271592933241455,0.7213842151088321,0.13525520080985412,0.27588764012883615
IND000998,70.7,M,African,African,,False,True,0.8396297907186953,0.012637821358139319,0.029629449428726605,0.004383318936198602,0.11371961955824024,-0.6836821489878088
IND000999,75.0,F,African,African,,False,True,0.5140090478838383,0.03216314984207015,0.24695833892944258,8.18396083510471e-05,0.206787623736298,-1.3521016954847733
IND001000,28.0,M,South Asian,South Asian,,False,True,0.09880213350305062,0.0014881050942933932,1.4608780617258846e-06,0.89970828612921,1.4395384249812834e-08,-0.1158687842685961
IND001001,69.1,F,African,African,,False,True,0.7297835211623677,0.0031381343327993223,0.07682587591098142,0.18797493143355457,0.002277537160296951,-0.5390102771861424
IND001002,51.5,M,African,African,,False,True,0.8370808056718251,1.3760723487555325e-06,0.15038317335316553,0.009094449853307278,0.0034401950493534125,-0.4617271876448774
IND001003,24.9,F,East Asian,East Asian,,False,True,0.004326195699230422,0.0014070496962071497,0.817517714189709,0.1767490387835727,1.6312806208774794e-09,-0.5818720420612976
IND001004,70.3,M,East Asian,Other/Unknown,,False,False,0.011015816590108354,0.0029238319580154833,0.9774270947811126,0.008396817391013568,0.0002364392797502102,-1.5451960211717064
IND001005,46.6,F,European,European,East Asian,True,True,0.10044763725060402,0.47040995189856033,0.4017223246299031,0.011946203912136792,0.015473882308795584,0.38886320899023963
IND001006,49.5,F,South Asian,South Asian,East Asian,True,True,0.14206724994139355,0.04439267470613066,0.2867544108960101,0.5253095470712184,0.0014761173852471847,-0.3381942897962064
IND001007,79.4,M,South Asian,South Asian,American/Indigenous,True,True,0.007946714167231004,0.00023903761349453918,0.0007974528311135954,0.7042322745604057,0.28678452082775513,-0.03850779322644515
IND001008,34.7,M,American/Indigenous,American/Indigenous,,False,True,0.017903531531865247,0.1386411471107888,0.09478587529245446,0.12183059695412987,0.6268388491107618,1.142698185587975
IND001009,21.0,F,East Asian,East Asian,African,True,True,0.398313429774206,0.00044189247096755347,0.4613001450976606,0.13982781934757732,0.00011671330958862942,-1.184019774217124
IND001010,43.8,M,American/Indigenous,American/Indigenous,,False,True,0.10725165632567495,0.19083580155102614,0.0004114173859412443,0.16377815735808107,0.5377229673792766,-1.281044946152996
IND001011,38.2,M,American/Indigenous,American/Indigenous,African,True,True,0.2533188516991119,0.03138685669171136,0.0020814107507356873,0.2279683577711124,0.4852445230873286,-0.42669825561654595
IND001012,79.6,F,American/Indigenous,European,,False,False,0.013187073529226384,0.4566222571801232,0.0003550825090490743,0.009059625554607495,0.5207759612269941,0.8086562377137703
IND001013,41.4,F,East Asian,East Asian,,False,True,0.15812225187222848,0.2806325160322516,0.4108314653896072,0.12426359748697018,0.026150169218942424,0.4382351604875877
IND001014,51.2,M,European,European,,False,True,0.15273154797757685,0.6179283361649703,0.024086803872075676,0.00023678892800568118,0.20501652305737134,-0.9321706726520016
IND001015,21.8,F,European,European,African,True,True,0.355393299795729,0.437842202384831,0.04859609448089128,0.15792926332549995,0.0002391400130485867,-1.3009247828131403
IND001016,22.0,F,European,European,,False,True,0.06893485190788032,0.5919092732367002,0.3386168283097527,0.00018695850285978157,0.00035208804280707415,-1.695101248926415
IND001017,26.6,F,American/Indigenous,American/Indigenous,,False,True,0.06882284687237958,0.008637602364953164,0.016072368174834244,0.01889993524655908,0.8875672473412739,0.613548993166358
IND001018,65.9,F,African,African,European,True,True,0.5418362822688942,0.3776508035564401,0.00040010843077721255,0.004252041417410399,0.07586076432647797,1.2762394014376393
IND001019,75.3,M,South Asian,African,,False,False,0.16100356508062666,0.06354118375686149,0.09752452460614283,0.6725852422600256,0.005345484296343481,0.6806151087683157
IND001020,25.6,M,East Asian,East Asian,,False,True,0.005642473449997212,0.08285084762058198,0.8131613234334512,0.09814394137069239,0.00020141412527742173,-1.305257867599086
IND001021,73.9,M,European,East Asian,,False,False,0.003270428800990237,0.7258318150853202,0.1348418545820455,0.13316830248580877,0.002887599045835156,-2.306880458021867
IND001022,69.1,M,East Asian,East Asian,,False,True,0.044697038157927894,0.0006441486889406951,0.742587675108874,0.017891695074596238,0.19417944296966105,0.12365815570255234
IND001023,36.4,F,South Asian,South Asian,European,True,True,6.97965010811849e-05,0.3053818623476579,0.2961479610984455,0.38657635596272394,0.011824024090091562,-1.502107901796785
IND001024,52.3,F,South Asian,South Asian,,False,True,0.10084675382192274,0.15109021941527268,0.2933067768122566,0.39371904766079807,0.06103720228975001,0.4689567448482175
IND001025,52.2,M,East Asian,East Asian,,False,True,0.20433226077719463,0.03701553696616811,0.5206814321393286,0.23690918952465273,0.0010615805926560322,-1.1456387471008802
IND001026,68.3,F,African,African,South Asian,True,True,0.5073389186837091,0.09705398620753188,0.025350783388310486,0.319459065984716,0.050797245735732625,-0.891188687706817
IND001027,52.9,M,American/Indigenous,African,,False,False,0.13069229022647175,0.008453788227302842,1.1118939445568091e-06,0.018669937564950966,0.84218287208733,0.9182352724151284
IND001028,66.6,F,East Asian,East Asian,,False,True,0.001357252757779229,0.08753620604812458,0.8899905685655595,0.019668840541660536,0.0014471320868762396,-1.2683953303177722
IND001029,30.5,F,European,European,American/Indigenous,True,True,0.009612237215657808,0.46395043858701956,0.009510099339193214,0.24860336853793116,0.26832385632019834,2.164081485521069
IND001030,83.5,F,South Asian,South Asian,,False,True,0.07304948159052246,0.01697859415895403,0.051035522163560235,0.49794620172489634,0.36099020036206697,-0.884843110326221
IND001031,23.0,F,European,European,,False,True,0.0032406218236037793,0.7719202712348016,0.009965637443389679,0.014524821208913848,0.20034864828929114,0.11180014221918123
IND001032,42.2,F,American/Indigenous,European,East Asian,True,False,0.000540582313148445,0.09192641691667344,0.31874268719400467,0.04113345766103975,0.5476568559151337,1.0167057071827947
IND001033,63.1,F,South Asian,African,,False,False,0.16482586362946602,1.9475733007617265e-06,0.0008901658607810539,0.8192841460897513,0.014997876846700862,0.06784302992272578
IND001034,27.8,F,European,East Asian,,False,False,0.00042341363213458543,0.814387887976045,0.147086633993413,0.038098092646177216,3.971752230112214e-06,0.2954785893983971
IND001035,85.0,F,American/Indigenous,South Asian,,False,False,0.10154423173147298,1.3145576616976e-05,0.0874859045320838,0.16569280594320768,0.6452639122166187,2.1755943294926925
IND001036,18.0,F,European,American/Indigenous,East Asian,True,False,4.314569542900924e-06,0.3624821726344807,0.31148952749660813,0.016777452647840606,0.30924653265152763,-0.20650146781458056
IND001037,71.1,F,European,European,,False,True,0.0299862142751577,0.6994707705761966,0.11693099219196272,0.1495584378763897,0.004053585080293385,-0.12689000627835711
IND001038,47.8,F,European,European,,False,True,0.21517334695456083,0.49792343474701317,0.02065993018203967,0.02029621472532222,0.24594707339106422,1.3434163604633655
IND001039,37.1,M,European,European,East Asian,True,True,0.0008180415392057564,0.5922014617931062,0.32040466867362305,0.08401668713517867,0.0025591408588863883,-0.12170250252704784
IND001040,78.0,M,American/Indigenous,American/Indigenous,South Asian,True,True,0.011036098869802436,1.929839945413013e-05,0.10198317938688806,0.43723949700045384,0.4497219263434016,-0.29932963993543565
IND001041,47.2,M,South Asian,South Asian,,False,True,0.039736802763247224,0.01767030939314081,0.07407649845158464,0.8584913748786874,0.010025014513339892,-2.981619037532485
IND001042,40.9,M,American/Indigenous,American/Indigenous,,False,True,0.25260835383238966,0.003006038306065391,0.07905229666689731,0.0019858072607088274,0.6633475039339389,0.9288133166760337
IND001043,55.4,M,European,African,South Asian,True,False,0.24363642219188647,0.4172847115730277,0.007334711752950111,0.3261699438444108,0.005574210637724849,0.5630437749744993
IND001044,58.2,M,African,African,American/Indigenous,True,True,0.47917772793779856,0.06532855419864537,1.0892175302986301e-05,1.1648542290850257e-05,0.45547117714596236,0.7763559119634531
IND001045,82.4,M,European,European,,False,True,0.19965826556828525,0.7535569327979629,0.037681897201442986,0.007564564117355757,0.0015383403149532274,-0.42579508401576727
IND001046,41.3,M,African,African,,False,True,0.5125267872821595,0.10493527595972664,0.3795993146511663,0.0028585107769963933,8.011132995113943e-05,-0.8315951135282789
IND001047,32.7,M,European,East Asian,,False,False,0.006305926464172266,0.5897158978312823,0.18009389968823902,0.223300625510195,0.0005836505061115005,0.9429721937979432
IND001048,36.4,M,East Asian,East Asian,,False,True,0.011689883293956042,0.07454868863065996,0.8484101497383915,0.06534073602572962,1.0542311262905628e-05,-0.793998455351541
IND001049,26.9,F,American/Indigenous,American/Indigenous,South Asian,True,True,0.03551648660597771,1.5470946046653578e-06,0.1682267507265941,0.37994106315913395,0.4163141524136896,0.9270468596618646
IND001050,72.5,M,East Asian,American/Indigenous,,False,False,0.004508522418751308,0.006610723163924708,0.5002264626832968,0.1035665700265757,0.3850877217074514,-0.010800613704594175
IND001051,23.1,M,South Asian,South Asian,,False,True,0.07574771646621958,0.22573866037336318,0.03281873955545953,0.5636876305505241,0.10200725305443371,-0.6300013962746134
IND001052,52.5,F,American/Indigenous,American/Indigenous,,False,True,0.08656759396586977,0.029629380718964805,0.03293346017969094,0.2988343159907227,0.5520352491447519,0.4869380520249471
IND001053,40.6,M,East Asian,East Asian,,False,True,0.09356459914794722,0.1692304968565377,0.6902651561691882,0.01460263978104346,0.03233710804528353,-0.7522656474027966
IND001054,29.7,F,South Asian,South Asian,East Asian,True,True,0.008573033995391284,2.787913619437849e-07,0.35727567118015296,0.4249161332192493,0.2092348828138444,-0.5908190465425989
IND001055,66.4,F,American/Indigenous,East Asian,,False,False,1.2337044116574423e-05,0.00013882899719440053,0.3419227864957858,0.010290711300651626,0.6476353361622517,0.9617406938281827
IND001056,38.2,M,East Asian,East Asian,,False,True,0.3476746269061351,0.00028367118857894986,0.5123092102238123,0.09833450706053252,0.041397984620941124,-0.705546897112232
IND001057,57.4,F,American/Indigenous,American/Indigenous,,False,True,0.09422221868272496,0.020664018018696956,0.006902504526595063,0.003107714394063267,0.8751035443779198,2.205432724577763
IND001058,80.2,M,European,European,,False,True,0.12015279309688888,0.5159001026902332,0.003376897469386386,0.3601702055259359,0.0004000012175555142,-0.5048821455370879
IND001059,41.5,M,African,African,East Asian,True,True,0.5188121227976834,0.009722215023514004,0.3747822737740519,0.09617743906824298,0.0005059493365078357,-2.0392477257506822
IND001060,40.5,F,European,European,,False,True,3.1952405984382803e-06,0.9934831381551346,0.001003225435493601,0.0047141115973466305,0.0007963295714266414,1.5591144267522008
IND001061,35.5,F,South Asian,South Asian,,False,True,0.020894194981040618,4.560090292769908e-07,0.00585673390754332,0.9463963722693846,0.02685224283300235,1.0045173511592362
IND001062,53.7,M,American/Indigenous,American/Indigenous,,False,True,0.016280154979919814,0.23929201814008855,0.06259358251589398,0.08550731487828546,0.5963269294858122,1.4164014180885935
IND001063,47.6,F,American/Indigenous,American/Indigenous,,False,True,4.6193450186941914e-05,0.001554678723768924,0.016939278045389302,0.005032706994253393,0.9764271427864014,1.0514760790448232
IND001064,64.5,F,European,African,,False,False,0.23806189766395952,0.6449239241242399,0.04712979082887953,0.03382388328099308,0.03606050410192798,2.651405141885336
IND001065,80.2,M,American/Indigenous,South Asian,,False,False,0.0006835949097278471,0.018405177747562496,0.004875153058018678,0.2911613686556098,0.6848747056290813,-0.23398083490457422
IND001066,81.2,M,American/Indigenous,American/Indigenous,,False,True,0.017850645859100553,0.0002300916022297364,0.005336074845056906,2.9133360760733604e-05,0.9765540543328521,0.23546924531439561
IND001067,18.0,M,African,African,European,True,True,0.47385077585647883,0.26369870627997044,0.0010534421116767721,0.004658212239847878,0.25673886351202607,-0.747824488002416
IND001068,78.0,M,American/Indigenous,American/Indigenous,African,True,True,0.34221411027350457,0.015049630042673515,0.014222647799485838,0.0542684109922713,0.5742452008920647,-0.43796194851137743
IND001069,55.9,M,African,African,,False,True,0.9740840967288963,0.007798435842836576,0.0011572940905850372,0.01688811450469275,7.205883298938968e-05,0.9463389531468631
IND001070,43.4,F,European,East Asian,,False,False,0.048241851904163,0.6351018108024269,0.3109468501934856,0.005663074412319354,4.641268760506718e-05,1.1818040395013032
IND001071,61.4,M,East Asian,African,South Asian,True,False,0.10994975503887111,0.15237179516537486,0.37412911668832116,0.359396835642261,0.004152497465171665,-1.9243252592010105
IND001072,27.9,M,European,African,,False,False,0.3866631049346034,0.4276967148927127,0.0013608018019020869,0.1033410771695409,0.080938301201241,-1.1585669639266858
IND001073,48.3,M,South Asian,South Asian,,False,True,0.19809876191765594,0.0010108443468554043,0.01583212222726029,0.7820790431350498,0.0029792283731785558,0.5347459596594949
IND001074,27.3,M,African,African,South Asian,True,True,0.6427803289792564,0.0863401526022908,0.005494871302400516,0.26485079534115535,0.0005338517748968179,0.08208642459340587
IND001075,35.4,F,South Asian,South Asian,African,True,True,0.41965429546034483,0.011587014862596468,0.008221837012358332,0.5358142797619303,0.02472257290276997,-0.4972098052555532
IND001076,68.7,M,European,European,American/Indigenous,True,True,0.1055755369116593,0.5306908815603119,0.09877568358677885,2.648398158912226e-06,0.2649552495430909,-0.43105300656568035
IND001077,49.1,M,European,European,American/Indigenous,True,True,0.07613842608635642,0.4487956552829578,0.11381125311852265,0.045314983246920224,0.31593968226524294,-1.0166324515461835
IND001078,59.3,M,European,European,East Asian,True,True,0.0011950547871659974,0.4340986284411766,0.32045710594586496,0.09389174154316744,0.15035746928262514,-0.3342925399099886
IND001079,35.4,F,East Asian,East Asian,,False,True,0.03734682498969383,0.08045265469112158,0.8543735120021303,0.007214315990832681,0.020612692326221666,-2.060321788742661
IND001080,21.0,M,African,African,American/Indigenous,True,True,0.45123547377686174,6.3057137566151585e-06,0.10360304251607712,9.654303247373412e-06,0.44514552369005705,0.04798888205820773
IND001081,56.4,F,American/Indigenous,American/Indigenous,South Asian,True,True,0.003509295840024563,0.05587434684483508,0.07468027070217975,0.3168226590650007,0.5491134275479599,1.7304867211953958
IND001082,25.3,M,South Asian,South Asian,European,True,True,0.2174030072029841,0.3452561484332135,0.08450308168463529,0.3526155203386531,0.0002222423405139343,-0.6705862311145663
IND001083,38.7,F,African,African,European,True,True,0.48454368707793677,0.3566217166872553,0.031799654706850866,0.024603814219571384,0.10243112730838556,0.7956928221456366
IND001084,28.7,M,American/Indigenous,American/Indigenous,,False,True,7.20365462444858e-05,0.004857705139110793,0.00014609195097850457,0.18854143588059577,0.8063827304830706,0.22255298751214692
IND001085,75.9,M,East Asian,East Asian,South Asian,True,True,0.08403638871220752,7.162340303655185e-05,0.5456067616876437,0.3701285646163844,0.00015666158072800965,-0.11252811944182095
IND001086,46.9,M,East Asian,South Asian,,False,False,0.06403947925503886,0.03649113734552955,0.4702678400907338,0.39387483174503146,0.0353267115636663,0.450474683226017
IND001087,67.2,M,South Asian,South Asian,,False,True,0.013411618659633525,0.1057402962000363,0.09096811359427034,0.7480227853991359,0.04185718614692377,0.6155053335809313
IND001088,63.1,F,American/Indigenous,American/Indigenous,South Asian,True,True,0.00203658553756027,0.028201571522160723,0.0027049658930479122,0.39929105247133556,0.5677658245758954,0.5201881327021601
IND001089,78.3,F,African,African,,False,True,0.8377549169682252,0.004941866607840901,0.00023704705739376652,0.1369494197823399,0.020116749584200094,-0.3612190836687488
IND001090,36.3,M,East Asian,European,,False,False,0.039104037357078736,0.4063191216156045,0.52707664460117,0.0036129358647622573,0.023887260561384408,-0.20926681527006918
IND001091,81.9,F,American/Indigenous,American/Indigenous,African,True,True,0.3119551261579628,0.049017588861142374,0.10833653562107341,0.0037596788964489314,0.5269310704633725,0.10522474687196473
IND001092,20.2,F,American/Indigenous,American/Indigenous,African,True,True,0.41950421958743234,3.038458893562921e-07,0.0065894815271563545,0.1292377895298937,0.4446682055096282,-0.428106217542636
IND001093,37.4,M,American/Indigenous,African,,False,False,0.30806928189357313,0.04520798488152981,0.072732635901207,0.25015652738803035,0.32383356993565976,0.27426326216743274
IND001094,61.7,F,American/Indigenous,American/Indigenous,East Asian,True,True,0.036911573243662836,0.003375165299949949,0.38948725687747704,0.004126481918136798,0.5660995226607732,-0.12352366824459968
IND001095,62.2,M,South Asian,South Asian,,False,True,0.0004239533030308421,7.955198756597375e-05,6.6986967341664955e-06,0.8244322138964846,0.17505758211618463,-1.3357543738238924
IND001096,34.1,F,European,European,,False,True,0.1586571547024011,0.5877360947532786,0.16071641289002336,0.020399339392716254,0.07249099826158079,-1.6128119766857547
IND001097,84.1,F,East Asian,East Asian,American/Indigenous,True,True,0.041358895272523885,0.04193235501459239,0.6602631287796367,0.0003524391037746038,0.25609318182947244,-2.330442992147459
IND001098,49.8,M,African,African,,False,True,0.8478244940005015,0.016200631907245636,0.09636988778279644,0.03960201719135176,2.9691181045668185e-06,-0.2906914415320994
IND001099,32.8,F,American/Indigenous,American/Indigenous,South Asian,True,True,4.7674494875416977e-05,0.06005731186760994,0.11012120487423308,0.3117802271801649,0.5179935815831166,0.42025427719827874
IND001100,59.1,M,East Asian,East Asian,,False,True,0.10929417992078089,0.01685342181018536,0.8026691810982363,0.016930719912573926,0.05425249725822341,-1.0327025850906917
IND001101,27.0,M,African,African,American/Indigenous,True,True,0.6645198962649276,0.008892569258610619,0.00962240412699666,0.0018766269990799498,0.3150885033503852,-0.27609250433114013
IND001102,72.3,M,American/Indigenous,American/Indigenous,,False,True,0.053843279667315794,0.16799444937693842,0.05289213043705132,0.012008033484595566,0.713262107034099,-0.05077613732682196
IND001103,53.3,F,African,African,,False,True,0.5274488020132039,5.671857874464287e-05,0.013833009606742485,0.44641860131335903,0.012242868487949943,-0.91898416914349
IND001104,18.0,M,European,American/Indigenous,South Asian,True,False,0.00647050116853876,0.49764301052629434,0.10410435055028515,0.30710836978147554,0.08467376797340627,-0.520311360503001
IND001105,68.7,M,European,European,,False,True,0.1586467739123828,0.6619645241355337,0.0010596732939032192,0.0009144958417510715,0.17741453281642913,0.5709169773905886
IND001106,53.6,M,East Asian,East Asian,,False,True,0.02135118276257506,0.0032052854975328634,0.839406870763952,0.0017836168758991993,0.1342530441000409,-1.4729523044858612
IND001107,20.5,M,East Asian,East Asian,,False,True,0.03289483207622423,0.13874520166087626,0.4794184743143542,0.3186606042393357,0.03028088770920955,0.21379931803361107
IND001108,36.7,F,European,European,East Asian,True,True,0.06833895830263692,0.5578741792213682,0.2823398874857413,0.0020005628459125275,0.08944641214434117,-0.15762595663271228
IND001109,77.4,M,East Asian,European,,False,False,0.020688059428548167,0.17704734059058536,0.793620891550178,0.0012825797592054913,0.007361128671482903,-0.3388499694654059
IND001110,70.0,F,East Asian,East Asian,,False,True,0.0067709716807191735,0.018289987912333022,0.827890629321378,0.00656148772324613,0.14048692336232355,-1.2095798026564064
IND001111,54.4,M,South Asian,South Asian,African,True,True,0.3707212212457731,6.09922758585937e-05,0.059421406726364236,0.5697932703529116,3.109399092499222e-06,-1.279254440079785
IND001112,50.3,F,American/Indigenous,American/Indigenous,,False,True,0.0079520438020447,0.3487403886887057,0.22738789283468308,7.183990280262635e-05,0.415847834771764,0.6657897035879909
IND001113,35.4,M,African,African,,False,True,0.7969703981502577,1.930587378214801e-15,0.00938591590081279,0.1896820407165158,0.003961645232411763,0.7486352524420627
IND001114,38.7,F,East Asian,East Asian,African,True,True,0.2734884643368851,0.15404708807940454,0.542786507412408,0.0001393189481151305,0.029538621223187112,-0.7455692654052151
IND001115,66.8,F,European,European,African,True,True,0.36777012519802754,0.5443056702992934,0.008504544594025491,6.595409697251799e-05,0.07935370581168094,-0.4971222267501546
IND001116,69.6,M,South Asian,South Asian,,False,True,0.013811852281868976,0.002292909942172815,0.0186861035659541,0.9321950182841586,0.03301411592584541,1.472906506609085
IND001117,39.8,F,European,European,,False,True,0.09332828833298325,0.542436895151695,0.3640393888211091,0.00012219046890569915,7.323722530717857e-05,1.252270453988271
IND001118,81.9,M,European,European,,False,True,0.09324279087916436,0.44749144386347445,0.29730184918572033,0.10157481130593944,0.060389104765701425,0.34502240540831663
IND001119,36.6,F,European,European,African,True,True,0.42122112187788113,0.4616907380386816,0.012647684116006759,0.10321473439346145,0.001225721573969156,0.8692523941756112
IND001120,34.9,M,East Asian,East Asian,,False,True,0.18869029414047142,0.09085213502766509,0.3445828775001158,0.07774065685888301,0.2981340364728646,-0.030708217802113913
IND001121,31.5,F,South Asian,South Asian,,False,True,2.512903588270634e-07,9.27218003772194e-05,0.2125960309419306,0.7867004010794594,0.0006105948878740747,0.37769249204023575
IND001122,81.2,M,American/Indigenous,American/Indigenous,,False,True,0.1376051001312936,0.011852240695271845,0.15809242447914776,0.0095013159092465,0.6829489187850404,-0.402842664076957
IND001123,85.0,M,American/Indigenous,American/Indigenous,African,True,True,0.3504059222005163,0.00035176406456062726,0.025204691594111726,0.0003574173399379703,0.6236802048008734,0.02170235906350898
IND001124,23.6,M,African,African,,False,True,0.8078125957414705,0.015440811105374092,0.11319136840353769,0.0028206162978844282,0.060734608451733285,-1.7492360474116164
IND001125,64.3,M,South Asian,South Asian,,False,True,0.024370248912224207,0.31185376401028925,0.0186328770989552,0.6326186210070635,0.012524488971468064,1.5371585420880414
IND001126,25.0,M,American/Indigenous,American/Indigenous,,False,True,0.1348613500904509,0.00020586807939447857,0.010722231371562406,0.022229303412825228,0.831981247045767,1.626068560464586
IND001127,49.3,F,European,European,,False,True,0.00014674400098792825,0.6957187494113561,0.01058288787966563,0.13671351230190393,0.1568381064060863,-0.8002364341598455
IND001128,21.8,M,European,East Asian,,False,False,2.266590240952965e-06,0.6491548883592241,0.3359482238998765,0.013779946615812375,0.0011146745348460728,-0.9277048254543983
IND001129,65.3,F,East Asian,East Asian,,False,True,0.016122961874185972,0.0034325842103728513,0.7239550447073209,0.25639526559755577,9.414361056440505e-05,-3.0789834364948856
IND001130,78.3,M,East Asian,East Asian,American/Indigenous,True,True,0.0019674776095800492,0.08843569656744077,0.5132439832506834,0.01826192869596248,0.3780909138763333,0.24990390952841762
IND001131,52.6,F,South Asian,European,American/Indigenous,True,False,0.03366985439170404,0.061238389967942,0.0063179080246261255,0.5607358069195952,0.3380380406961325,1.3988320514132648
IND001132,76.8,M,American/Indigenous,American/Indigenous,,False,True,0.4542758785528357,0.03428793541585248,4.9591721473627206e-05,0.014154998176367676,0.4972315961334705,-0.14153210747849884
IND001133,66.9,F,East Asian,East Asian,American/Indigenous,True,True,0.003831499396170553,0.013407546379673256,0.6344624458044411,0.003325319744892241,0.34497318867482274,0.1442642404648944
IND001134,51.7,M,East Asian,East Asian,American/Indigenous,True,True,0.02947850419919224,0.23069235164657728,0.4617521649814032,0.0020752131426227355,0.2760017660302047,-0.03477370589277806
IND001135,44.5,F,African,African,American/Indigenous,True,True,0.675843514610203,0.011873301307269022,0.00535650576344843,0.04412520834559111,0.26280146997348847,0.36501693223752696
IND001136,36.4,F,European,American/Indigenous,,False,False,0.24962027288269178,0.5063953065847271,0.00017882973067141915,0.008754497306665795,0.2350510934952439,2.3960667243192684
IND001137,23.6,M,East Asian,East Asian,American/Indigenous,True,True,0.004974254879391964,0.05184681232816007,0.3855514859287014,0.2257889260263534,0.3318385208373932,0.13712785586466228
IND001138,41.8,F,South Asian,South Asian,,False,True,0.32857241940864457,0.07174220588551625,0.10508200881955841,0.4935511897682133,0.0010521761180675917,0.06710511218470307
IND001139,48.4,M,African,African,American/Indigenous,True,True,0.4646894234851336,0.05107646229747051,0.02776359197853463,0.08129776521622105,0.3751727570226402,1.1413644430832381
IND001140,58.8,F,South Asian,South Asian,,False,True,0.07046679092905035,0.0002814393199837631,0.22471069614303263,0.7039332784372931,0.0006077951706401473,-0.7877056643457888
IND001141,84.8,M,American/Indigenous,American/Indigenous,,False,True,0.0007760357102373364,0.0004680071185759628,0.21741772037331147,0.048640695585250304,0.732697541212625,0.39379658435589693
IND001142,63.9,F,European,European,,False,True,0.16888146459613865,0.4105114513148976,0.18786426156723332,0.021550293898656706,0.2111925286230737,-0.23522995354243123
IND001143,47.9,F,American/Indigenous,East Asian,,False,False,0.13018694659553376,0.00025180073335152886,0.21487524487534457,0.00021073182351801534,0.6544752759722521,1.8792712432106238
IND001144,85.0,M,South Asian,South Asian,,False,True,0.10293971428661913,0.1548135551644066,0.04586652635077841,0.48042699840753367,0.2159532057906622,0.09793294913762823
IND001145,18.0,F,European,European,East Asian,True,True,0.13527937479256297,0.44377206592769086,0.28654781715012095,0.008160040993424995,0.12624070113620023,0.4824904779414957
IND001146,42.1,M,South Asian,South Asian,American/Indigenous,True,True,0.08831146173985027,0.21606846687862172,0.005846832265558175,0.3457609688340989,0.34401227028187076,-2.313704692890804
IND001147,48.7,F,European,European,South Asian,True,True,0.011464487014081043,0.58598112478541,0.01656503862474823,0.35989664864969734,0.026092700926063306,0.5365613201005092
IND001148,18.5,F,European,European,South Asian,True,True,0.012998737027529052,0.46955271736085247,0.22321592058462478,0.29224131601630776,0.0019913090106858733,-0.39710623595408145
IND001149,24.8,F,American/Indigenous,Other/Unknown,,False,False,0.0030295193517985005,0.3781692718140268,0.02014147047134259,0.0006668455913541728,0.5979928927714779,-0.11682935009079731
IND001150,82.9,M,African,African,,False,True,0.7877693420742307,0.08841442590296955,3.9822137605598506e-07,3.256201472955102e-05,0.12378327178669425,-1.9378629813489272
IND001151,85.0,F,South Asian,South Asian,,False,True,0.14937569667022466,0.021239745677269585,0.22497982842907038,0.6010685743553025,0.0033361548681328157,0.0971450857848184
IND001152,79.4,M,South Asian,South Asian,,False,True,0.12088338940690048,0.2361330925985016,0.02972753043917928,0.6130383302171595,0.00021765733825915656,0.009461879653452257
IND001153,73.5,M,East Asian,East Asian,,False,True,0.08316101990548831,0.3305953210307938,0.5861114516459835,2.4616912122061563e-06,0.00012974572652208193,0.5968201318301032
IND001154,66.3,M,American/Indigenous,American/Indigenous,,False,True,0.16282108339662918,0.0003620778104638493,0.0858350862687141,0.024182913520585395,0.7267988390036075,0.18388324748934484
IND001155,36.6,M,European,European,American/Indigenous,True,True,0.20863748423901532,0.4084742760330621,0.023786572304346228,1.532220969301819e-12,0.3591016674220442,-0.05576026931244607
IND001156,75.3,F,American/Indigenous,American/Indigenous,,False,True,0.12373522161211364,0.1537624999337419,0.00030792830782102107,0.02092391749470211,0.7012704326516213,1.7947157629577817
IND001157,39.3,M,East Asian,East Asian,,False,True,0.004922781882728019,0.03146492486193137,0.7598078773173792,0.19928527770865873,0.004519138229302702,-1.0558969709891386
IND001158,64.6,M,South Asian,South Asian,,False,True,0.22493538844605268,0.061731418488466784,0.1280815363952678,0.3971525248973981,0.1880991317728146,1.2446042229618148
IND001159,38.1,F,South Asian,South Asian,,False,True,0.05399564575553311,0.003536730097465878,0.011284278848229046,0.9311787963334287,4.548965343262843e-06,-0.35952109875437466
IND001160,38.4,M,African,African,East Asian,True,True,0.5185192759785547,0.004430180016518225,0.45829865656357005,0.017676770427836386,0.0010751170135205818,-0.6767018115464063
IND001161,69.6,M,East Asian,East Asian,European,True,True,0.0019675903503802387,0.42293378677525095,0.5098623744707265,4.177989927710463e-10,0.06523624798584333,0.49635939749032937
IND001162,31.8,M,East Asian,East Asian,,False,True,0.20769832053366996,0.0003116728615791457,0.7286461349210457,0.04775110874426676,0.015592762939438334,0.04679418898943222
IND001163,57.6,F,South Asian,South Asian,,False,True,0.08383891133599532,0.00024371242721872618,0.008783316091709518,0.690929197636082,0.21620486250899454,0.34677459954255807
IND001164,79.7,M,South Asian,South Asian,African,True,True,0.37504559654428754,0.00023765534595629568,0.03340717338531274,0.590000076933769,0.0013094977906742864,-0.7099211827467248
IND001165,60.7,M,East Asian,East Asian,,False,True,0.3303737869741296,0.10980253788244174,0.4617103927577633,2.5337487339379477e-08,0.09811325704817798,-0.716831849060343
IND001166,39.9,M,South Asian,South Asian,American/Indigenous,True,True,0.00012387151326571648,0.06987334692120495,0.11813512483801984,0.4810491224010031,0.3308185343265064,0.7914237427410425
IND001167,53.4,M,American/Indigenous,American/Indigenous,,False,True,0.012423391129320572,0.085522406502868,0.14453269144041747,0.0437185219303584,0.7138029889970355,0.6191168939835462
IND001168,18.0,F,African,South Asian,European,True,False,0.4103904497678142,0.2965083848536344,0.19558075198988772,0.07415161112738557,0.023368802261278,0.33353731545661425
IND001169,24.0,F,East Asian,East Asian,,False,True,1.8401988931521114e-05,0.0009027468372816667,0.998446749931183,5.894123942720445e-05,0.0005731600031767148,0.08529964546796176
IND001170,23.4,M,American/Indigenous,American/Indigenous,,False,True,0.0231400845800867,0.014397030901311376,0.015778498373072155,0.12778846964887147,0.8188959164966582,-0.36530039968889016
IND001171,72.7,F,European,European,,False,True,0.11990854033719116,0.6443122605189036,0.104137474769817,0.11606413964419449,0.015577584729893769,0.30018898210682
IND001172,56.7,M,American/Indigenous,American/Indigenous,,False,True,0.20531568513237788,0.0019145130639946456,0.018039213223361102,0.2032580574167208,0.5714725311635455,-0.8156363970201223
IND001173,59.9,F,South Asian,South Asian,,False,True,0.0004890789804591938,0.1997796607394876,0.2511711392619704,0.5485394561149041,2.0664903178640608e-05,-1.8092122495424483
IND001174,38.9,F,African,African,American/Indigenous,True,True,0.4291658426121671,0.01222256026908661,0.02067376139548702,0.17576855678521272,0.36216927893804657,-0.7109967853882213
IND001175,46.3,F,African,African,,False,True,0.7152896013994494,0.10415549622528535,0.11988262808302416,0.06066876969912112,3.504593119950438e-06,-0.733269108805304
IND001176,33.5,F,European,South Asian,,False,False,0.14092764993529747,0.5816819717372609,0.00442633666125734,0.22870241413172643,0.04426162753445789,1.3332888749235534
IND001177,75.7,M,African,Other/Unknown,,False,False,0.3940518272054763,0.33670395556504124,0.08114078319203429,0.18810220851165269,1.225525795349975e-06,-0.49842288259406187
IND001178,49.1,F,African,European,,False,False,0.6045400516171545,0.316741966308991,0.02694810070597805,0.010551458654330392,0.04121842271354595,-1.8325971364309253
IND001179,85.0,M,South Asian,South Asian,,False,True,0.007319557173011361,0.21186867149609168,4.959450542823846e-05,0.7799237964630141,0.0008383803624545313,-0.5304643163547753
IND001180,47.4,M,European,European,,False,True,0.19778693986245344,0.423751519740205,0.04318964271821849,0.33271759122007477,0.00255430645904838,0.8132483325234556
IND001181,18.0,M,East Asian,East Asian,,False,True,0.05086706520117101,0.006108598381576587,0.8349400200903732,0.07358934017953872,0.034494976147340456,-1.0420873461182931
IND001182,30.5,F,East Asian,Other/Unknown,,False,False,0.057625322488383465,4.13217956281621e-06,0.6059850968572135,0.29669289005454486,0.03969255842029541,0.17413389387373468
IND001183,18.0,M,African,African,,False,True,0.8579897255025216,0.00014361311763013302,0.1361820655597127,0.005669442733425387,1.5153086710086704e-05,-0.169547479690128
IND001184,54.1,M,African,African,,False,True,0.5204844257676047,0.2173422177247458,0.07725696361936524,0.017589728131611228,0.16732666475667304,0.38182333531821255
IND001185,57.8,M,American/Indigenous,American/Indigenous,,False,True,0.35946011841171976,0.22744143774947784,0.029307277544867266,0.0004957840096004948,0.38329538228433446,-0.4306634030404236
IND001186,33.5,M,African,African,American/Indigenous,True,True,0.5967925675674797,0.009656851707567048,0.0052786138862056485,0.05190370481453299,0.33636826202421455,0.7593473499945332
IND001187,69.3,F,South Asian,South Asian,African,True,True,0.43847522004398687,0.03595072074078979,0.0015039088581624454,0.5212129951185278,0.0028571552385329973,0.022811928390678686
IND001188,28.1,F,European,African,,False,False,0.21931114259856943,0.5922764466306064,0.10766750923318062,0.012805649375684753,0.0679392521619587,1.016047878978263
IND001189,57.7,F,American/Indigenous,American/Indigenous,,False,True,0.0017207528693701723,0.030772027279758942,0.010383233083564465,0.17406266363933492,0.7830613231279714,0.42296465164890606
IND001190,72.5,F,European,European,South Asian,True,True,0.0011233134549321865,0.7277233701311648,1.4014199112971419e-06,0.2711509856213414,9.293726502834326e-07,0.9014334233959498
IND001191,56.1,M,African,African,,False,True,0.7457129775829683,0.10396122880953311,0.0005083259274969557,0.032120708287196174,0.11769675939280547,0.9160792599102098
IND001192,35.8,M,East Asian,East Asian,,False,True,0.0025147609261521966,0.09016224558876976,0.7577502635499146,0.13986536551028017,0.009707364424883244,-1.1916600899899268
IND001193,83.2,M,East Asian,East Asian,European,True,True,0.022799539688134716,0.3120003333502946,0.6011284115349189,0.06404114737498438,3.056805166740204e-05,0.5346585240411428
IND001194,45.2,F,African,African,,False,True,0.7338996510262682,0.02958381307168382,0.16045394424483142,0.005779034596950382,0.07028355706026611,-0.5747896931894336
IND001195,21.9,F,South Asian,South Asian,East Asian,True,True,0.18547548687969184,0.0037525200692943286,0.34845897392738273,0.3853619310138886,0.07695108810974242,0.02955877093893977
IND001196,67.2,F,European,European,,False,True,0.1352467862180593,0.5955713558770528,0.0001656814221118182,0.09968320886026466,0.1693329676225115,1.2129809771324092
IND001197,73.1,M,European,European,American/Indigenous,True,True,0.03492322208816733,0.6135983044834923,0.00517385682704288,0.01145115911656599,0.33485345748473155,0.47963753229337913
IND001198,58.5,F,American/Indigenous,American/Indigenous,European,True,True,0.059312978701195555,0.41965023168812277,0.029640235342755415,0.043861191799726654,0.4475353624681995,0.7836683690479709
IND001199,28.3,M,European,European,East Asian,True,True,0.02390106274531692,0.4186733010359726,0.39945017436469415,0.019482009764407122,0.13849345208960917,-0.37785828117940407
IND001200,63.9,F,American/Indigenous,African,,False,False,0.2874444237534141,0.027065117176017034,0.05708141257595071,0.007418674740004727,0.6209903717546135,0.08530733121529738
IND001201,38.8,F,European,European,,False,True,0.04897918599391736,0.6356413996409505,0.16142391317891117,0.15004113950634546,0.003914361679875497,1.4566629519091296
IND001202,24.4,F,American/Indigenous,American/Indigenous,,False,True,0.012104028645460771,0.007300047875724685,0.12900780374857407,0.19154071130276057,0.6600474084274799,-0.9789902588929724
IND001203,83.4,F,American/Indigenous,American/Indigenous,,False,True,0.01405397547626744,0.053517833241879136,0.06720446080855026,0.01202793593331793,0.8531957945399852,-0.2878549468878525
IND001204,57.4,M,East Asian,East Asian,African,True,True,0.38305081104423583,0.0007321937438647147,0.41401139294994954,0.003088946043053844,0.19911665621889588,1.2012805489948044
IND001205,71.2,F,East Asian,East Asian,,False,True,0.10010595559135547,0.29989133795225653,0.5156940772963355,0.08430862205664415,7.103408205805085e-09,0.0035718486351405954
IND001206,44.3,F,American/Indigenous,American/Indigenous,,False,True,0.001631353619210308,0.16020439712250584,0.13120719743653056,0.14613262662563928,0.560824425196114,0.05456336450470573
IND001207,77.5,M,East Asian,East Asian,American/Indigenous,True,True,0.025046324114387983,0.0105813269503151,0.5619724269511558,0.1457102972846834,0.25668962469945766,-0.40243287107122505
IND001208,57.6,F,South Asian,South Asian,,False,True,0.20971852778483896,0.0011509739300519357,0.1686619883883791,0.588201981296871,0.032266528599859165,-1.259525822928274
IND001209,67.6,F,African,African,European,True,True,0.6822433675757726,0.28626222060028406,0.025200140351960717,0.002882238107285253,0.0034120333646974186,-1.3611430483351916
IND001210,66.1,F,South Asian,African,,False,False,0.12993606736249524,0.006428098001750529,0.0048272049707196235,0.8522575935585895,0.006551036106445267,1.6881384773359471
IND001211,79.3,M,European,American/Indigenous,,False,False,0.10211113301492174,0.7547549723941336,0.005730314982032694,0.001964872160637643,0.13543870744827438,0.7873344456403066
IND001212,54.0,M,African,African,,False,True,0.8972815378336948,0.00013311588069436127,0.09916652845476308,0.0033135265770587053,0.00010529125378908445,0.2988769150643577
IND001213,49.5,M,East Asian,American/Indigenous,,False,False,0.00024724675101626964,0.1859806101946314,0.6305335433988348,0.11411960090905701,0.0691189987464605,0.1901526461382687
IND001214,77.5,F,American/Indigenous,American/Indigenous,,False,True,0.0251604666247017,0.20912349303636793,0.00019260679277552454,0.23912782816117228,0.5263956053849825,-0.34331510830473966
IND001215,66.1,F,South Asian,South Asian,,False,True,0.0039168670852320914,0.21069123429306086,0.16644273684215444,0.5967783938995441,0.022170767880008404,-0.48502458568891565
IND001216,24.5,M,American/Indigenous,American/Indigenous,,False,True,0.0014155568915689384,0.1274184887334674,0.3132775661573435,0.05733409861140763,0.5005542896062126,-0.41862658871628045
IND001217,53.9,M,American/Indigenous,American/Indigenous,South Asian,True,True,0.195752742862701,5.025270092728604e-07,0.18135511444308283,0.2907366765664418,0.332154963600765,-0.5412264585292276
IND001218,56.5,F,South Asian,South Asian,East Asian,True,True,0.0010955400742770128,0.21599892468686047,0.3404570733450555,0.43249602407475296,0.00995243781905414,-0.11232998112617554
IND001219,43.7,M,African,East Asian,,False,False,0.3820532353858904,0.2628362546538534,0.2867521470375487,0.06834781225238436,1.0550670323148248e-05,0.8108888885008234
IND001220,78.1,M,African,African,American/Indigenous,True,True,0.5845728420573721,0.025044218322769644,0.03367166977721329,0.08134352187322454,0.27536774796942043,0.09358417745626113
IND001221,46.4,F,European,European,,False,True,0.21989091352822426,0.4162413124567014,0.005285102438573852,0.1701759133176385,0.1884067582588621,0.26159045369037925
IND001222,23.3,M,African,African,,False,True,0.7889331796714153,0.1229466342582546,0.0063900219210153006,0.0011112993857241404,0.08061886476359066,0.8382842481635154
IND001223,44.9,F,American/Indigenous,American/Indigenous,,False,True,0.09012747010316331,0.12832620858528077,0.09061838668931375,0.004339198652111673,0.6865887359701305,-0.943647376200689
IND001224,73.0,M,European,European,East Asian,True,True,0.22784126183438164,0.33651512250221827,0.2866627475110422,0.13606586739513266,0.012915000757225174,-0.0675651719919132
IND001225,69.8,M,East Asian,East Asian,,False,True,0.16968133968678956,0.13625202417761928,0.5075961763989151,7.449954479224804e-05,0.18639596019188392,-0.6091216868478548
IND001226,65.1,M,American/Indigenous,American/Indigenous,European,True,True,0.029712828882968823,0.3221014242879846,0.2548117129438231,0.017683335824741804,0.37569069806048166,0.08626603178647621
IND001227,85.0,M,South Asian,South Asian,,False,True,0.1339847601209832,0.0830782563362918,0.011531215953815892,0.7588407415309202,0.012565026057988989,-1.1054854897360595
IND001228,72.8,F,American/Indigenous,East Asian,,False,False,0.021404982042031562,4.517212694360404e-05,0.03750080057070425,0.035266419331715114,0.9057826259286055,1.0860295195234035
IND001229,76.5,F,East Asian,East Asian,South Asian,True,True,0.1132842388472244,0.0017194569205294333,0.5412044471017927,0.3403883854730941,0.0034034716573592984,-0.3646780348371603
IND001230,48.7,M,American/Indigenous,American/Indigenous,,False,True,0.047618026497946095,0.04746199659828564,0.13334642057270604,0.003446741940099176,0.7681268143909631,-0.8320505460372148
IND001231,83.8,F,American/Indigenous,South Asian,,False,False,0.21820124132677604,0.017966396946592467,0.0813092631526161,0.15867617922856134,0.523846919345454,1.2383617795177249
IND001232,35.8,F,European,European,South Asian,True,True,0.009840214304831571,0.614568854146806,0.004580427455684024,0.3286883817785083,0.04232212231417011,1.3881784897137388
IND001233,32.3,M,African,African,,False,True,0.6794797192022286,0.06331704847047907,0.08841887160642448,0.039192997123782866,0.12959136359708495,-0.11899700959158413
IND001234,61.1,F,American/Indigenous,American/Indigenous,South Asian,True,True,0.154831289593833,4.570077289333479e-09,0.006784234507686091,0.31532808145812846,0.5230563898702751,0.44468534389749215
IND001235,70.2,M,European,European,American/Indigenous,True,True,0.003147745560417927,0.5129086806934866,0.04073919392032451,0.046793614525289774,0.39641076530048125,1.2462535903105494
IND001236,35.9,M,European,European,,False,True,0.05321204931779154,0.9010844451002918,0.022152091983960762,0.023551392795158672,2.0802797208584973e-08,-0.8618717908563609
IND001237,69.8,M,European,European,East Asian,True,True,0.004025081126567905,0.4569549092881456,0.41930804556713414,0.11913585409361249,0.0005761099245399106,-0.06206906692426334
IND001238,30.6,F,African,African,,False,True,0.5360376160142093,0.38221198600226536,0.0003001592589412024,0.06308508772673113,0.018365150997852877,0.602241209738178
IND001239,75.6,F,European,European,,False,True,0.007325972744816759,0.913163484205899,0.04076501515329405,0.03584587919038037,0.002899648705609869,0.6115842113087517
IND001240,24.2,M,East Asian,East Asian,European,True,True,0.0009784746450759844,0.35700101693763603,0.37407120000191885,0.10308622503431938,0.16486308338104985,-0.1913404897295401
IND001241,67.8,M,European,African,,False,False,0.17939163697946783,0.5530937932082491,0.14880782639352477,0.1151930577317703,0.003513685686987863,-1.0594595841217198
IND001242,53.6,M,East Asian,East Asian,South Asian,True,True,0.12126797914999898,0.003391722390485199,0.5906321201164038,0.28469100570780315,1.717263530876775e-05,0.24776612026579076
IND001243,65.2,F,African,African,,False,True,0.8531681148129976,1.623713910378808e-05,2.542154889830366e-06,0.000931860054590851,0.14588124583841794,-0.2991129340707325
IND001244,49.1,F,African,African,,False,True,0.7133735062379304,0.029183633052942855,0.008793492145537898,0.2357970329424628,0.012852335621126126,0.04637289250746479
IND001245,48.5,M,American/Indigenous,African,,False,False,0.26955694957190607,0.007453821657129735,0.0357252965656141,0.014939583939887476,0.6723243482654626,1.4711308794962683
IND001246,36.2,M,East Asian,East Asian,,False,True,0.004207337115767858,0.003997875273165824,0.6740339415647585,0.1954562416906817,0.12230460435562611,0.32346539529215146
IND001247,34.3,M,South Asian,American/Indigenous,,False,False,0.12871800838546402,0.011732137883849025,0.01192882431932423,0.6997819187658907,0.14783911064547206,0.6756503258369503
IND001248,53.2,M,South Asian,South Asian,,False,True,0.0832546873394393,0.3943588102299478,0.01957133728324622,0.5017256825913111,0.0010894825560556383,1.3964988786364492
IND001249,72.0,F,American/Indigenous,European,,False,False,0.07530562894974352,0.3157867940489008,0.22483801105102533,0.0015441346469636282,0.38252543130336675,-0.4388986310748908
IND001250,39.9,F,European,European,,False,True,3.0292872790253416e-07,0.7967440600718816,0.18067601933437652,0.0002647084876123279,0.022314909177401653,-0.45371416952018173
IND001251,73.5,M,European,European,South Asian,True,True,0.21058824841371596,0.3298024598984953,0.0008245732983943628,0.3215878011662063,0.1371969172231882,1.3467769595597938
IND001252,53.5,M,South Asian,South Asian,East Asian,True,True,7.193021016835375e-06,0.05829159516082099,0.26273347853906254,0.6780551499340388,0.0009125833450606883,-0.3915513504501045
IND001253,55.6,M,African,African,,False,True,0.6583924691473504,0.1878848787789165,0.0002006508455285115,0.1524187169262464,0.001103284301958123,-0.46571421134338753
IND001254,32.7,F,American/Indigenous,American/Indigenous,South Asian,True,True,0.05463595105706118,0.14699917723924621,0.003974164122448828,0.3361922008572992,0.45819850672394463,0.1034114478212145
IND001255,37.1,F,American/Indigenous,American/Indigenous,European,True,True,0.0016387961298852532,0.3131864795824759,0.07485105838562668,0.03188138419697308,0.5784422817050391,-0.19096964690240614
IND001256,24.4,F,South Asian,South Asian,European,True,True,0.17965929688418034,0.3850252287762419,0.00025290733178278123,0.4348193132729895,0.0002432537348054493,0.4600401639224285
IND001257,46.5,F,East Asian,East Asian,,False,True,0.14556558494779878,0.02687754001404134,0.8166146046209872,0.008602128344787761,0.002340142072384867,0.29199639279646267
IND001258,33.5,F,South Asian,European,,False,False,0.00793842661326696,0.19600875890773023,0.1062275151185634,0.6875624207710028,0.0022628785894365047,-1.1539718744235237
IND001259,80.7,M,African,African,,False,True,0.752943601580237,0.003610516631765697,0.02707384228985906,1.5022078264890077e-05,0.21635701741987348,1.452011795871423
IND001260,28.1,F,South Asian,South Asian,European,True,True,0.10172455908212574,0.29681126141134984,0.00013196356527139834,0.6013321983869511,1.755430165167028e-08,0.8663958566213898
IND001261,42.8,F,American/Indigenous,American/Indigenous,South Asian,True,True,0.17508463607196612,0.006971006936842252,1.641528499533904e-05,0.28315070203531845,0.5347772396708779,-0.3344690617368842
IND001262,73.0,F,African,African,,False,True,0.6066049242305328,1.289572026017097e-06,0.08225385450546426,3.4564242669711e-05,0.3111053674493073,-0.1903278261576076
IND001263,77.2,F,East Asian,East Asian,,False,True,0.09674214566602989,0.2413319161951655,0.43149860217531405,0.22519347878008697,0.005233857183403552,0.4467437295142854
IND001264,66.2,F,South Asian,American/Indigenous,,False,False,0.0004242614901158938,0.003944159361704638,0.00015117722375474027,0.9932527240142287,0.0022276779101959624,0.057842479550050785
IND001265,36.5,F,African,African,European,True,True,0.5823490731211777,0.36324704671204017,4.931361703019117e-05,0.047550415840483314,0.006804150709268374,-0.4470419793866819
IND001266,36.5,F,American/Indigenous,American/Indigenous,,False,True,0.022190113301998878,0.0001229605299742566,0.14713386306900644,0.014857632786248612,0.8156954303127719,1.1280187725276296
IND001267,45.2,M,African,African,,False,True,0.41971110223755,0.0021241276241219555,6.86111073622108e-06,0.36512297152197404,0.21303493750561786,-0.36373160428054857
IND001268,35.2,F,American/Indigenous,American/Indigenous,,False,True,0.02006219834153693,2.0548640999121295e-05,0.06407148641090313,0.1303018444847408,0.78554392212182,1.624316676308096
IND001269,71.0,M,European,European,,False,True,0.1372290170947744,0.8042042800788609,0.057597181405481084,0.0004415541707302708,0.0005279672501533923,1.1565727405542428
IND001270,53.8,M,European,European,,False,True,0.22379976458765594,0.6053445043708326,0.15154664736141413,0.01929521089492826,1.3872785169034916e-05,-0.4085172832967089
IND001271,76.8,F,South Asian,South Asian,,False,True,0.3232852830693296,0.22523363196464594,0.07166422017540713,0.35578421152252937,0.02403265326808795,1.3970014289754784
IND001272,25.5,F,South Asian,African,,False,False,0.09615066610876329,0.0003520524289919636,0.13989347050294232,0.7630897139464552,0.0005140970128473158,-0.7309736266439699
IND001273,26.3,F,American/Indigenous,American/Indigenous,,False,True,0.09483016385736152,0.25549087707363466,0.02366987382065887,0.0043660689668708445,0.6216430162814741,1.2397409599581006
IND001274,44.6,F,American/Indigenous,American/Indigenous,,False,True,0.06445341978187707,0.2073637615259751,8.76653272050389e-05,0.13739691244161864,0.590698240923324,-0.5362090893149756
IND001275,18.9,F,African,African,,False,True,0.683672655557331,0.013076601909887296,0.0007557235799331855,0.000816029589373617,0.3016789893634749,-1.049200168248687
IND001276,43.8,M,East Asian,East Asian,American/Indigenous,True,True,0.12162791822053465,0.10983323086645926,0.42897879375077297,0.08571072870280984,0.2538493284594235,-0.834606749070024
IND001277,83.6,F,American/Indigenous,American/Indigenous,,False,True,0.046118512785315556,0.20155618124388047,3.0278121572375255e-05,0.03520317274165044,0.7170918551075811,0.5687378679559771
IND001278,61.2,F,American/Indigenous,American/Indigenous,South Asian,True,True,0.005460949913051811,0.00301529069965092,0.16119770457962837,0.35964376044719526,0.4706822943604736,-0.36172438499379694
IND001279,71.6,M,East Asian,American/Indigenous,,False,False,0.005831687501381031,0.00039435900772764345,0.8556507264789059,0.003403233535902911,0.13471999347608243,0.04863109327109616
IND001280,29.9,F,European,European,,False,True,0.06250894025822899,0.7866357447395278,0.027135991192056994,0.07680295046860672,0.04691637334157953,0.7371672958100486
IND001281,18.0,M,European,European,,False,True,1.2846583134218866e-05,0.6534047597975333,0.1399963537128778,0.09178185876297892,0.11480418114347592,0.3657343461040554
IND001282,70.0,M,South Asian,South Asian,,False,True,0.37680551145909447,0.04867371838775349,0.01880938806700814,0.43429301701326467,0.12141836507287929,-0.7866071978491526
IND001283,70.8,F,American/Indigenous,American/Indigenous,,False,True,0.15006966516813536,0.0609227609156316,0.1182649036000128,0.014410643628806327,0.6563320266874137,0.6639878982105563
IND001284,32.4,M,American/Indigenous,European,,False,False,0.0001188060596907004,0.06709036105235204,0.0009012101853619764,0.007308773595823147,0.9245808491067721,-0.46846425695248034
IND001285,36.6,F,European,European,,False,True,0.01956978605705779,0.5585367814044425,0.250644525045247,0.16037021490070671,0.010878692592545957,-1.8367170192478466
IND001286,70.0,F,European,European,,False,True,0.15559173937379694,0.5976323340873521,0.007718502712353338,0.18368947846368958,0.05536794536280825,0.077432162449597
IND001287,79.0,F,East Asian,East Asian,,False,True,0.10375614265245499,0.07281037196146847,0.46855467847691856,0.3537202283354255,0.0011585785737324005,0.14722358593263124
IND001288,35.4,F,European,European,,False,True,0.049851395504486674,0.9441511206647251,0.0036147974641812988,1.413977463386352e-07,0.0023825449688606734,-0.2924105170533887
IND001289,70.2,M,European,European,,False,True,0.022397990447719212,0.7695386689984979,4.6984876541671436e-05,0.08343884536113629,0.12457751031610491,0.5155696004728025
IND001290,24.1,M,American/Indigenous,American/Indigenous,,False,True,0.2375986284536505,0.09796139429316904,0.147744616122023,0.11001078321843635,0.40668457791272117,0.014291826558717413
IND001291,39.5,F,American/Indigenous,African,,False,False,0.1355143858590646,0.033755196321030856,0.00023224267941983145,0.04154409262802863,0.788954082512456,-0.23748945915427797
IND001292,43.0,F,South Asian,South Asian,,False,True,0.26225148215295285,0.016262751708382223,0.02362972491735058,0.655887367273508,0.041968673947806415,-0.36794480085258374
IND001293,38.9,M,African,African,,False,True,0.9497745644755959,0.00018656148838960726,0.01611769389834562,0.03376457373341042,0.0001566064042584921,-2.35538855399824
IND001294,53.9,M,African,African,,False,True,0.5702059039584684,0.010469310167820345,0.10091980576002128,0.22917218113552304,0.08923279897816691,-0.10920481965766149
IND001295,32.3,M,European,European,,False,True,0.29707629915859385,0.3173466448088831,0.2186722726652658,2.724243420072527e-07,0.16690451094291509,0.11094443879752641
IND001296,59.1,M,South Asian,South Asian,East Asian,True,True,0.0025012510921980403,0.0037470764542505285,0.3795011905982468,0.6142458755970811,4.60625822348094e-06,-1.0896949418638662
IND001297,62.2,F,East Asian,East Asian,,False,True,0.21176392003000524,3.755862352431889e-05,0.5323786956270992,0.09161339285978892,0.16420643285958245,-0.054209984449984344
IND001298,68.7,M,African,African,,False,True,0.6543045388294189,0.035227590619677576,0.1559157660529018,0.0004957536768985015,0.1540563508211033,-0.7264585185898987
IND001299,68.5,F,American/Indigenous,American/Indigenous,,False,True,8.387719758804926e-06,0.11967325594573376,0.0031997160632439847,0.1443290069668715,0.732789633304392,0.49990683464460955
IND001300,39.0,F,South Asian,South Asian,,False,True,0.007434184856040233,0.0021238155044697974,0.017180729420880326,0.9475042354836765,0.025757034734933258,0.5957221022602361
IND001301,68.4,F,American/Indigenous,American/Indigenous,,False,True,0.04293039478977047,0.02219270676850552,0.0012904416756194376,0.18410815066283928,0.7494783061032654,-0.18213313804098813
IND001302,71.8,M,European,European,,False,True,0.038996905708270926,0.928084250818272,0.013589863327348026,0.0029279665849952004,0.01640101356111389,0.006678098595383042
IND001303,62.2,F,African,African,,False,True,0.8340578309939165,0.060119019707820937,0.012387757847921163,0.0030579040013022094,0.0903774874490392,0.4342775060677915
IND001304,80.3,M,East Asian,East Asian,,False,True,0.11926073994816978,0.009728265135466107,0.7552247640836258,0.07746871242716126,0.038317518405577046,-1.8853644721247962
IND001305,20.7,M,European,European,,False,True,0.006610042049074868,0.9249035930823116,0.02886464129216674,5.8614571446159386e-05,0.03956310900500051,0.350170565574039
IND001306,57.1,F,American/Indigenous,American/Indigenous,,False,True,0.15993266884938534,0.011487822697683,0.05974800674110572,0.07812044755563904,0.6907110541561869,1.9688625970685156
IND001307,66.9,F,African,African,American/Indigenous,True,True,0.4773842445433474,0.1642938813932058,0.0013909445438734036,8.252279373963734e-05,0.3568484067258339,-0.6955950022178421
IND001308,67.1,F,East Asian,East Asian,,False,True,0.015785426725887192,0.0032028722236511742,0.8923690863284056,0.0010656335185089017,0.08757698120354739,-1.8056920852588108
IND001309,68.8,F,East Asian,East Asian,,False,True,0.19937910395365882,0.19670151699841984,0.22896542871501824,0.16528851352198953,0.2096654368109136,-1.558910541546521
IND001310,84.5,F,South Asian,South Asian,European,True,True,0.0017720129713932617,0.29021502292232,0.0001318814805127614,0.430179796354154,0.2777012862716199,0.11491950025031716
IND001311,50.0,F,American/Indigenous,American/Indigenous,,False,True,0.20174676309914708,1.6219412424582253e-05,0.06658268332956091,0.18337192506407604,0.5482824090947915,0.6659980962404722
IND001312,55.7,F,American/Indigenous,American/Indigenous,,False,True,8.981763594492916e-05,0.03818632373204958,0.15295023770095809,0.07635228915926368,0.7324213317717837,-0.5461311785824988
IND001313,24.9,F,East Asian,East Asian,,False,True,0.06358020122356416,0.058797722815518184,0.865649983630513,0.001111745463455421,0.010860346866949361,-0.9601553217653056
IND001314,70.7,F,American/Indigenous,American/Indigenous,,False,True,0.32227772166883556,5.1466720404232075e-09,0.015079605079936845,0.001984500940258527,0.660658167164297,0.9271130797348522
IND001315,78.6,F,American/Indigenous,American/Indigenous,,False,True,0.030195877134748566,0.025952338354065907,0.00875915827938172,0.04220959111918554,0.8928830351126182,-1.1008759746682641
IND001316,28.4,M,South Asian,South Asian,,False,True,0.0007154042354045526,0.0594984654043,0.001761090237579148,0.9368153120160662,0.0012097281066502019,0.09916376977829075
IND001317,49.2,M,American/Indigenous,American/Indigenous,,False,True,0.24079945201412423,7.768250129213327e-05,0.0011135622514142796,0.0012817921958250872,0.7567275110373443,1.057119282881429
IND001318,78.0,F,American/Indigenous,American/Indigenous,,False,True,0.37881604015053494,0.00035456328883228346,0.00809576158408696,0.1297103205848857,0.4830233143916601,1.0414968754342588
IND001319,61.7,M,African,African,South Asian,True,True,0.5328617009078581,0.046428021780190724,0.02962849073237762,0.3392378361482804,0.05184395043129326,0.3933511790817463
IND001320,38.6,M,South Asian,South Asian,,False,True,0.01519052286268969,0.0344053931698777,0.012484206522931217,0.9114668063013358,0.02645307114316563,-0.6845231220895265
IND001321,38.8,M,American/Indigenous,American/Indigenous,,False,True,0.000587294659641898,0.019232440967941935,0.3514025965809949,0.029649796719962006,0.5991278710714593,0.05500842700961489
IND001322,36.9,M,European,African,,False,False,0.1371659950965223,0.6142053107405732,0.06571085482107088,0.18261088107743312,0.0003069582644004441,2.0627894298058687
IND001323,81.3,M,South Asian,South Asian,American/Indigenous,True,True,0.003004522284116404,0.012167359810784902,0.27466672457990915,0.3930459701574191,0.3171154231677705,1.1002621350555755
IND001324,60.0,F,African,African,,False,True,0.9120805655324166,0.0003329463518823342,0.046618320805765806,0.039206976812008715,0.0017611904979266055,-1.3115030743470815
IND001325,71.1,F,African,African,,False,True,0.5238044062302997,0.04479854358366343,0.414649361051782,0.00874871644693191,0.007998972687322976,-0.7050229795151157
IND001326,18.0,M,African,African,,False,True,0.8055937406274044,0.0017272202086077624,0.02041130931968519,0.16229202038593069,0.00997570945837202,-0.5632076117622572
IND001327,81.9,M,European,European,,False,True,0.1511415945955869,0.8476283754611423,1.9067698615417044e-05,0.0009842186553764831,0.00022674358927879038,0.9054930844388702
IND001328,28.0,M,American/Indigenous,American/Indigenous,,False,True,0.16305190602195269,0.00840830565049986,0.17067013119553937,0.0018132249287082795,0.6560564322032997,0.2927031546357585
IND001329,47.5,F,East Asian,East Asian,,False,True,0.18299174810831342,0.00012085763774266769,0.7987670573717067,0.01746215448847088,0.0006581823937663452,-2.649223790455968
IND001330,36.1,F,American/Indigenous,American/Indigenous,European,True,True,0.18670805839641558,0.3197600906868999,0.10623687210668924,4.337994744529658e-05,0.38725159886254995,0.46459506646093135
IND001331,65.7,F,American/Indigenous,American/Indigenous,East Asian,True,True,0.02009307195199727,0.10246829681831549,0.25009436401749907,0.15254874564980175,0.4747955215623864,-0.22746948435809455
IND001332,54.6,M,East Asian,European,American/Indigenous,True,False,1.2341126120912456e-05,0.08863839523101899,0.6213528918518745,0.012869723278075817,0.2771266485129099,-1.0039175387432073
IND001333,23.5,M,European,European,,False,True,0.18162356528968515,0.8118290032717744,8.330072828811796e-05,0.00034927616901756756,0.006114854541234831,-0.5597207135978586
IND001334,31.4,M,South Asian,American/Indigenous,,False,False,0.0047449592473572545,0.01938778916448235,0.025560723382552074,0.6071756880333812,0.34313084017222706,-0.5361875710514994
IND001335,44.0,M,East Asian,East Asian,,False,True,0.17707261486780768,0.06682707771978127,0.672597453279174,0.07822665472328004,0.005276199409957083,0.19334628251692532
IND001336,25.3,F,American/Indigenous,American/Indigenous,,False,True,0.18414274874780112,0.0018231599990554176,0.0954264253665489,0.0032211140619260933,0.7153865518246685,1.0029277681748112
IND001337,69.5,M,African,African,European,True,True,0.31059550112257356,0.27810723564708245,0.07662425122828083,0.2184700152613035,0.11620299674075948,-0.6906512764325607
IND001338,58.8,F,American/Indigenous,American/Indigenous,,False,True,0.015059100146172018,0.002231883503399023,0.09441195293513431,0.004082791909522071,0.8842142715057726,-0.4016009420326005
IND001339,78.3,M,South Asian,South Asian,American/Indigenous,True,True,0.004577082008114339,3.419968305552983e-05,0.0024325919405115476,0.7410337344781993,0.2519223918901192,0.5063827675509475
IND001340,38.8,F,East Asian,East Asian,African,True,True,0.4372237138247779,0.00018744281668049652,0.562093410564801,8.049372757715535e-05,0.0004149390661631942,-0.30997866591758233
IND001341,85.0,M,American/Indigenous,American/Indigenous,East Asian,True,True,0.0031580604067650555,4.73011037926994e-08,0.3138030215661266,0.08840895419819385,0.5946299165278108,1.2571039303201001
IND001342,85.0,F,American/Indigenous,American/Indigenous,South Asian,True,True,0.002925628741773447,0.009763741078905845,0.0033955197209556177,0.382753969188576,0.6011611412697889,1.8050405818778381
IND001343,37.2,M,American/Indigenous,European,,False,False,0.026022961532754556,0.053110635883045924,0.08230311670067138,0.005642234980758366,0.8329210509027698,-0.5978833477679202
IND001344,63.2,M,East Asian,African,,False,False,0.3369034329365983,0.0006755036846975297,0.6561734570134975,0.0009341050340854198,0.005313501331121269,-1.4777758354727903
IND001345,24.6,M,European,European,,False,True,0.0029163486546653654,0.8577606811741891,1.7712207899783914e-09,0.013157793282203893,0.12616517511772063,0.8211795263609578
IND001346,19.8,M,European,European,,False,True,0.12344516995520162,0.8090113119164686,0.009865527610377114,0.05745061379839455,0.0002273767195580815,0.6254187078200178
IND001347,85.0,M,American/Indigenous,American/Indigenous,,False,True,0.24739595871852338,0.12134515095475122,0.10339319720966415,0.00044983383546289983,0.5274158592815983,-1.1751832394291035
IND001348,73.6,M,American/Indigenous,American/Indigenous,,False,True,0.2544984026883987,2.610620687550481e-07,0.07750480491742298,0.08554598420721668,0.5824505471248927,-0.04341370066941086
IND001349,43.0,F,African,African,,False,True,0.5995823864800658,0.05996644847392798,0.3362383950307661,0.002409456531772682,0.0018033134834676847,0.17276030626122574
IND001350,37.0,M,African,African,,False,True,0.4953592956942806,0.09590351850402005,0.19940897963334228,0.06754563742288298,0.1417825687454742,-0.11462033336349997
IND001351,46.6,M,East Asian,East Asian,,False,True,0.00858813915269262,0.0035823214609378624,0.9877978431769855,3.169102927566969e-05,5.180108438133861e-09,-2.7641436600428917
IND001352,21.7,F,East Asian,East Asian,American/Indigenous,True,True,0.0919894791448452,0.0018890319497618946,0.6556984713968033,6.264819689243565e-05,0.25036036931169736,-1.7331225771692864
IND001353,31.1,F,South Asian,South Asian,,False,True,0.05365870390095217,1.6230116770153708e-07,0.08889309646245004,0.7316446861087421,0.12580335122668806,-1.4995469428067
IND001354,41.4,F,South Asian,South Asian,,False,True,0.019817015855257126,0.04085594433917404,0.0039551990265107,0.9114617959488375,0.023910044830220526,-0.15522214300316794
IND001355,32.3,F,European,European,,False,True,0.011145489998889037,0.7548934436354323,0.043632853703216685,0.11866721264604044,0.07166100001642155,1.4134385534307365
IND001356,38.6,F,African,African,,False,True,0.45657667693359943,0.00633226347298596,0.003197693113176483,0.41155024986528926,0.12234311661494894,-0.9998064835152486
IND001357,81.9,M,European,East Asian,,False,False,0.01680905905101608,0.7808337172497718,0.18561595998147673,0.010727557757651041,0.006013705960084261,1.4643163354158075
IND001358,76.9,M,American/Indigenous,American/Indigenous,,False,True,0.16909291582730532,3.604190620580671e-05,0.0013373624782246215,0.00016912635563602317,0.8293645534326283,-0.10787131488509982
IND001359,77.7,F,East Asian,African,,False,False,0.3544717600447438,0.0016679744228498391,0.6428643697428579,0.00014323999518472204,0.0008526557943635457,-0.4667046741928059
IND001360,46.0,M,South Asian,South Asian,European,True,True,0.002557705077964945,0.44217165848963225,0.0012030336718002023,0.4883865200761779,0.0656810826844248,1.4382629636292084
IND001361,22.9,M,African,African,,False,True,0.8092323007631189,0.043319992803420006,0.11874670230518233,0.0028761974651296328,0.025824806663149097,-0.7481691263239496
IND001362,56.2,M,African,African,East Asian,True,True,0.7022517360324113,0.0006512002618175967,0.2678642183456437,0.00016647950926469934,0.029066365850862457,0.831409958875551
IND001363,76.9,M,East Asian,East Asian,American/Indigenous,True,True,0.0001072925460178164,0.18300880890973015,0.47444927061547976,0.04750386950859921,0.29493075842017297,1.3229559131963025
IND001364,53.8,F,African,African,,False,True,0.7510959110800368,0.09460795954639714,0.0018190459238009815,0.0906083419116537,0.061868741538111255,0.6559027340614647
IND001365,20.9,F,European,European,,False,True,0.06504979450521457,0.7965133673707068,0.02385929394084788,0.001960608483093912,0.11261693570013677,-0.011691770222969564
IND001366,61.6,M,European,European,,False,True,0.07066484191358131,0.7212972151541496,0.13291936468145335,0.0006106378287277605,0.07450794042208796,-0.3483706438293538
IND001367,33.5,F,East Asian,East Asian,South Asian,True,True,0.07731399337254977,0.016564889156192912,0.654219726723967,0.25074792571647087,0.0011534650308194,-0.35260223024104964
IND001368,48.5,M,East Asian,African,,False,False,0.1955304404587298,0.0003569527671007008,0.7419904699738089,0.04871894740530877,0.013403189395051793,0.049342778753089345
IND001369,27.3,F,East Asian,East Asian,,False,True,0.05113351196454043,0.1299376262980676,0.731678195407566,0.010992528245467672,0.07625813808435843,0.5639571301631647
IND001370,79.7,F,East Asian,South Asian,,False,False,7.074146079871001e-05,0.03618732523948795,0.6468086705358518,0.2100086177559508,0.10692464500791081,0.16910761760103266
IND001371,32.1,F,American/Indigenous,American/Indigenous,,False,True,0.09564888925496547,0.013151358886342815,5.224287325352763e-05,0.05710649681224296,0.8340410121731953,-0.7856454907145478
IND001372,48.1,F,European,European,,False,True,0.0021126023764464386,0.9861831697010185,4.772418996073194e-06,0.0005216311874043978,0.011177824316134533,0.2629597197802224
IND001373,62.8,F,South Asian,South Asian,,False,True,0.16072027369017972,0.08634068944245263,0.0998734417792536,0.6528794492449467,0.00018614584316737593,0.18689899042112146
IND001374,32.8,F,American/Indigenous,American/Indigenous,African,True,True,0.37066701324364015,0.030438729122109886,0.0072483141599355245,0.017563744082083867,0.5740821993922306,-0.6046215601469062
IND001375,64.1,F,East Asian,East Asian,,False,True,0.028561484661916544,0.0387859281797252,0.7461652489809371,0.014470746681882508,0.17201659149553875,-0.5765100162671183
IND001376,74.7,F,American/Indigenous,American/Indigenous,,False,True,0.0005649027057682725,0.014327526744955688,0.3000170047132731,0.0055950111783426865,0.6794955546576602,-1.36465314546269
IND001377,39.0,F,African,African,,False,True,0.9858123496587918,0.009604477825843696,0.0045103589886441725,6.662259376285366e-05,6.190932957405724e-06,-0.01989408058957587
IND001378,60.1,M,East Asian,East Asian,South Asian,True,True,0.0032185259631151548,2.308726913792609e-05,0.5868618851792025,0.40874290280915054,0.001153598779394022,-0.2210622046261731
IND001379,18.0,F,East Asian,East Asian,,False,True,0.1299036755288887,0.011648333481033928,0.721626061013157,0.03170859271645566,0.10511333726046482,0.07616867917417314
IND001380,62.5,M,African,African,European,True,True,0.45033596904232326,0.43108409204079334,0.009775876356043755,0.10484046340308965,0.003963599157749846,0.12656839305792927
IND001381,21.5,F,East Asian,East Asian,African,True,True,0.35414259448009494,0.0010903538895332841,0.5117980059807742,0.13203312599126377,0.0009359196583337655,-1.6329204063126004
IND001382,47.1,F,South Asian,South Asian,East Asian,True,True,0.008178602876394504,0.0034392138227162393,0.29280890701158924,0.588944503687625,0.10662877260167504,-2.712678074780555
IND001383,40.2,M,European,American/Indigenous,,False,False,0.0005107729592691609,0.5000249349075961,0.001136336022769678,0.08543131777244022,0.41289663833792484,0.9677383564687801
IND001384,79.8,M,South Asian,South Asian,European,True,True,0.0037851272470222045,0.49318460236626904,0.0004497918380274389,0.5021824921971949,0.00039798635148639876,1.1704640827491013
IND001385,65.2,F,South Asian,South Asian,,False,True,0.0006019398751357826,0.04813111428512445,0.055642650319242155,0.5457734269500518,0.34985086857044595,-0.02303441889774055
IND001386,21.9,M,European,European,,False,True,0.0001348096154632523,0.7340081391940863,0.11603212484801684,0.06295872436122238,0.08686620198121144,0.37615098366342037
IND001387,75.9,M,African,African,,False,True,0.66669179254683,0.00039159575657423117,0.33275586053055783,5.557035533814883e-05,0.00010518081069968706,-0.09982067030226821
IND001388,67.7,M,South Asian,American/Indigenous,,False,False,0.04269891141127329,0.00012018901044482676,0.0027492804782246285,0.5318915987285858,0.42254002037147137,-0.751315249459775
IND001389,59.8,F,East Asian,East Asian,,False,True,0.10710930884440663,0.19374837573836953,0.5610586416143739,0.026077731920865706,0.11200594188198411,-0.6315156287844887
IND001390,35.4,F,South Asian,South Asian,American/Indigenous,True,True,0.001054762282139563,1.9756015582916117e-05,2.0669147682503076e-08,0.5569384496806328,0.44198701135249713,-0.3103904437911902
IND001391,67.6,M,East Asian,East Asian,,False,True,0.14548712253689916,0.08008833661915819,0.6520852217234251,0.0045188756578619154,0.11782044346265569,-0.9817396858579431
IND001392,34.5,M,East Asian,East Asian,European,True,True,0.00983001662155372,0.3816017469425915,0.43900721714697816,0.00124468071235196,0.16831633857652453,0.8123136567336391
IND001393,47.1,M,European,European,East Asian,True,True,0.13680468708944396,0.38223805991971677,0.31566649752002957,0.012822345519608315,0.15246840995120128,0.5156467049647359
IND001394,72.7,F,African,African,,False,True,0.7190580116820404,0.09632289048322282,0.007736698010822474,0.17688155921058044,8.406133339998659e-07,0.3134905059975596
IND001395,24.8,M,American/Indigenous,American/Indigenous,,False,True,0.008362978179819009,0.1163184696621687,0.1645051523863751,0.128634497642909,0.5821789021287282,0.48169705675613705
IND001396,57.4,F,African,African,,False,True,0.6776487635916955,0.10693187896560538,0.12019068893585477,0.09058485132842563,0.004643817178418699,-1.106290036806068
IND001397,42.6,M,American/Indigenous,American/Indigenous,,False,True,0.0368942727368984,0.00788952449791668,0.0020428341364746357,0.1454510106537939,0.8077223579749165,1.3577873835826608
IND001398,68.2,M,African,Other/Unknown,,False,False,0.7593873680393308,1.0431308158954172e-05,1.3420571635919057e-06,0.23999397523970756,0.0006068833556391358,0.6027525849405123
IND001399,43.9,F,East Asian,East Asian,,False,True,0.03300686820841894,0.004746899947993057,0.6360468376947515,0.0009484263671137191,0.3252509677817228,-0.38924874280126653
IND001400,76.0,F,South Asian,South Asian,American/Indigenous,True,True,0.19149584614603435,0.0375471715162761,0.013165084506158897,0.46512120262751183,0.29267069520401884,-0.4651015810624032
IND001401,54.0,M,South Asian,European,,False,False,0.008405117604490179,0.003507400597898121,0.20744531771280983,0.7667880003158889,0.013854163768912813,0.8575147541705214
IND001402,18.0,M,African,African,,False,True,0.7518044948066919,0.17959779470777298,0.002636091536538032,0.015322669472984241,0.05063894947601287,-0.28827309064803763
IND001403,61.1,F,American/Indigenous,American/Indigenous,South Asian,True,True,4.7976473219780726e-05,0.09030430106838153,0.06622538987029214,0.3972615858754639,0.4461607467126427,-0.4443123918496907
IND001404,52.5,M,American/Indigenous,American/Indigenous,East Asian,True,True,0.002494122593989397,0.16106566784024984,0.3284406516026279,0.08018204855641581,0.4278175094067171,-0.7096387644488464
IND001405,76.8,M,South Asian,South Asian,,False,True,0.03249141374434088,6.311969117219025e-06,0.02350794848695148,0.9421736640960064,0.0018206617035839566,0.6080797739460122
IND001406,20.2,M,East Asian,East Asian,,False,True,0.0034249706678758955,0.0001475021966886204,0.7933661119926977,0.0016194090554742001,0.20144200608726354,-0.2273778573648606
IND001407,47.9,F,African,Other/Unknown,,False,False,0.7608632675086855,0.00023335245018533946,0.020726331783927375,0.023530625904824735,0.19464642235237717,-0.923039537929589
IND001408,35.8,M,East Asian,East Asian,African,True,True,0.3084534384554199,0.09100847646179286,0.5979642117627273,6.755780003925731e-06,0.0025671175400559508,-0.4962336513057002
IND001409,31.6,F,South Asian,South Asian,European,True,True,0.000582223268132199,0.35223730488752153,0.09819869547517719,0.5349606405618441,0.01402113580732503,-0.7838080136087485
IND001410,81.6,F,South Asian,South Asian,,False,True,0.022050741839527255,0.20875424783498883,2.587170537261698e-07,0.6089966847341988,0.1601980668742314,0.37246919401347506
IND001411,18.0,M,African,African,,False,True,0.7837552679609384,0.003598398360600589,0.21081184576991452,0.0003901896214302252,0.0014442982871163915,-1.5046726447280716
IND001412,27.5,M,European,European,,False,True,0.003725003029323464,0.6714954520570143,0.044702023798782804,0.26347198484215906,0.0166055362727202,0.946640430602043
IND001413,83.5,M,European,European,,False,True,0.24163592009637902,0.7142902388505642,0.02882228195151635,0.015122882288110718,0.0001286768134298728,0.07736811409728434
IND001414,59.2,F,European,European,,False,True,0.03390547491528337,0.9327127258436909,0.03201215312010624,0.0009255967211261874,0.0004440493997932011,0.9074017384712657
IND001415,76.3,M,African,African,,False,True,0.6306952194522063,0.10879547289789941,0.0007683831467275097,0.1286031356957408,0.13113778880742602,0.4955376789145623
IND001416,23.4,M,African,African,,False,True,0.5445190780041408,0.06197566107128538,0.08652558257936671,0.16947194235293545,0.13750773599227153,0.9298320985729696
IND001417,33.5,F,South Asian,South Asian,European,True,True,0.10412390975567164,0.2598299274344259,0.009767751982555329,0.612669253977304,0.013609156850043077,1.184636809193305
IND001418,60.5,M,South Asian,South Asian,,False,True,0.23976157143507384,0.0007363608301392786,0.24177167401988786,0.5122423441077856,0.005488049607113436,-1.3810668371415664
IND001419,80.1,M,South Asian,South Asian,,False,True,0.019429895593808567,0.23126201134381624,0.004053901834613759,0.735054768846994,0.010199422380767417,0.9921806242150941
IND001420,48.9,F,African,African,South Asian,True,True,0.7166997252062602,5.176816984323527e-13,0.02549524675561563,0.2578018439571586,3.1840804477175102e-06,0.9651328062738244
IND001421,23.2,F,American/Indigenous,American/Indigenous,,False,True,0.009039215602811365,0.003328087856414125,0.039346507414557495,0.0034674301962342945,0.9448187589299827,1.447868425241666
IND001422,21.5,F,American/Indigenous,American/Indigenous,East Asian,True,True,0.11214921017784299,0.00045932610208887086,0.40772939529314645,0.06938177579391185,0.4102802926330097,-1.0199561786750824
IND001423,28.1,F,American/Indigenous,American/Indigenous,,False,True,0.0016604631304474183,4.644103060704507e-05,0.038305970437254276,0.07613571655785434,0.883851408843837,0.21153128692186285
IND001424,35.5,F,African,African,,False,True,0.8999616363917781,3.3817378453588067e-06,3.650933011333682e-06,0.07356648684715109,0.026464844090214164,-1.1689118250423982
IND001425,32.3,M,European,South Asian,,False,False,0.04516808510098706,0.7030317151038104,0.0013676838239603253,0.24734035805908244,0.0030921579121596975,-0.7141927774745042
IND001426,69.2,F,African,African,,False,True,0.6617250794311416,0.0029796238382420494,0.11109046338693926,0.0002839417609437645,0.22392089158273337,-1.2545061769978578
IND001427,24.7,F,European,European,African,True,True,0.27415273907604304,0.44855552858255776,0.06588100848132515,0.1339543773613631,0.07745634649871101,0.5138218822409689
IND001428,71.6,F,South Asian,South Asian,,False,True,4.595807629414172e-05,0.0005250805811351021,3.1047810480526378e-06,0.8925940678546728,0.10683178870684983,-0.44510924515619443
IND001429,49.3,M,European,European,,False,True,0.0076427981608154436,0.7459870564772677,0.19113515754497273,0.00011812645084468457,0.055116861366099286,-0.07085851801094506
IND001430,55.4,F,South Asian,South Asian,European,True,True,0.0019330616217677577,0.3921147603409577,0.016248998876470817,0.5817162440450537,0.007986935115750033,0.5545411496686018
IND001431,43.8,F,American/Indigenous,American/Indigenous,,False,True,0.12599823346011657,1.7114514324332163e-05,0.0022941698579857658,0.05564260421006397,0.8160478779575093,1.648425741281425
IND001432,71.5,M,American/Indigenous,American/Indigenous,African,True,True,0.36101049729103124,0.0001002780811734785,0.010305560151934436,0.22343093675953085,0.40515272771633004,-0.3038331364541445
IND001433,78.1,F,South Asian,South Asian,,False,True,7.764237720383616e-05,0.15649651962644084,0.00574010194740533,0.8376800627463046,5.673302645385633e-06,0.6353919367221602
IND001434,60.2,M,American/Indigenous,American/Indigenous,,False,True,0.3955250199872293,0.00357623257449841,2.1855159773666296e-05,0.00029289536562906624,0.6005839969128695,0.4740019193336027
IND001435,28.5,F,American/Indigenous,American/Indigenous,,False,True,9.508509392835505e-05,0.23243324799612083,0.08185465553246926,0.07128514211579964,0.6143318692616818,-0.24403793637204307
IND001436,55.0,F,East Asian,American/Indigenous,,False,False,0.020662646151786895,0.03338933246401066,0.49457738694650993,0.0005648970247173698,0.45080573741297514,-0.3100047629526317
IND001437,26.4,F,African,African,East Asian,True,True,0.45826774509024687,0.00434335683306806,0.4457487013543922,0.0913406336839055,0.0002995630383873,0.2657537099686888
IND001438,32.0,F,European,European,,False,True,0.06883492210113394,0.9305883699770001,6.214512626565959e-05,0.0003509405021869537,0.00016362229341321442,0.33348098747898125
IND001439,37.3,M,South Asian,East Asian,,False,False,3.711299018119794e-05,0.017933249090471597,0.22476395280562547,0.7144498847643183,0.042815800349403424,-0.14911491272268093
IND001440,56.2,M,East Asian,East Asian,South Asian,True,True,0.0037696921796067035,0.0001430683239656469,0.694383184579184,0.3008785162697126,0.0008255386475309915,-0.28866352660734507
IND001441,58.4,M,South Asian,East Asian,,False,False,0.007160648894130534,0.1640953630596005,0.16584664311712585,0.550744230268542,0.112153114660601,0.9775706427016375
IND001442,37.8,F,South Asian,American/Indigenous,,False,False,0.11995212150968954,0.06695346411549326,1.2175793052580323e-06,0.42395287405150534,0.3891403227440066,0.47063123171633964
IND001443,75.3,F,East Asian,East Asian,South Asian,True,True,2.9263829663632444e-05,0.12698027931396083,0.5119300592800423,0.36064577941202614,0.0004146181643070734,0.012150624168241773
IND001444,74.9,M,American/Indigenous,American/Indigenous,,False,True,0.002258049374753962,0.03455707765687047,0.06108207766840358,0.004468005953289625,0.8976347893466824,0.7691353970370425
IND001445,40.8,F,American/Indigenous,American/Indigenous,,False,True,0.008577729317046635,0.003079148029770757,0.41147726679668906,0.014279214816982091,0.5625866410395114,-2.1630114017522075
IND001446,50.6,M,European,European,,False,True,0.16390906909293412,0.83253589230158,0.0005494955657195764,0.00032656398908139284,0.0026789790506848107,0.9104167761981681
IND001447,59.8,F,American/Indigenous,American/Indigenous,East Asian,True,True,0.031300779073364246,0.09401462306836685,0.2592653699627652,0.001463434702522764,0.6139557931929811,2.0127041609670697
IND001448,67.0,M,African,African,,False,True,0.8575442414149933,0.13578869788235207,0.0005915104111292888,0.00046047484246581396,0.005615075449059495,0.2505229184188351
IND001449,75.0,M,European,European,,False,True,0.009316349601486772,0.8810604069263527,0.0004838114660043558,0.10254331705129555,0.006596114954860533,-0.5650372046788947
IND001450,40.1,M,South Asian,South Asian,,False,True,0.12100936162974152,0.035996906739659204,0.09925353095881737,0.7232721312737957,0.02046806939798601,0.6143194108417506
IND001451,52.2,M,East Asian,East Asian,,False,True,6.433957571998438e-06,0.06976182834774623,0.9182407271626133,0.004141908329065782,0.007849102203002658,0.17418390600119238
IND001452,27.1,M,African,Other/Unknown,,False,False,0.8651021543478795,0.01459138402220412,0.08945249498315816,0.03003149700465314,0.0008224696421051564,-0.4304842152601591
IND001453,51.7,F,European,European,,False,True,0.07351968394473762,0.8170123965080568,0.00016708761575034037,0.10905772050636084,0.00024311142509441609,-0.0014762506328503955
IND001454,72.7,F,South Asian,South Asian,,False,True,0.23774410352268624,0.013676402516198245,7.5121688592637335e-06,0.7230251921469117,0.025546789645344407,1.1970682702700008
IND001455,50.3,F,American/Indigenous,American/Indigenous,East Asian,True,True,0.022007087061457146,0.07556610687872743,0.3822640083817561,0.00017666919207097649,0.5199861284859884,-0.5275937189588448
IND001456,46.6,F,European,European,,False,True,0.007191484621430365,0.7229233157119574,0.09694330954970691,0.0016468966970936924,0.17129499341981153,0.03273427513080884
IND001457,25.1,F,South Asian,South Asian,European,True,True,0.042191654934281723,0.2612239540646478,0.002573868000548493,0.5147425773018343,0.17926794569868768,-0.7487075740083904
IND001458,42.8,F,South Asian,South Asian,East Asian,True,True,0.04520164729173516,1.0774838523597014e-06,0.25089808554363124,0.6971700231687619,0.0067291665120193175,-0.39409174245765666
IND001459,62.3,M,European,European,,False,True,0.14928100093288102,0.8153153487011905,0.00021654633342500478,0.022069179958385046,0.013117924074118303,-1.6156081752903093
IND001460,52.2,M,African,African,,False,True,0.5851770740676681,3.246294148794018e-06,0.2979245066850459,0.11101812650122665,0.005877046451910473,-1.3059239358163792
IND001461,85.0,M,American/Indigenous,American/Indigenous,South Asian,True,True,0.01037088316499938,0.07450102709675187,0.01700538273335841,0.4265519742586688,0.47157073274622163,0.46365760563457104
IND001462,31.1,M,East Asian,East Asian,,False,True,0.1827421059779018,0.2041547907818121,0.3553139648832518,0.244701755515323,0.013087382841711284,0.931831798920356
IND001463,22.8,M,East Asian,East Asian,American/Indigenous,True,True,0.059182368136441045,3.284435990971012e-07,0.634838936738312,0.0004102003071143996,0.3055681663745334,-0.8316815722126307
IND001464,46.4,M,American/Indigenous,American/Indigenous,,False,True,0.09565820028734144,3.543079726244127e-06,0.21506793189498133,0.004645105961423022,0.684625218776528,0.7927018423525181
IND001465,64.4,F,American/Indigenous,American/Indigenous,,False,True,0.0259081894099992,0.050374729226488404,9.633447947127725e-06,0.0006023604707278187,0.9231050874448374,-0.9951845254116185
IND001466,82.6,F,East Asian,East Asian,,False,True,0.003156638332418425,7.733755359972254e-06,0.7199662569682049,0.12369553019687149,0.15317384074714516,0.2639050108653392
IND001467,40.0,M,South Asian,South Asian,,False,True,0.12006278916527498,0.10894969509024968,0.12633251820858368,0.6437736072321472,0.0008813903037443052,0.5601139672173496
IND001468,53.9,F,South Asian,South Asian,,False,True,0.39440005388950766,0.02815974196424756,0.0791234254703743,0.47284347887623296,0.025473299799637607,-0.05270523957192455
IND001469,49.9,F,African,African,,False,True,0.3429496253962501,0.13764499608303124,0.030725030169412373,0.30326346768436474,0.1854168806669415,-0.7600176299630556
IND001470,52.6,F,American/Indigenous,American/Indigenous,,False,True,0.15461902883364867,0.004649465292151525,0.06865514639375436,0.18272010890052134,0.5893562505799241,-0.3216311024166852
IND001471,85.0,F,American/Indigenous,American/Indigenous,,False,True,0.039833708958438976,0.09150789853394041,0.2264177314767968,0.0002368965650204084,0.6420037644658034,0.05436892030362922
IND001472,34.1,F,European,European,,False,True,0.20544152880360084,0.685711501233868,0.0051085580535687155,0.10303276307189177,0.0007056488370705507,0.2663421398140685
IND001473,61.9,M,African,African,,False,True,0.9344298183626156,0.048183198479668954,0.00037145649301307556,0.01524965196246955,0.0017658747022326316,-1.2975088214566406
IND001474,53.0,M,South Asian,South Asian,,False,True,0.03750267786860866,0.023664283307555066,0.019965414289299026,0.7322918139449659,0.18657581058957137,1.0583756256594643
IND001475,70.0,F,South Asian,Other/Unknown,,False,False,0.0006685648930313563,0.27678679980922155,0.0011232275183721296,0.6071921163366948,0.11422929144268026,-1.94192922527882
IND001476,66.3,M,East Asian,African,,False,False,0.08445821354600601,0.024555174568663907,0.884174834758826,0.006717387163578709,9.438996292545848e-05,-1.0677343090516511
IND001477,63.7,F,European,European,American/Indigenous,True,True,2.3685595395504015e-06,0.4990729519557847,0.006061122472442931,0.04949587740804866,0.44536767960418405,0.7544676044156415
IND001478,24.2,M,European,European,,False,True,0.00018392337061783542,0.9268700363906115,0.06753194858949745,6.446188495294082e-06,0.005407645460777932,1.110265465280959
IND001479,78.5,F,South Asian,South Asian,,False,True,0.058953890589560826,0.022315859989535048,0.007691800463916734,0.6217596994882288,0.2892787494687586,-1.236156946620166
IND001480,85.0,F,American/Indigenous,American/Indigenous,East Asian,True,True,0.01010671450076474,0.03765807533595557,0.27583587424158557,0.11656855306964173,0.5598307828520522,0.4639667370322551
IND001481,28.0,M,South Asian,South Asian,,False,True,0.026180788625838145,0.05418176091186123,0.0018258006832133238,0.7942549978954192,0.12355665188366818,0.08127843774607013
IND001482,24.7,M,African,African,,False,True,0.8202051595423682,1.021123946870643e-05,0.003955792457260179,0.03157303336990142,0.14425580339100147,-0.2345055474526891
IND001483,62.5,F,African,African,East Asian,True,True,0.5263438803032967,0.011683520457417964,0.2677056927737238,0.16829023505257137,0.025976671412990128,0.058150989968041245
IND001484,57.6,M,European,European,,False,True,0.12577507033690252,0.7511053436036447,7.313829785619535e-05,0.06580013780676101,0.057246309954835733,1.8884155549108486
IND001485,38.7,M,South Asian,African,,False,False,0.12587534725359242,0.0010729114275026376,0.010049704331884578,0.6279794852741328,0.2350225517128875,0.8524749953232005
IND001486,69.3,M,African,Other/Unknown,,False,False,0.7942678604021405,0.11768883786490925,0.00010323115494715114,0.07265580864946594,0.015284261928537301,-0.9907618364942373
IND001487,35.4,M,East Asian,East Asian,,False,True,0.0003643196042734481,0.08015763174869507,0.7455352177212667,0.17357200194762396,0.00037082897814084406,0.11433580367041885
IND001488,80.4,F,South Asian,South Asian,,False,True,0.2572849508414223,0.14290486405382521,0.10666147841245378,0.38610777274819874,0.10704093394410003,0.2058572529041092
IND001489,53.2,M,South Asian,South Asian,American/Indigenous,True,True,0.048686154389926045,0.10932652264416348,0.0030278163305117894,0.5379773250300667,0.300982181605332,0.4985543562995512
IND001490,63.7,F,South Asian,South Asian,,False,True,0.12396097867014641,0.08207330893888039,0.013492661828305937,0.7803667228973606,0.00010632766530672039,0.07374211776480405
IND001491,61.3,F,East Asian,East Asian,,False,True,0.07511669150364397,0.012511941254829214,0.5902378175906563,0.07772093205107986,0.2444126175997906,-1.0425950668823778
IND001492,79.1,F,East Asian,East Asian,American/Indigenous,True,True,5.414312416201084e-05,0.029890136493832493,0.6100924958143378,0.09911071036342235,0.26085251420424543,-0.9489956892604542
IND001493,21.9,M,American/Indigenous,American/Indigenous,East Asian,True,True,0.03848439074965128,0.004641774627194458,0.4705664929625906,0.0009018565720251009,0.48540548508853865,0.28048251340762276
IND001494,26.6,M,American/Indigenous,American/Indigenous,East Asian,True,True,0.0008266749842393658,0.23801747518323907,0.3274854499221755,0.001270541561960154,0.4323998583483861,0.9395190467984841
IND001495,41.2,M,East Asian,East Asian,South Asian,True,True,0.0051372120507752125,0.009920259435767928,0.41108984316696884,0.2928532640479379,0.2809994212985503,-0.89484464979267
IND001496,56.7,F,East Asian,East Asian,,False,True,0.09444343026248739,0.0005416327854993165,0.8858669601618409,0.011047168725280488,0.008100808064891782,-1.8187778748063046
IND001497,53.1,M,African,American/Indigenous,,False,False,0.9686458571368727,0.004984416577308458,0.015508600482952373,0.0003159338716209028,0.010545191931245508,-0.535020974926062
IND001498,53.5,M,African,African,,False,True,0.8768510913696583,0.0011279560287320988,0.06559271524026636,3.5861522155099466e-07,0.05642787874612173,-2.1737252463045564
IND001499,26.9,F,American/Indigenous,American/Indigenous,East Asian,True,True,3.682375084197812e-05,0.007499390886471083,0.4146116457419192,0.10371769592007021,0.4741344437006975,0.8645146173846556
IND001500,63.2,F,African,African,South Asian,True,True,0.7102206458690076,9.143919190936965e-05,0.00018461284141534496,0.2747453317462601,0.014757970351407503,-0.5871073231057466
IND001501,74.0,F,African,African,,False,True,0.6508012813547983,0.019370000718620325,0.0033563237562749316,0.1145735797645843,0.2118988144057221,-0.8766828886118636
IND001502,40.7,M,South Asian,South Asian,,False,True,0.026400484754730787,0.020133532178628885,0.2955128621531212,0.5157961613755608,0.14215695953795804,0.34230540542348475
IND001503,85.0,M,South Asian,South Asian,East Asian,True,True,0.2390324230370184,0.00015915317291561188,0.30918540706146497,0.398623513125148,0.05299950360345299,0.45884194155757474
IND001504,80.7,F,East Asian,East Asian,,False,True,0.04017361680462005,0.00016251532290760252,0.7087258782538186,0.22679621900693503,0.024141770611718714,-1.2296815410107635
IND001505,85.0,M,American/Indigenous,American/Indigenous,South Asian,True,True,2.7512141069978973e-06,4.4148683581393124e-07,0.009509094791027526,0.4726266657684148,0.5178610467396149,-0.08590302098507763
IND001506,29.5,F,African,African,South Asian,True,True,0.6030431304939567,9.629483940204503e-05,1.7354291421247508e-07,0.3948330883865103,0.0020273127372166604,1.0649531173491038
IND001507,70.1,M,European,European,American/Indigenous,True,True,0.11622604392112461,0.394843047738659,8.965150139019961e-08,0.2088548759256934,0.28007594276302156,-0.39576136838037723
IND001508,18.0,M,African,African,,False,True,0.7863407237847817,1.967624616905765e-05,0.04993800289779996,0.16317760300663905,0.0005239940646101107,0.07482005456229346
IND001509,26.6,M,European,European,,False,True,0.019781609963793856,0.651856246090186,0.00034307187871774264,0.08108199264197712,0.24693707942532528,-0.3026427346994623
IND001510,71.1,M,East Asian,East Asian,African,True,True,0.272699660671971,0.20686889497414812,0.3659446942895113,0.1493179427538522,0.0051688073105174235,-1.8981454071068968
IND001511,72.0,M,South Asian,South Asian,American/Indigenous,True,True,0.004700472379075324,0.0860415376720948,0.0007618061200603182,0.6138618995692386,0.29463428425953087,-0.21190494951799066
IND001512,44.1,M,American/Indigenous,American/Indigenous,,False,True,0.00018839964661113555,1.853044498306609e-05,0.19506207538518563,0.26238876009052736,0.5423422344326928,0.1907731661224259
IND001513,50.0,F,South Asian,South Asian,,False,True,0.030066109031152474,0.12091337887204294,0.009749288400815112,0.8359510573326399,0.0033201663633497455,0.6793602848720873
IND001514,52.6,F,East Asian,African,,False,False,0.28520005235086476,0.00019745800737833882,0.5277517266068805,0.05675520606285819,0.13009555697201816,0.6506173384915006
IND001515,66.5,M,African,African,,False,True,0.4425330182468587,0.07143280292760351,0.401714667964041,0.08430492187538627,1.4588986110487237e-05,0.2857863004422425
IND001516,20.6,F,American/Indigenous,American/Indigenous,,False,True,0.12750568483529479,0.042897547342251686,1.653331594653777e-05,0.011159662457095609,0.8184205720494114,1.5453715213236465
IND001517,77.2,M,East Asian,East Asian,American/Indigenous,True,True,0.029165510580210097,3.702235026865658e-05,0.6120294351947484,0.0005473625361137826,0.3582206693386589,0.23634949401668115
IND001518,27.1,M,European,African,,False,False,0.2694599810566785,0.6828446598399084,0.029235736627125385,0.014931955156198998,0.003527667320088874,0.26805309026156693
IND001519,58.0,M,African,African,European,True,True,0.5148294332211114,0.42095576203356405,0.04006939636038046,0.0008957228387848032,0.023249685546159457,1.0392225864241817
IND001520,18.0,M,African,African,,False,True,0.7356438567346536,0.0006076616404307647,0.00010416886802086319,0.029095906377144747,0.23454840637975022,-0.2516482658595366
IND001521,58.8,F,East Asian,East Asian,South Asian,True,True,0.004131098978894428,2.960536112016642e-08,0.5711249824061571,0.26468431334720693,0.16005957566238044,-0.38316367420360964
IND001522,58.3,F,European,European,,False,True,0.12585653098785055,0.600766884906522,0.013037413913952628,0.021564637170566857,0.23877453302110782,-0.8749100397107061
IND001523,65.9,M,African,African,,False,True,0.6639606385793283,0.16368451214894705,0.10922498067726528,0.05430504039918168,0.008824828195277558,-1.334061140127981
IND001524,66.2,M,South Asian,South Asian,,False,True,0.12114724295110532,0.157360872089637,0.00012794606407654866,0.5633976377242496,0.15796630117093152,-0.385184427945394
IND001525,30.0,M,South Asian,South Asian,,False,True,0.18481258521478014,0.03565095073034816,0.20324916787436823,0.5110211322764097,0.06526616390409375,0.7217179974391269
IND001526,61.3,M,African,African,,False,True,0.5670538125938592,0.010068198314231567,0.049817164847162664,0.34513700984797074,0.027923814396775833,1.7957557283861418
IND001527,41.5,M,South Asian,South Asian,European,True,True,0.14042474244029807,0.26164825511040346,0.24324173667128762,0.3527925342666379,0.0018927315113728773,0.08184907782523815
IND001528,18.5,F,African,African,,False,True,0.6948328075118857,0.23606559479223946,0.0008993885314068456,0.06806747877861276,0.00013473038585516334,-0.6654743938055623
IND001529,72.2,M,African,American/Indigenous,,False,False,0.5272811381768703,0.14350529827417835,0.00022794927341867558,0.07911699260529859,0.2498686216702341,2.197107867915633
IND001530,21.7,M,South Asian,South Asian,,False,True,0.07503692705683686,0.15959595643000357,0.004827364137538937,0.7293206677687754,0.03121908460684513,-0.45200786456113806
IND001531,56.2,M,European,European,,False,True,0.06285200685297604,0.8646340061080691,6.510598016118272e-05,0.008298869198181192,0.06415001186061227,1.1945894490674833
IND001532,36.6,M,American/Indigenous,American/Indigenous,,False,True,0.000284106564047633,0.00015597191523895982,0.1248990008003714,2.0763581999388698e-06,0.8746588443621423,0.9201187873500135
IND001533,46.6,F,American/Indigenous,American/Indigenous,East Asian,True,True,0.00010422408346439619,0.025044329581682834,0.3008508603410871,0.0653496835687071,0.6086509024250586,0.7546574729424447
IND001534,53.4,M,African,African,,False,True,0.3519281749124452,7.020438784037484e-05,0.06795673235608653,0.34147542144119886,0.23856946690242894,0.8789640224185669
IND001535,30.3,F,European,European,,False,True,0.22887479156865675,0.4029461365124144,0.034063948798193695,0.31993176983741783,0.01418335328331723,-0.6717565175823226
IND001536,27.1,M,American/Indigenous,American/Indigenous,,False,True,0.16456111779370036,0.16801411619312867,0.001101470211936347,0.22352417041635908,0.4427991253848756,-1.5532681932184993
IND001537,63.4,F,African,African,South Asian,True,True,0.5368482185234488,0.0074105434958038575,0.154836889138707,0.2846875624347863,0.01621678640725398,0.5746273018409078
IND001538,38.4,F,African,African,,False,True,0.33198035743175375,0.31546649961661877,0.012670251757697966,0.09300949402531351,0.246873397168616,0.4572796396266198
IND001539,25.7,F,European,European,,False,True,0.09288519321381865,0.632927854939785,0.2222041417170739,0.0060699822151616565,0.045912827914160716,-0.28312320416131687
IND001540,43.2,F,East Asian,East Asian,American/Indigenous,True,True,0.0001179614976904765,0.0006586125253372391,0.6320361906321619,4.0972652601759985e-06,0.3671831380795503,-0.9768489651174163
IND001541,27.0,M,American/Indigenous,South Asian,,False,False,0.1574693867459159,3.6766593124636167e-07,0.10548922301380072,0.10468162389700532,0.6323593986773468,-0.3822157745476398
IND001542,54.2,F,South Asian,South Asian,East Asian,True,True,0.00014832602199409483,0.011838263903071146,0.35696079547690496,0.612558572096417,0.018494042501612712,-0.7468268471540288
IND001543,85.0,F,American/Indigenous,American/Indigenous,,False,True,0.03929793613848481,0.42205540731875024,1.0091953806675763e-06,0.02020554741970827,0.5184400999276761,0.3134710738136553
IND001544,69.3,M,American/Indigenous,American/Indigenous,European,True,True,0.000960595396604207,0.44370269037648524,0.02737703840316599,0.011144455349509141,0.5168152204742353,-0.8642525028893084
IND001545,85.0,M,South Asian,South Asian,American/Indigenous,True,True,0.03919397930866234,5.21602777300693e-07,0.19617717063584328,0.4495971935407335,0.3150311349119836,0.2996055439962273
IND001546,22.6,F,South Asian,East Asian,,False,False,0.009532409224163086,0.0032833071571377673,0.07520135402324048,0.9099722739351814,0.002010655660277124,0.07950945886472671
IND001547,76.3,M,East Asian,East Asian,,False,True,0.0359642296476664,0.17835660272981546,0.7765005817038602,0.0005694558919034666,0.008609130026754785,-1.584970765041763
IND001548,43.8,F,African,African,East Asian,True,True,0.6280506669680789,0.04640380136227447,0.30854659406317336,0.002255364308657902,0.014743573297815244,-0.0742642271158056
IND001549,81.3,F,South Asian,South Asian,,False,True,0.23218641339330723,0.019395240247355984,0.3109423604151013,0.4340081671201685,0.003467818824067016,-1.541508261442304
IND001550,41.8,M,American/Indigenous,American/Indigenous,,False,True,0.052978253339108244,3.368492295472897e-05,0.16999735740236616,0.21026733059187977,0.5667233737436912,1.4325951633561196
IND001551,34.6,F,European,European,,False,True,7.997809802786847e-05,0.4482465007065043,0.08539185102516533,0.4301902895164754,0.03609138065382715,0.5067130200030674
IND001552,69.4,M,South Asian,South Asian,,False,True,0.09566340004366031,0.34129259363185965,0.01260630903843265,0.35620272327578223,0.19423497401026515,0.2948868381625509
IND001553,34.2,M,East Asian,East Asian,,False,True,0.0032969030211140627,0.20495664622979043,0.7726257758759492,0.0001349472064865097,0.01898572766665974,0.6076250002576163
IND001554,70.6,F,East Asian,East Asian,South Asian,True,True,0.1879619603723339,0.02055421668138181,0.3675722211929246,0.2939183762668981,0.12999322548646156,-0.496015109835409
IND001555,61.0,M,East Asian,East Asian,,False,True,0.0007049755519340631,0.008886947390676555,0.7653327046047201,0.21658979085752855,0.008485581595140788,-1.2428743945795833
IND001556,68.6,F,East Asian,East Asian,,False,True,0.0004603376988021278,0.05306362927139623,0.8080598010998788,0.07625235752006163,0.062163874409861174,-0.9876295495518119
IND001557,62.0,F,American/Indigenous,American/Indigenous,,False,True,0.05729131446415008,0.31557923640262914,0.09552211771674865,0.002243291528801335,0.5293640398876708,0.07630976641477716
IND001558,29.2,F,European,European,,False,True,0.12364020439284472,0.6246067710753909,0.14398465310870762,0.0020840781974939683,0.10568429322556289,0.5099256618136343
IND001559,43.0,M,African,African,,False,True,0.6771462672230394,0.020020328605753434,0.04390080216851674,0.11855178265310845,0.14038081934958188,-0.15350739311008182
IND001560,75.5,F,European,European,,False,True,0.28842190821671543,0.5959133096969624,0.040701399003917706,0.07471604356775549,0.0002473395146490341,1.5363881177993421
IND001561,68.7,M,African,African,,False,True,0.9004708419781629,0.007966332885132838,0.06848052027467383,0.01323315591374518,0.009849148948285404,-0.06204659086510491
IND001562,21.8,M,African,African,American/Indigenous,True,True,0.5197232550141181,0.004155679069407066,0.0215714035606761,0.06150488076229101,0.3930447815935078,1.2872202856881394
IND001563,30.9,M,East Asian,East Asian,,False,True,0.18411685129827754,0.14722346343701853,0.29834327702168856,0.16650850684529866,0.2038079013977168,-0.4345918722395412
IND001564,55.8,M,American/Indigenous,American/Indigenous,,False,True,0.002827893706055316,5.123335677544023e-07,0.046620304595036355,0.003144506891400279,0.9474067824739403,0.4728895093445167
IND001565,68.0,F,East Asian,East Asian,South Asian,True,True,1.5195573719868833e-06,0.0007495436670056558,0.5465156086919871,0.3830683626052299,0.06966496547840524,0.3662983827484596
IND001566,21.2,M,East Asian,East Asian,American/Indigenous,True,True,0.0600339579850983,0.019039292833986202,0.49965946917936005,0.004517484676364946,0.41674979532519046,-0.037900064357292734
IND001567,24.6,M,American/Indigenous,American/Indigenous,African,True,True,0.2938359655683019,0.03821439523234627,0.0002204603955188881,0.0007904276306116358,0.6669387511732214,-1.5556500411122134
IND001568,23.0,M,American/Indigenous,European,,False,False,0.0013276567342058146,0.08270881678227589,0.02513682359783724,0.002296085610153511,0.8885306172755275,0.45997623026576945
IND001569,48.2,F,East Asian,East Asian,,False,True,0.0007102025201791561,0.00941122007441513,0.7485499213180838,0.13249724475546062,0.10883141133186133,-0.30346090462098296
IND001570,46.4,F,East Asian,East Asian,,False,True,0.2030959350561871,0.30347309606016876,0.44626734230403764,0.04508039657894566,0.002083230000660929,-0.1539702862334249
IND001571,54.0,M,American/Indigenous,American/Indigenous,European,True,True,0.04556595513053095,0.3975247326322716,0.011743221165958795,0.08748963567216185,0.4576764553990767,-1.0877726958916232
IND001572,50.5,M,East Asian,East Asian,South Asian,True,True,4.8679098048070354e-05,0.03235065549584689,0.46053566025608317,0.27373911196524187,0.23332589318478023,-0.28760637467406863
IND001573,70.5,F,European,European,,False,True,0.010029013258801227,0.8755268535155429,0.07309262941787444,0.037178509441982456,0.004172994365798992,1.211003607948535
IND001574,83.7,M,American/Indigenous,American/Indigenous,,False,True,0.031393658675333565,0.19299930134489748,0.00040387058146160404,0.0021070964120016617,0.7730960729863058,-0.3705887519525589
IND001575,37.3,M,American/Indigenous,American/Indigenous,,False,True,0.07383741528691498,0.08789719722103344,0.02787565584933917,0.07533684765954352,0.7350528839831689,1.7600210337396727
IND001576,59.2,M,East Asian,East Asian,,False,True,0.004074713949627132,0.0049323800376168845,0.9039616576949911,0.016936068890310674,0.07009517942745398,-1.0448097013020003
IND001577,80.0,M,American/Indigenous,South Asian,,False,False,0.00021563644947519706,0.25228358072808155,0.17781673294093536,0.037113085199013206,0.5325709646824948,0.33159330086741845
IND001578,77.6,F,American/Indigenous,American/Indigenous,African,True,True,0.3180868696486599,0.0023060592497129704,0.003987578027637868,0.17208544269353374,0.5035340503804554,-0.26293863813932683
IND001579,26.6,F,South Asian,South Asian,European,True,True,0.00017903416326264066,0.38797998846853404,0.008423513617268837,0.4617308091524416,0.1416866545984929,1.0436957979407648
IND001580,62.8,M,South Asian,African,,False,False,0.2632003832511659,0.14761192556387845,0.013402579629608002,0.5725261183496251,0.0032589932057223757,-2.867767506442298
IND001581,84.2,F,East Asian,East Asian,,False,True,0.19807475707816646,3.814261480910022e-06,0.7909640709074941,0.010809450517998958,0.00014790723485944354,-0.9245982270669255
IND001582,49.7,M,East Asian,East Asian,,False,True,0.236004106359558,0.00038072453710772725,0.7635863582027353,2.2413348134142615e-05,6.3975524646876526e-06,-2.2025939534000423
IND001583,58.2,M,East Asian,East Asian,,False,True,0.00010152349838586153,0.0462979425704819,0.6570120040706702,0.24401365722939328,0.0525748726310687,-0.8864530111292177
IND001584,50.3,M,American/Indigenous,American/Indigenous,,False,True,8.414738354086268e-05,0.0073567839063532064,0.3005903496537737,0.043344978307190536,0.6486237407491415,0.4915765573548871
IND001585,56.6,M,American/Indigenous,South Asian,African,True,False,0.32416964282643546,0.024390640953917717,2.026814537678404e-05,0.1761630523431958,0.4752563957310743,-0.4021303385109256
IND001586,22.2,F,East Asian,East Asian,South Asian,True,True,0.004310531859489615,0.07007791284793383,0.4472992288528182,0.3483179085380159,0.1299944179017426,-0.8361387755134173
IND001587,46.6,F,East Asian,East Asian,,False,True,0.0316744423358617,0.009371822692177335,0.9557971423068942,0.0030945476004889173,6.20450645779969e-05,-2.335943827471932
IND001588,75.3,F,European,European,African,True,True,0.3653364903210212,0.5306805923214927,0.02575921956892081,0.07808090762998156,0.00014279015858369062,0.826370806438752
IND001589,27.9,M,South Asian,South Asian,American/Indigenous,True,True,0.3005537567683088,0.015396242097522628,0.014082204629931122,0.3582399746616895,0.31172782184254805,-1.4432305109964458
IND001590,18.0,F,European,American/Indigenous,,False,False,0.01528420792948099,0.8624526324637802,0.06864919717840756,0.0002116243856998237,0.05340233804263143,1.335783849736271
IND001591,31.2,M,South Asian,South Asian,,False,True,0.012504666631630698,0.0011505833527750448,0.08616128180999466,0.8196828060058076,0.08050066219979198,1.1608201372470741
IND001592,40.4,M,African,African,East Asian,True,True,0.6087387933950487,0.033083284245836425,0.3142719358167618,0.002671089832497025,0.04123489670985626,-0.8056497131999816
IND001593,54.8,M,European,European,East Asian,True,True,0.0655780272758128,0.4860635354445123,0.36231038218615047,0.00020171637867990872,0.08584633871484461,0.6510783102710246
IND001594,80.3,M,American/Indigenous,American/Indigenous,South Asian,True,True,0.023329543516519977,3.2980519423523086e-05,0.0938946804756839,0.3971861414979513,0.4855566539904213,-0.03951151857700538
IND001595,69.7,F,European,American/Indigenous,,False,False,0.21785736553203344,0.5294552682253902,0.06022392844803186,0.07282571268784595,0.11963772510669847,-1.559562802236393
IND001596,74.6,M,American/Indigenous,South Asian,,False,False,0.019858596782787903,0.07933340484372385,1.0258623576494496e-05,0.14851344761273289,0.7522842921371787,-1.2731136504135538
IND001597,25.4,M,South Asian,South Asian,,False,True,0.051429833062555046,0.01159451625537861,0.022051262336830253,0.7087371627253009,0.20618722561993505,-0.7985797179020684
IND001598,72.6,F,American/Indigenous,American/Indigenous,,False,True,0.08803907512851553,0.24962037932096454,0.0027517677889632836,0.002607668537344897,0.6569811092242117,-0.8208677041473518
IND001599,58.9,M,East Asian,East Asian,,False,True,0.009644949188022561,0.0328964765691035,0.9542924851574046,0.0025649322092745424,0.0006011568761949929,1.0776900774193408
IND001600,64.2,M,American/Indigenous,American/Indigenous,European,True,True,0.09584564001418526,0.2839342310911568,0.059230949464971344,0.06622481824306913,0.49476436118661743,0.8747387247281846
IND001601,65.3,F,American/Indigenous,American/Indigenous,,False,True,0.05826337923244842,0.02815340947795808,0.11239392234813182,0.004121260783609456,0.7970680281578522,1.1395720491863974
IND001602,22.6,F,American/Indigenous,American/Indigenous,European,True,True,0.08743260608233026,0.31760173534939395,0.07881213312110011,0.19449906199488837,0.3216544634522873,-0.33144981361334386
IND001603,79.0,F,European,European,,False,True,0.1315090336423896,0.6401090641782707,0.13314552945909294,0.029521450569174063,0.06571492215107251,-0.6771881701879391
IND001604,85.0,F,European,European,,False,True,0.0007741798868104949,0.9559737137285504,0.02163414861597624,2.924570640465141e-09,0.021617954844092273,0.2656050259379561
IND001605,44.4,M,African,African,,False,True,0.5465617215123855,3.3354521054093324e-06,0.034941160503385645,0.06325133478704859,0.35524244774507496,0.8333925224139376
IND001606,29.9,F,East Asian,American/Indigenous,,False,False,0.0432527421336764,0.023253522281090525,0.7405694856474279,0.0022179879330826826,0.19070626200472252,-0.9518319131179671
IND001607,57.1,M,South Asian,South Asian,,False,True,0.004521938850624683,0.1903924142898963,0.0005922605308359469,0.8044234967642968,6.988956434621056e-05,1.3039067535249504
IND001608,56.2,M,American/Indigenous,American/Indigenous,,False,True,0.21871283288655133,0.21063648081790282,4.3515913092853964e-05,0.006876878493618139,0.5637302918888347,-1.0094938540020895
IND001609,72.1,F,European,European,,False,True,0.01191756078619311,0.7437474459801316,0.007974085633017101,0.16382029805471407,0.07254060954594399,1.1690052827883237
IND001610,44.1,F,East Asian,East Asian,European,True,True,0.0441908858928567,0.40220071129031304,0.4887101846514513,0.05877991169736612,0.006118306468012928,-0.40851386487663155
IND001611,59.4,M,European,European,,False,True,0.012638114910654247,0.6408083366716542,5.362538992412418e-07,0.3452124620987601,0.0013405500650322207,0.9450268940470494
IND001612,73.6,M,African,African,,False,True,0.5524451461289674,0.05754466127597601,0.1615578072930003,0.22832805567884806,0.00012432962320819342,2.401321368968177
IND001613,33.9,F,East Asian,East Asian,American/Indigenous,True,True,0.22805486132335648,0.0014946591356360213,0.44165431068662514,0.00010481257703106869,0.3286913562773511,-1.7550052899376496
IND001614,75.8,F,European,European,African,True,True,0.25762931045152004,0.7062238750381832,0.021432661063183134,0.013754601013710403,0.0009595524334032899,0.021935535085354507
IND001615,33.2,M,East Asian,African,,False,False,0.3013660060840279,0.01460641574644487,0.6258864245873385,0.05075491744647885,0.007386236135709904,-2.213507148719976
IND001616,42.5,F,South Asian,South Asian,African,True,True,0.2736221260053543,0.030911926270810457,0.12012940658812225,0.575335086843855,1.4542918578286727e-06,-0.5160937177992899
IND001617,59.6,F,South Asian,South Asian,,False,True,0.015690136386996636,0.002513373404773192,0.057717261084374055,0.7844225139464776,0.13965671517737865,-0.4488338519812817
IND001618,85.0,F,South Asian,South Asian,European,True,True,0.009754265325491387,0.310420166849616,0.007569724654921042,0.6648440565377455,0.007411786632226129,-0.63183411783906
IND001619,76.1,M,European,European,,False,True,0.15829206304979124,0.8190196077293569,1.3545409552661504e-05,0.01147999095931644,0.0111947928519827,-1.2272777309888352
IND001620,48.2,M,African,African,South Asian,True,True,0.5444995394723863,0.007079720767090728,0.04426434459191098,0.40381345782431805,0.0003429373442941043,-0.2637735903951025
IND001621,18.0,M,African,African,European,True,True,0.6077438564652055,0.2612279108317991,0.12978644744532045,0.0012194911963499333,2.2294061325163206e-05,-1.579805805243915
IND001622,52.6,M,European,European,,False,True,0.18015723350970214,0.49961488107742524,0.010432774172733866,0.309788659433774,6.4518063648235485e-06,0.40794954642880976
IND001623,48.6,F,East Asian,East Asian,,False,True,0.02845000216843341,0.18208741996907252,0.7812641815481962,0.007887958754957566,0.0003104375593402309,-0.11173310749468679
IND001624,48.2,M,African,African,,False,True,0.9690443148214987,0.025079203822183916,0.0012597490955881358,0.0029823977551805964,0.0016343345055488477,0.988725247363502
IND001625,60.3,M,South Asian,African,,False,False,0.2122793226595236,0.04831810502823512,0.00894842164550496,0.7189184719322215,0.011535678734514923,-0.6838184546016979
IND001626,66.6,M,African,African,South Asian,True,True,0.4110776610325974,0.02229607038670729,0.17669050444967538,0.2691328553140038,0.12080290881701605,0.17855961563271797
IND001627,35.4,F,African,East Asian,,False,False,0.4348249260753485,0.003398495084795232,0.18079197500417182,0.32988200803604817,0.05110259579963636,0.0886855563441502
IND001628,32.1,M,South Asian,South Asian,,False,True,0.0005832222477614421,0.01020252443456503,0.28251149558298355,0.7066766033961879,2.61543385020021e-05,0.3909872685724843
IND001629,48.1,M,African,African,,False,True,0.4814618841059092,0.14860000399857815,0.005954748663353955,0.2065010235463582,0.15748233968580044,0.7038987639581643
IND001630,20.4,F,African,African,,False,True,0.8293998736008384,4.809019878255264e-06,0.01653862913029673,0.08623229315223616,0.06782439509675034,-0.28707765092548976
IND001631,32.8,M,South Asian,South Asian,,False,True,0.11344217398030826,0.03276801168623161,0.0006139806908208555,0.8496515948807427,0.003524238761896487,-0.8898688036323493
IND001632,38.4,M,African,African,,False,True,0.8047340319753139,8.485932491851807e-07,0.010370444234199654,0.001372791205752113,0.18352188399148525,-2.15182133302035
IND001633,34.3,F,African,African,,False,True,0.412126333573548,0.262932488499178,0.035487708976230006,0.0016691573237535436,0.28778431162729046,0.9151398548851242
IND001634,27.5,F,European,European,,False,True,0.023507158670967837,0.8434179649582201,1.7842971433240703e-08,0.045640705295180224,0.08743415323266045,1.3130654166312214
IND001635,22.9,F,American/Indigenous,American/Indigenous,,False,True,0.013502950152969984,0.002031011768155201,0.0006214992595714026,0.21904023650416796,0.7648043023151354,0.4198600568599205
IND001636,80.3,F,South Asian,European,,False,False,0.0011584439957728564,0.19564423967357983,0.07749406339504933,0.6081282287904706,0.11757502414512742,-0.009310617297430268
IND001637,70.3,F,South Asian,South Asian,African,True,True,0.2999659482316697,0.11204049910733442,1.0626904798145406e-06,0.33244578046534484,0.2555467095051714,0.7509979882434186
IND001638,78.0,F,European,European,African,True,True,0.2571921789067424,0.5266978791280431,0.0001893165103790095,0.001371343601463804,0.21454928185337163,0.8430689884600779
IND001639,33.9,F,East Asian,European,,False,False,0.010903841799552737,0.37447926708257334,0.6105758755951577,0.003835463121063793,0.00020555240165240533,-1.6929098914439575
IND001640,34.3,F,European,African,,False,False,0.29797217815827826,0.3630931754104419,0.1681075452388133,0.17023680741496794,0.0005902937774987375,1.6568311943041558
IND001641,59.0,M,South Asian,South Asian,,False,True,0.42045923129134805,0.006232632035109334,0.04634652452144458,0.510039820263871,0.016921791888226987,-0.041586939393887315
IND001642,57.1,F,African,African,,False,True,0.7336681938267225,0.032297852899848,0.057452884833969965,0.1765810683437759,9.568356991648116e-11,-0.9980798123334895
IND001643,44.0,F,South Asian,South Asian,,False,True,0.2145554187221072,0.07563662210773532,0.02015167558905097,0.6569685872224895,0.03268769635861694,1.3384188845100595
IND001644,38.4,F,South Asian,South Asian,,False,True,0.17771164936662526,0.28485953857064755,0.19874044564419652,0.2910399252328423,0.047648441185688395,-0.11836671684043419
IND001645,85.0,F,American/Indigenous,American/Indigenous,,False,True,0.07841392061666637,0.05225176446841739,0.005175186878117892,0.06611504986746518,0.7980440781693332,1.0969267942025471
IND001646,38.9,M,European,European,,False,True,0.0007093771260787084,0.4702905144289254,0.4593008431711185,5.1134968179985784e-05,0.06964813030569743,-0.2830165802688039
IND001647,49.9,M,American/Indigenous,American/Indigenous,,False,True,0.0035979271514780618,2.0541869113635564e-07,0.14900630568041034,0.05773326566596767,0.7896622960834527,-0.5457363006135258
IND001648,46.4,M,American/Indigenous,American/Indigenous,,False,True,0.04102709217075774,1.4822691294823028e-05,0.00597208905902541,4.088981839223782e-05,0.9529451062605298,-0.05927554901882953
IND001649,76.0,M,South Asian,South Asian,,False,True,0.001857381755114762,0.15600826474867827,0.3578240729567229,0.4640581266873448,0.0202521538521392,-1.0649176536681095
IND001650,63.2,M,African,African,European,True,True,0.49264413065077317,0.3696031844622186,0.017176523159194615,0.03859296403259276,0.08198319769522089,-0.9209767932278049
IND001651,40.1,F,South Asian,South Asian,,False,True,0.0041513762256669764,0.0494105756732028,0.024895147886068315,0.9099337397735588,0.011609160441503136,-0.08150228882466384
IND001652,60.9,F,American/Indigenous,American/Indigenous,South Asian,True,True,0.005326751618929962,0.177801306666551,0.0013904642793532982,0.30094948779099506,0.5145319896441708,0.4580225027485171
IND001653,55.9,M,South Asian,South Asian,,False,True,0.28679370743493093,0.0001871501902169571,0.008105237061769771,0.6876348818045914,0.01727902350849098,0.3149887283655684
IND001654,75.2,M,East Asian,East Asian,South Asian,True,True,0.09520837638669782,0.20959916308211599,0.3731928101328639,0.2589301894401101,0.06306946095821224,0.9327314341964772
IND001655,81.2,M,South Asian,South Asian,,False,True,0.0003217090566713662,0.10449355939927825,0.13734292944532067,0.7048747810789717,0.05296702101975787,0.9551858993482472
IND001656,58.7,F,South Asian,South Asian,,False,True,3.6156036742168397e-06,0.05853556372817626,0.002980297144198679,0.8552842392995357,0.08319628422441519,0.13870451707746786
IND001657,41.1,F,American/Indigenous,American/Indigenous,,False,True,0.04033831105986652,0.02277395108029239,0.03838873390191345,0.0004519538347126741,0.8980470501232151,-0.2096671760771749
IND001658,52.9,M,African,African,,False,True,0.7375488120282586,0.10022309728395823,0.017159840067220447,0.14487948415204027,0.000188766468522392,-0.3274316586055289
IND001659,30.7,F,South Asian,East Asian,,False,False,0.00828756627746887,0.004256730015704826,0.29736150667222055,0.6887256385246731,0.001368558509932724,0.19096542272419506
IND001660,72.9,F,European,European,,False,True,2.866987976408479e-05,0.892183659579419,0.000957677451227994,0.10241101083781824,0.004418982251770554,0.2468530616012241
IND001661,85.0,F,East Asian,East Asian,,False,True,0.06704685048471441,0.0076619399368424304,0.6728577463713282,0.2061180948874659,0.046315368319648935,0.21600549365663935
IND001662,46.2,F,European,European,,False,True,0.00044908792588799787,0.767507327228772,0.029031512815998913,0.20075423762109415,0.002257834408246869,-0.7672873918009699
IND001663,23.6,F,American/Indigenous,American/Indigenous,,False,True,0.0012034531094386523,0.0001813111799416045,1.8847048010976069e-06,0.08509850537299209,0.9135148456328264,-1.624251621714392
IND001664,78.4,M,African,African,,False,True,0.3687351837224284,0.00041276488761034095,0.00015531810939809515,0.2933077069774202,0.33738902630314305,0.8056004544479074
IND001665,64.6,F,African,African,,False,True,0.42687154811920897,0.18982076632902742,0.046753026784839335,0.11599532956280686,0.22055932920411736,-1.873312058813028
IND001666,85.0,M,South Asian,African,,False,False,0.01679593566513336,0.00293990784158472,0.001990624574594926,0.9735589311397251,0.004714600778961897,0.2358504923609754
IND001667,25.8,M,African,African,,False,True,0.5492494022987143,0.22647082527007534,0.028110125664115703,0.1333447381776549,0.06282490858943977,-1.16930265688862
IND001668,42.2,F,American/Indigenous,American/Indigenous,,False,True,0.0919828162892551,0.055508006900076616,8.950756946665486e-06,0.04248167472909303,0.8100185513246285,-0.15198452604919246
IND001669,61.9,F,African,European,,False,False,0.5104095916066058,0.35268541716542395,0.06202207360041633,0.04505969511381748,0.029823222513736397,-0.8203539014349018
IND001670,37.8,M,African,African,,False,True,0.8367648313166144,0.1599450768953922,0.002755344278868776,9.550210470651863e-06,0.000525197298653947,-1.3134301051660262
IND001671,20.5,F,South Asian,South Asian,,False,True,0.09548086243137495,0.0006210432092326921,0.15898504246455955,0.7442481131464057,0.0006649387484272005,0.15610962270147002
IND001672,84.0,M,South Asian,South Asian,,False,True,0.01054224992765852,0.08641265044229603,0.006200245836976019,0.6926348229589401,0.2042100308341292,1.29341122293564
IND001673,60.5,F,European,European,,False,True,1.6280317722195486e-06,0.9354323857828993,0.008271447655145038,0.0007419325837498865,0.05555260594643356,-0.34221045169359665
IND001674,26.7,M,American/Indigenous,American/Indigenous,,False,True,0.46480657504072587,0.003490015805392349,0.01652107982587243,0.03047391815763854,0.4847084111703709,-0.11106216315674287
IND001675,80.8,F,East Asian,American/Indigenous,,False,False,0.05805589466050254,0.005283706523945881,0.901075051160275,0.001652691393299617,0.03393265626197707,-0.03377521137091488
IND001676,18.0,F,African,American/Indigenous,,False,False,0.7427107481941551,0.00016405592315651277,0.09027640608628835,0.0745268240362239,0.09232196576017629,0.8170976643717445
IND001677,32.1,F,European,European,,False,True,0.11370435472343224,0.8748362521891604,2.7146282845816333e-06,0.00803466251420278,0.003422015944920052,-0.9251578709518469
IND001678,37.0,F,American/Indigenous,American/Indigenous,,False,True,0.11257222011749929,0.06575086482016758,0.14438702741031614,0.11078643877346052,0.5665034488785563,-0.19457954473333872
IND001679,47.2,M,East Asian,American/Indigenous,,False,False,0.0022969090521614013,2.668753757057338e-07,0.7157836992005847,0.09276454178389357,0.18915458308798466,0.1709345342028043
IND001680,32.3,M,American/Indigenous,American/Indigenous,,False,True,0.002015412096118037,0.008301511345742493,0.003475977190114442,0.46663302631606557,0.5195740730519595,0.4879899471734821
IND001681,76.9,M,African,African,,False,True,0.730229826858826,0.04213380947711012,0.16349436887059002,0.0007565386127333923,0.06338545618074025,-0.0852663355523875
IND001682,55.8,F,European,European,,False,True,0.07056446118185672,0.7129588300205969,0.007602189328692511,3.95029693850748e-06,0.2088705691719154,-1.832360803338815
IND001683,31.0,M,South Asian,South Asian,American/Indigenous,True,True,0.0011021980511561693,0.25126037547233715,0.0001249600501010927,0.44404634771984286,0.30346611870656287,0.5971432619017178
IND001684,40.2,F,East Asian,American/Indigenous,,False,False,0.018883216990970748,0.060608181802549684,0.9025066350676374,0.0028263050973815866,0.01517566104146061,0.6986609744521264
IND001685,19.5,M,African,African,,False,True,0.8085967883308877,0.16566813971445013,0.0005945478349376663,0.02512282170311148,1.7702416612839215e-05,-0.12293296387203567
IND001686,75.9,M,African,African,,False,True,0.8742701548632091,0.0005638869160451463,0.0021890931136643228,0.08285959176866624,0.040117273338415076,1.017124957874518
IND001687,32.2,M,European,European,East Asian,True,True,0.0008411873858703358,0.4849547589074962,0.39190244976609007,0.12229327050178417,8.333438759301441e-06,-0.3748338284732007
IND001688,18.0,M,African,African,,False,True,0.7489439407512967,0.00030113441330707405,1.9526757124135995e-05,0.006523087429324825,0.24421231064894733,0.10350301588121569
IND001689,40.8,F,South Asian,East Asian,,False,False,0.11271182036115343,0.10279804320316877,0.3457931583137917,0.42505616039701544,0.013640817724870651,0.14326027183937162
IND001690,45.6,F,American/Indigenous,Other/Unknown,,False,False,0.14815821966699644,0.03306004013367233,0.047011930167487524,0.0014999844270129393,0.7702698256048308,2.1653254433793623
IND001691,33.3,F,American/Indigenous,American/Indigenous,East Asian,True,True,0.10945826167843992,0.01054440151083206,0.3639706734365665,0.016087164579193115,0.4999394987949684,1.1747141923702098
IND001692,37.1,F,European,East Asian,,False,False,0.029490058057589093,0.7018741811862672,0.2679013537440799,0.000734329650532701,7.73615311132397e-08,0.6282088574909487
IND001693,39.9,M,African,African,,False,True,0.8578412571128708,0.0368605897396002,0.0090635795111544,0.004228911186898772,0.09200566244947583,-0.4027902125350713
IND001694,41.1,F,American/Indigenous,American/Indigenous,,False,True,0.054215529370595886,0.024173949238055655,4.9008341845358e-05,0.17409664966300856,0.7474648633864944,0.1817090261486033
IND001695,63.8,M,East Asian,East Asian,South Asian,True,True,0.012161971080153343,0.01243389901574338,0.47014594440781105,0.3531951544894623,0.15206303100682975,-1.3066862047183052
IND001696,84.5,F,American/Indigenous,American/Indigenous,,False,True,0.17815014948862204,0.16220004582675113,0.16213147179216444,0.02080851542045949,0.4767098174720029,1.3817856683934526
IND001697,85.0,F,American/Indigenous,American/Indigenous,,False,True,0.005341031127227488,2.1231291898045554e-05,0.02502690400269813,0.011603359579548054,0.9580074739986283,-1.147019427125948
IND001698,82.0,M,American/Indigenous,American/Indigenous,East Asian,True,True,0.21999461390428998,0.04699679312203091,0.3142423695797697,0.027652314827474433,0.39111390856643496,-0.5564424252128861
IND001699,51.6,F,East Asian,East Asian,,False,True,0.15303431739356388,0.18977017701620813,0.35546310119613195,0.1641414183936369,0.13759098600045913,-1.2084940066292988
IND001700,58.5,M,South Asian,South Asian,,False,True,0.037888331868243696,0.19198695342189195,0.12458661128080233,0.5659176608827019,0.0796204425463601,-2.174484921388541
IND001701,59.0,M,American/Indigenous,American/Indigenous,,False,True,0.12802330380151242,0.024193171952511097,0.014212248778468077,0.05498273300363428,0.7785885424638742,0.9682228979472569
IND001702,43.0,M,American/Indigenous,American/Indigenous,African,True,True,0.34425194892209504,0.04929163436287835,0.013654351123232229,0.002172387498294257,0.5906296780935001,0.1752241138409888
IND001703,57.5,F,African,African,,False,True,0.43435812587877576,0.20569126673572827,0.2534518862320937,0.10649870452996284,1.6623439223138178e-08,-0.1844856065696614
IND001704,44.9,F,African,European,,False,False,0.9895965971145508,0.00911188741401995,0.00026954713585431697,0.00010775269712950779,0.000914215638445397,0.07667924098830084
IND001705,21.1,M,African,African,American/Indigenous,True,True,0.336881793233405,0.005702524356618257,0.09490136731043468,0.25058057318023436,0.31193374191930767,-1.0860387350375005
IND001706,57.8,F,East Asian,East Asian,,False,True,0.11474333302216469,0.04456969831399019,0.42377191845256795,0.243407998903556,0.173507051307721,0.009548585225097828
IND001707,20.0,M,European,European,,False,True,0.0037265015703036404,0.655551501503427,0.32016375686862186,0.003329959488279586,0.01722828056936781,0.875890624163879
IND001708,54.7,F,East Asian,East Asian,,False,True,0.1928960041235972,0.002053077660831236,0.49269121500218327,0.14647007466362344,0.1658896285497649,0.14514218563337866
IND001709,23.5,M,South Asian,American/Indigenous,,False,False,0.0006623116281376912,0.01441620437697147,0.004861843615673836,0.9454604746606975,0.034599165718519495,-0.6094933879368196
IND001710,26.1,M,East Asian,American/Indigenous,,False,False,0.24815072523498868,0.013269870149693603,0.4567469657151398,0.04652716219498491,0.23530527670519305,0.42391761897939945
IND001711,49.6,M,African,African,,False,True,0.4833239669897083,0.0002717145454352393,0.004658180250212077,0.37496689580255477,0.13677924241208939,1.2931001317977278
IND001712,81.4,M,American/Indigenous,American/Indigenous,,False,True,0.23546209455003783,0.08432999843129484,1.5218932811952766e-07,0.005729544034576191,0.674478210794763,0.3682716232751829
IND001713,55.8,M,South Asian,South Asian,,False,True,0.08847523239425156,0.03502549879232378,0.17905585761712828,0.5451056030963569,0.15233780809993944,-2.0676256041604506
IND001714,21.8,F,East Asian,East Asian,African,True,True,0.25894231491045966,0.015333691096882976,0.7175326234884923,0.008185879950878319,5.490553286637671e-06,1.450391919547556
IND001715,63.5,F,South Asian,South Asian,East Asian,True,True,0.02579128320431015,0.02254433074861584,0.356565343926104,0.5944386440614087,0.0006603980595614382,-0.8204109662009332
IND001716,81.9,M,European,European,,False,True,0.002081033987010915,0.7633919950722263,0.11470671503267041,0.05253489687662114,0.06728535903147136,0.67596624514714
IND001717,85.0,F,South Asian,South Asian,East Asian,True,True,0.06085717223710673,0.020940787475436273,0.2889928609057513,0.5447033394916698,0.08450583989003584,0.19793313047885003
IND001718,58.6,F,East Asian,Other/Unknown,,False,False,0.010745905347098387,0.1719824971100618,0.8110843396606714,2.8075755819471826e-06,0.0061844503065864465,-0.5247450315404824
IND001719,70.3,F,American/Indigenous,American/Indigenous,South Asian,True,True,0.0006699524778427865,1.3632071602025229e-06,0.17610431835124093,0.397122592910534,0.426101773053222,-0.28444395248435017
IND001720,64.0,M,African,African,,False,True,0.7090448983780695,0.009017497690879991,0.030207912728038498,0.025924457162119368,0.22580523404089262,-0.7359671478432372
IND001721,43.7,M,American/Indigenous,American/Indigenous,,False,True,0.1276145768458225,4.22419350908836e-10,0.33798977603870983,0.0022447078839031636,0.5321509388091451,-1.44874663586221
IND001722,55.0,F,South Asian,South Asian,European,True,True,0.009418933759199387,0.333388044820477,0.035387537814153325,0.5938335298747014,0.02797195373146912,1.3879116012831423
IND001723,70.4,F,South Asian,South Asian,,False,True,0.004946690431836059,0.033597584845209645,0.017723290298940774,0.8710998612248431,0.07263257319917044,-0.5322846894802035
IND001724,76.7,F,South Asian,South Asian,,False,True,3.8571037740019355e-05,0.003571696182710725,0.007613867567014271,0.9862839711625949,0.00249189404993998,1.418399560268281
IND001725,62.0,M,South Asian,South Asian,,False,True,0.06900214773405093,0.0027281889647095413,0.008838366668087313,0.6606848614288887,0.25874643520426344,1.0939235992593481
IND001726,18.1,M,African,African,,False,True,0.9428664808340059,0.0004619698076371285,0.0008456344687820772,3.5795275611366784e-08,0.0558258790942994,0.48507064953891893
IND001727,85.0,M,South Asian,South Asian,,False,True,0.07344740734120207,0.007219430048727107,0.2491992503621467,0.653843755365292,0.016290156882632092,-1.1209215088467988
IND001728,34.9,F,American/Indigenous,American/Indigenous,,False,True,0.009991781335127719,0.062415199901952684,0.051555007371033544,0.0019598159109805663,0.8740781954809054,0.5013643887362582
IND001729,34.6,F,European,European,,False,True,0.12289548554712636,0.8294249179283171,0.0020255131785368113,0.01937446923628569,0.02627961410973414,0.9348671906418992
IND001730,58.6,F,East Asian,East Asian,,False,True,5.281583364463295e-06,0.20851628772922318,0.7331228117574342,0.048872773259503774,0.009482845670474136,1.5300554653927267
IND001731,29.7,F,South Asian,East Asian,,False,False,0.21095734022971516,0.031867458252175074,0.22960686477774833,0.48839617532445473,0.03917216141590658,0.4111147017490874
IND001732,31.0,F,African,African,,False,True,0.3499868365907476,0.24938954848060815,0.1961575978741315,0.15002633112082878,0.05443968593368394,1.2443141202364647
IND001733,47.1,F,African,African,,False,True,0.7479781137917243,0.01926560089876007,0.020195202142351824,0.2023732565069292,0.010187826660234687,-0.372932792973254
IND001734,40.2,M,East Asian,East Asian,European,True,True,7.5816681935999e-05,0.285609272825369,0.6401897064587344,0.07404002830346593,8.517573049475081e-05,0.5140847274749543
IND001735,72.4,M,East Asian,East Asian,,False,True,0.00011980727473981715,0.0004297873832824096,0.9480477759950597,0.05029599549255185,0.0011066338543659925,-1.559857102706424
IND001736,80.7,F,South Asian,South Asian,,False,True,0.00013178530636506357,5.282157474091208e-06,0.04087762381231382,0.9562464292819058,0.0027388794419413234,0.10492560680630947
IND001737,62.3,M,South Asian,South Asian,,False,True,4.698135397135393e-05,0.0014635502453331577,0.019075838456686693,0.9518863015057468,0.027527328438262,-1.1361763342857767
IND001738,32.2,F,African,African,East Asian,True,True,0.6061091120164352,2.138976398812612e-05,0.3685514722715891,3.5208467789243076e-06,0.025314505101208536,-0.6784716673987738
IND001739,45.7,M,South Asian,South Asian,,False,True,0.0053370470528507005,0.0011896683983968314,7.777416058749787e-08,0.9691160573931509,0.024357149381441196,0.3811089023622409
IND001740,72.8,M,East Asian,East Asian,European,True,True,0.02397146085632561,0.31982773559078714,0.3283638723260457,0.02098567518044944,0.30685125604639224,-0.16378420259558635
IND001741,77.8,M,American/Indigenous,American/Indigenous,,False,True,0.10540981275024987,0.023910344281749887,0.13819311058715683,0.13067951825061322,0.6018072141302302,2.40556251412334
IND001742,53.4,M,American/Indigenous,American/Indigenous,,False,True,0.013182088034262652,0.000880931426174201,0.22958888438788272,0.050599998489955285,0.7057480976617252,0.28842052572539967
IND001743,43.6,M,South Asian,South Asian,,False,True,0.04184454322713943,0.0421562387546217,0.3725529871030259,0.43884786316790386,0.10459836774730907,-0.8134974070283121
IND001744,85.0,F,American/Indigenous,American/Indigenous,,False,True,0.20293580940095873,0.22338485636859404,5.0765811057184815e-06,0.0477272539566926,0.525947003692649,1.29334411158172
IND001745,52.1,M,European,European,,False,True,0.002083272864524282,0.8042158090591115,0.185889800164108,0.00033935148057470356,0.0074717664316815285,1.1367903696354897
IND001746,63.1,F,African,African,European,True,True,0.5393473402199068,0.27383573896498636,0.17700676293411216,5.674511313333085e-06,0.009804483369681385,0.8804486130219961
IND001747,80.1,F,South Asian,African,,False,False,0.2319956945964698,0.08084087656939262,0.00015420109243230025,0.6305520970475716,0.05645713069413376,-0.2963460540373079
IND001748,77.5,M,European,European,African,True,True,0.3348162755806165,0.40879188227026264,0.02621389966895582,0.07562362364169722,0.15455431883846799,1.0788368180772594
IND001749,59.8,M,South Asian,South Asian,European,True,True,0.06023325133150213,0.42692100760928026,0.0037674553027169056,0.5065527270002638,0.0025255587562367874,0.5689330369057471
IND001750,61.9,F,East Asian,East Asian,,False,True,0.012576915913538305,0.058817170131,0.9277845025258313,0.00016417659071614308,0.0006572348389143124,-0.17782051467744153
IND001751,81.5,F,East Asian,East Asian,,False,True,0.17212412221563247,0.0025826093933918057,0.6879571879167979,0.03951624302703568,0.09781983744714202,0.2988348054873443
IND001752,24.0,F,African,African,,False,True,0.7998617453484977,1.2427089155681732e-06,0.054121545179558625,0.11183299744355125,0.03418246931947677,-0.5742103976917177
IND001753,32.9,F,African,African,East Asian,True,True,0.5142313677208892,0.005206340406211737,0.41431414184697757,0.011154063097255359,0.05509408692866628,0.716319090711
IND001754,43.1,F,European,European,,False,True,0.15144307226775774,0.5594771477226711,0.061419189288961375,0.05625888946661815,0.17140170125399157,0.5786044548782633
IND001755,41.2,M,European,African,,False,False,0.4180753239553398,0.43987884389493553,9.435058623091646e-07,0.0743455024707895,0.0676993861730727,0.8573778921189319
IND001756,70.0,F,European,European,,False,True,0.00857189375845227,0.584080294900763,0.19005629975836363,0.07892873441036274,0.1383627771720587,0.5224694279548011
IND001757,28.9,F,American/Indigenous,American/Indigenous,African,True,True,0.40907525253730737,0.0425464053462379,4.717141806592662e-05,0.011002611339923618,0.5373285593584651,0.5354649910191136
IND001758,22.0,M,East Asian,East Asian,European,True,True,0.039865651247954006,0.44323590168549976,0.48781514233307477,0.028470191419851052,0.0006131133136205579,-0.6105041711313844
IND001759,27.1,F,American/Indigenous,American/Indigenous,South Asian,True,True,0.001025713605492371,0.0013274810278275132,0.2208095972216325,0.3706337585188989,0.4062034496261486,1.0656257605058774
IND001760,60.2,M,South Asian,South Asian,,False,True,0.219817679666488,0.00022080126435235266,0.13203815240941397,0.6479172784439554,6.08821579023193e-06,0.5771959174907872
IND001761,18.0,M,African,European,,False,False,0.5644639415824133,0.4118023688702707,0.00018128036186097968,0.006297338168816664,0.01725507101663829,-0.034342255979987135
IND001762,85.0,F,South Asian,Other/Unknown,,False,False,0.00904953260318916,0.13368158923970297,3.518305357029183e-06,0.5473903152241046,0.30987504462764626,0.8989866439546579
IND001763,55.5,F,European,European,African,True,True,0.2860334317412696,0.4372064917602989,0.002837031719833993,0.017625914821271054,0.25629712995732656,2.3581920518826993
IND001764,32.3,M,East Asian,East Asian,,False,True,0.04923641920729712,0.08697703165313522,0.8055511676317357,0.0001582848087883966,0.05807709669904343,-0.7210248157499342
IND001765,53.1,M,African,African,European,True,True,0.4984993624200189,0.47097934129811697,0.0017558547448533897,2.986807230621515e-05,0.028735573464704463,1.0150202054010617
IND001766,41.0,F,South Asian,South Asian,,False,True,0.006773335292345228,0.026863566507258328,0.16414747811493527,0.8008081657853992,0.0014074543000619914,0.9668371992410776
IND001767,40.3,M,European,European,,False,True,0.0007456225951652947,0.9990604470691996,5.78845887582596e-06,0.00018814097364040427,9.031189770223171e-10,-1.2216996514985166
IND001768,22.6,F,East Asian,East Asian,,False,True,0.006950764261904705,0.027752842925171096,0.7116346520836008,0.0011454378653739038,0.2525163028639496,-0.28115853219490716
IND001769,64.8,F,South Asian,South Asian,,False,True,0.0005947271802921186,0.007987215066867068,0.0006173094223769336,0.9700568342309004,0.020743914099563665,-1.4955502728653092
IND001770,79.1,M,European,American/Indigenous,,False,False,2.8251205661982427e-05,0.8034936254183062,0.03642822450890458,0.006599388491927661,0.15345051037519938,-0.1885451609971384
IND001771,79.8,M,South Asian,South Asian,,False,True,0.0029741649549880336,0.11950774198599792,0.004297221178707482,0.7463988773089071,0.1268219945713995,0.951272329964429
IND001772,68.7,F,American/Indigenous,American/Indigenous,African,True,True,0.29355885183974295,0.04191869242920235,0.015391146564599806,2.5497014195039293e-07,0.649131054196313,-1.287769141304105
IND001773,71.1,M,South Asian,American/Indigenous,,False,False,0.1781323023365424,0.026035733323745893,8.515049800866705e-07,0.40243369726746253,0.3933974155672691,0.5893467333555245
IND001774,68.6,M,European,European,South Asian,True,True,2.0388891625331713e-07,0.5376070300967098,0.01640329851195936,0.2862722654584844,0.1597172020439303,0.07573042809710145
IND001775,49.5,M,American/Indigenous,American/Indigenous,European,True,True,0.005855307448207697,0.3512618059409934,0.03749377458078972,0.17511845724041372,0.4302706547895955,0.883023783923095
IND001776,45.4,F,African,African,,False,True,0.3987673728794363,0.366913962987178,0.0014381005666464508,0.0005553554454825914,0.23232520812125637,-0.2859735965810113
IND001777,35.0,F,African,African,,False,True,0.7699817405029857,0.0002824652277373146,0.00013477745562162478,9.363115208630125e-05,0.22950738566156914,-0.6359636494484597
IND001778,30.9,M,East Asian,South Asian,,False,False,0.044828026325391145,0.0014511423582162753,0.7514754841719602,0.16491062797551878,0.037334719168913566,-0.37664561729441326
IND001779,70.8,F,East Asian,East Asian,American/Indigenous,True,True,0.1528677251874141,0.13499824856142295,0.3735480192366362,1.495816281761906e-05,0.33857104885170913,0.8131324985417929
IND001780,32.8,F,African,African,American/Indigenous,True,True,0.41695647487655185,0.06081918582200807,0.02359320616293461,0.08248931216251341,0.4161418209759921,-0.6757512585611998
IND001781,33.0,M,South Asian,African,,False,False,0.25860517268728306,0.00015274196457268474,0.04004876363471304,0.6823521945528099,0.018841127160621186,-0.9468819361445551
IND001782,21.2,M,European,European,,False,True,0.0022482875560707986,0.9605435192471699,2.446765092903412e-08,0.033692007938751115,0.003516160790357162,-0.15364961934984017
IND001783,72.4,M,East Asian,East Asian,South Asian,True,True,0.11200330661956936,0.13743409066165538,0.4978968336885913,0.25266567813877716,9.089140672760258e-08,-1.5278707865965595
IND001784,43.3,F,African,African,,False,True,0.9242194794273682,0.06750811407512852,0.005942381005733752,0.0023195946202915663,1.0430871477881207e-05,-0.8944345281591918
IND001785,19.5,F,East Asian,East Asian,African,True,True,0.3395437638557454,3.154263511687047e-08,0.6430286800702232,9.850591241903722e-08,0.017427426025483757,0.709471547628453
IND001786,67.6,F,East Asian,East Asian,,False,True,0.06342329888884836,0.09231673224906972,0.46867981800596936,0.35914803345028157,0.016432117405830962,-0.3272208804857523
IND001787,18.0,F,African,African,,False,True,0.5456676356085066,0.0004663631606175126,0.24998977546173676,0.10398840329893026,0.09988782247020872,0.7090355122795926
IND001788,80.7,F,South Asian,South Asian,,False,True,0.0003249554717752653,0.01036013897186189,0.04418614757325638,0.6625506794440825,0.28257807853902384,-0.11967059785414114
IND001789,78.7,M,African,African,European,True,True,0.5093291117400757,0.3920715245026084,0.04012236362488731,0.010998592708753804,0.04747840742367479,-0.684600821835303
IND001790,50.9,M,African,African,East Asian,True,True,0.35754083544903753,0.048787464466834136,0.33708390133435956,0.19726370710400956,0.05932409164575936,-0.4852178143160937
IND001791,22.0,F,East Asian,South Asian,,False,False,0.021533442250309152,4.2579064318549815e-05,0.5040363378117131,0.4741378377542144,0.00024980311944468683,1.113421113660412
IND001792,49.2,F,African,African,,False,True,0.7736996340877331,0.02712251543027926,0.0067096981980854275,0.035224078895808315,0.1572440733880938,0.3327317108204915
IND001793,84.3,M,European,European,,False,True,0.003857998031514094,0.8995446250805722,0.00134688491321195,0.00157375210844185,0.09367673986625978,1.4792728298873175
IND001794,82.9,F,South Asian,South Asian,African,True,True,0.2662405554173424,0.10656420363856253,0.08888379851777266,0.47692161101008074,0.061389831416241616,0.5274175049195908
IND001795,40.3,M,East Asian,East Asian,,False,True,0.0052193528965967,0.08585180660620992,0.773123287191809,0.06838280680609296,0.06742274649929146,-1.117008170223102
IND001796,20.6,M,East Asian,East Asian,,False,True,5.148713103400302e-07,0.01622741261363382,0.692226953689879,4.6643919393609817e-07,0.29154465238598287,-1.4355378588272707
IND001797,46.4,F,South Asian,European,,False,False,0.025748169485093134,0.11000049634480832,0.17087510939125855,0.4718343981656292,0.22154182661321062,-0.33971140673537403
IND001798,74.0,F,American/Indigenous,American/Indigenous,East Asian,True,True,0.03676088095501705,0.0455853256857701,0.3143564163833014,0.049593241398469934,0.5537041355774414,0.6956385352138682
IND001799,40.7,M,American/Indigenous,European,,False,False,0.006897446293223447,0.1787312756809556,0.008996791187855275,0.002440337934428224,0.8029341489035375,1.2608387208000753
IND001800,52.1,F,African,African,South Asian,True,True,0.5288580994341934,0.010353146418199906,0.05143259567673292,0.2558148271962149,0.1535413312746589,0.4926900238258427
IND001801,63.9,M,African,African,,False,True,0.7884790051887087,0.0037268406215248844,0.08288474497111514,0.07067896107190441,0.054230448146746824,-0.6051151608248656
IND001802,30.9,F,East Asian,African,American/Indigenous,True,False,0.1782396439354453,0.18371987700575554,0.3584621995388878,0.029371677030684617,0.25020660248922677,0.0858533548690727
IND001803,32.5,F,European,European,,False,True,0.005818720140772487,0.7442462432275768,0.219497647362675,0.030315779305310014,0.00012160996366572246,1.3885437530789775
IND001804,67.6,F,American/Indigenous,American/Indigenous,East Asian,True,True,0.006707819920188215,6.61115893775868e-06,0.2950471159594628,0.21958316258232705,0.4786552903790842,0.6147177841755713
IND001805,62.9,F,European,European,South Asian,True,True,0.00047859716094000106,0.47152202389214076,0.005280709429041408,0.46347953217351967,0.059239137344358234,1.1745750580947951
IND001806,85.0,F,American/Indigenous,American/Indigenous,European,True,True,0.010118684552142876,0.2992944325928308,0.20263617508009543,0.0013903197108391418,0.48656038806409174,-0.5402463583992486
IND001807,61.7,M,European,European,South Asian,True,True,0.08988486853317285,0.6560989922773239,0.002291420312604992,0.2514962047223612,0.00022851415453686125,1.2529721347306249
IND001808,56.7,F,South Asian,South Asian,European,True,True,1.2828125654658458e-07,0.35378690008912883,0.10290869553132204,0.5431104760735318,0.00019380002476073637,2.827472091694839
IND001809,24.3,F,East Asian,European,,False,False,0.00269272087696917,0.28557279503653443,0.5564325348644893,0.030584616846238456,0.12471733237576854,0.5606210439048511
IND001810,59.3,M,East Asian,East Asian,,False,True,0.0005778703813918237,0.3503336240816683,0.44987604482824506,0.03526369343372802,0.16394876727496688,-0.11865410182601444
IND001811,54.0,F,American/Indigenous,American/Indigenous,,False,True,0.05571303373788411,0.07606066233455136,0.010815479669623691,0.008860453996596391,0.8485503702613445,1.5138468931722198
IND001812,61.1,F,American/Indigenous,American/Indigenous,South Asian,True,True,0.00030533298577843247,0.029557303246567412,0.002158545832830463,0.4236941991538418,0.544284618780982,0.11521307148214044
IND001813,46.6,M,East Asian,East Asian,,False,True,0.016494543093856853,0.06952712294553579,0.8762996758242587,0.00039323299144506285,0.037285425144903475,0.6027031799343892
IND001814,73.1,M,American/Indigenous,South Asian,African,True,False,0.3200837689090907,0.015095293430643062,0.0020320229845315336,0.13483790163533166,0.527951013040403,1.1115368288109968
IND001815,27.5,F,African,African,American/Indigenous,True,True,0.5007815743237124,0.11868623931348496,0.008506613026628211,1.2072749028101056e-05,0.3720135005871463,1.5109593671892085
IND001816,66.7,F,European,European,American/Indigenous,True,True,0.0005995627299268753,0.5758373861468947,0.051862791374559736,0.01814040963011612,0.35355985011850255,0.37433545696301307
IND001817,18.0,F,East Asian,East Asian,,False,True,8.050909690568336e-06,7.830432628763296e-08,0.6944139368066028,0.22262487610952525,0.08295305786985509,-1.045881456203145
IND001818,53.2,F,South Asian,South Asian,,False,True,0.00037140641676858315,3.5919894271785834e-05,6.554069814625398e-05,0.7682746521363687,0.2312524808544446,1.6030925931645699
IND001819,19.2,M,African,African,,False,True,0.5815426661509001,0.00023509399950567044,0.08528910332785494,0.2384159195514189,0.09451721697032046,0.5080649168955212
IND001820,36.5,M,East Asian,East Asian,,False,True,0.15440249662519692,0.13004952752407598,0.4591245871840904,0.23291882534311495,0.02350456332352176,0.007971013090210678
IND001821,56.6,F,European,European,,False,True,0.15605817995021593,0.7918081332249977,2.4022377416014207e-05,0.03955412019422356,0.012555544253146924,1.8336913886111021
IND001822,43.1,M,American/Indigenous,American/Indigenous,,False,True,0.003894820525725343,0.4006927002594108,0.00489287432528178,0.026523181635661638,0.5639964232539202,0.036026444665931745
IND001823,48.8,F,South Asian,South Asian,,False,True,0.015882480127354444,0.2478289242028861,0.00557045492781459,0.7307150445486902,3.0961932547962486e-06,-2.5895295186650023
IND001824,27.9,F,African,African,,False,True,0.9478068848335638,0.007599338282265292,0.007916224933165635,0.03663342412395141,4.412782705388652e-05,0.3196274244262009
IND001825,18.0,M,European,European,,False,True,0.059144904975072035,0.5201255114984761,0.15845356315869993,0.0001677756023089246,0.262108244765443,1.026307130090583
IND001826,41.2,F,East Asian,American/Indigenous,,False,False,0.014939681285166758,0.0049792270757121155,0.5144178087372338,0.052027104477936646,0.41363617842395073,-1.4781278241989173
IND001827,72.5,F,East Asian,East Asian,,False,True,0.07041411352608962,0.22299655099237525,0.6899476438457217,0.00617760020466762,0.010464091431145803,0.5009871746834779
IND001828,85.0,F,South Asian,South Asian,,False,True,0.12416935147132233,0.00011696666253557949,0.005245861950344595,0.8365831607556055,0.03388465916019192,0.3367255721861378
IND001829,38.2,F,European,European,,False,True,0.03952814509440205,0.8156957520627661,3.8638555923267155e-09,0.028547150969543033,0.11622894800943334,-0.4139675784499436
IND001830,51.1,F,African,African,,False,True,0.54982151431633,0.3003572491294533,7.895038097210052e-06,0.14702872835198166,0.0027846131641377178,0.2894447470168673
IND001831,20.3,M,South Asian,South Asian,East Asian,True,True,0.1012362139895995,3.68506870200829e-05,0.2909015310252893,0.48112384610695363,0.1267015581911375,0.9721450516811843
IND001832,67.1,F,European,European,,False,True,0.3049994884514078,0.3080449598682294,0.22641878237823435,0.07903903675800479,0.08149773254412353,-1.2016539628586624
IND001833,78.3,F,East Asian,East Asian,,False,True,0.0011087728952953446,0.022047290498028563,0.9760212599954955,0.000800089909296816,2.2586701883609654e-05,-1.071001179564243
IND001834,41.6,F,East Asian,East Asian,,False,True,9.138835512136229e-08,0.041105937568625954,0.9566446316099672,0.0018432889789937298,0.00040605045405820464,-3.74776638973597
IND001835,75.3,M,American/Indigenous,American/Indigenous,African,True,True,0.27369238106690447,0.021745870448748143,0.0805979800442543,5.449203631865181e-05,0.6239092764037744,0.26980956358445213
IND001836,81.9,M,East Asian,South Asian,African,True,False,0.3397291276521916,0.0010641144333994994,0.36411636144934056,0.2784840577563998,0.016606338708668608,-0.7633137667752525
IND001837,36.7,F,American/Indigenous,American/Indigenous,European,True,True,0.005155203243836561,0.3534816455601047,1.0785987929078675e-11,4.6364949112101026e-06,0.6413585146903615,1.2243563524124594
IND001838,73.7,F,East Asian,East Asian,American/Indigenous,True,True,0.11458791456317766,0.0011125099568200817,0.6043117913579352,0.0008530905700582299,0.27913469355200854,-0.0497475943734173
IND001839,53.3,M,European,European,,False,True,0.008508117037168377,0.9750933937504374,0.007696968248406869,0.008225733042465,0.00047578792152222835,1.5453221448016738
IND001840,28.8,M,East Asian,East Asian,,False,True,0.07076606821181534,3.8790293095522485e-11,0.7580902862653564,0.00575744924861054,0.16538619623542752,-0.05905142498674909
IND001841,33.4,M,East Asian,East Asian,,False,True,0.1843186250066023,0.01036867470804809,0.5573565246756261,0.015701104006785677,0.23225507160293773,0.08427819269270365
IND001842,54.7,M,South Asian,South Asian,,False,True,0.004675091437239458,0.029488193052146703,0.00013996740217841444,0.8985689528616293,0.06712779524680618,-2.221722536248577
IND001843,39.0,M,American/Indigenous,American/Indigenous,East Asian,True,True,0.028018990892004894,0.062451107030634674,0.33628588450354074,0.016905464703911938,0.5563385528699076,0.39766479601471094
IND001844,18.0,M,European,European,,False,True,0.1626497323702182,0.5830913325832771,0.047028790751510674,0.17115822318979404,0.036071921105199814,0.5220527459414087
IND001845,66.6,M,African,African,,False,True,0.971572771569368,0.027291290685110967,0.0010399285097781707,8.529935587906714e-05,1.07098798637e-05,-0.4361788329658143
IND001846,75.7,F,African,African,,False,True,0.3441001507714833,0.31082390904193813,0.0002131873417148195,0.23785844013530416,0.1070043127095596,-0.08437701177887169
IND001847,41.0,F,East Asian,East Asian,European,True,True,0.07803396899203792,0.2595973157579478,0.4213785743986431,0.0029531690164731283,0.23803697183489803,0.28736198544217495
IND001848,85.0,M,American/Indigenous,American/Indigenous,African,True,True,0.3962169613111679,0.004360986640653855,0.1449073861592492,3.6240831364403066e-05,0.45447842505756464,0.21803273833065173
IND001849,25.6,F,American/Indigenous,East Asian,,False,False,0.0027411314801794326,0.0003409053839402574,0.14955124493816188,0.008502281598960763,0.8388644365987576,0.5248813892137222
IND001850,42.3,M,East Asian,East Asian,African,True,True,0.27649607668897497,0.2636642702947516,0.291691837141899,0.12883838041622808,0.03930943545814631,-0.47247544218596466
IND001851,79.0,F,American/Indigenous,American/Indigenous,,False,True,0.001968389262825164,0.10901443969076903,0.15686109007160992,0.15482249040041657,0.5773335905743794,1.1993648887329122
IND001852,24.9,F,South Asian,South Asian,East Asian,True,True,0.026266805463199976,1.4878426047603916e-08,0.3443982311229331,0.6211023564360227,0.008232592099418104,-0.17868411067531997
IND001853,52.1,F,American/Indigenous,American/Indigenous,,False,True,0.13782687524174134,0.00020403620531043212,0.013833921313004744,0.13716344644808987,0.7109717207918537,1.0770074093566806
IND001854,36.4,F,American/Indigenous,American/Indigenous,,False,True,0.26497444594296,0.006779758487024079,0.2717421730626916,0.061116911946322676,0.3953867105610018,-0.8003279033224355
IND001855,85.0,M,American/Indigenous,American/Indigenous,,False,True,0.44101587834202804,5.912079911301463e-08,0.01452977365483417,0.04739537166097296,0.4970589172213656,0.18670095455022706
IND001856,58.8,F,East Asian,East Asian,South Asian,True,True,6.100773873942632e-05,0.13466195814910653,0.4520459032231844,0.3645755996891036,0.04865553119986605,-0.034784854540938215
IND001857,75.5,M,East Asian,East Asian,,False,True,0.020206255001594134,0.0038149756666900985,0.9075329144633582,0.06811016655848759,0.00033568830987014707,-1.4003942502219016
IND001858,85.0,F,American/Indigenous,American/Indigenous,,False,True,7.747410846680481e-10,0.02103275854484816,0.1869339948485301,0.016310794273838244,0.7757224515580423,0.7715054186347122
IND001859,49.9,M,American/Indigenous,American/Indigenous,,False,True,0.05090439838552145,0.1462736977671885,0.0034469953862294725,0.07375815131047804,0.7256167571505826,1.1404072312904
IND001860,37.6,M,American/Indigenous,American/Indigenous,,False,True,0.10070735626613127,0.02930322965468574,0.00795673964222435,0.08099259169609814,0.7810400827408605,0.060513745534646585
IND001861,43.5,M,American/Indigenous,American/Indigenous,European,True,True,0.2722382352457976,0.30180728238710003,0.00021343863701734682,2.138184026350716e-06,0.42573890554605875,-0.9074439793529832
IND001862,69.4,M,European,European,African,True,True,0.2691216601420415,0.6450111134610298,0.03538849053857273,0.05047122689105407,7.508967301818453e-06,0.27327715147795334
IND001863,38.9,F,South Asian,Other/Unknown,,False,False,0.026573250946202852,0.03444778469860748,0.30124669168666873,0.6082727967221199,0.02945947594640107,-2.061520780201526
IND001864,36.4,F,European,European,,False,True,0.14489690734471936,0.5647088795808265,0.0002490831016698559,0.00037232429321366905,0.28977280567957087,0.5336568453770578
IND001865,45.7,F,East Asian,East Asian,,False,True,0.0014623073757525878,0.34132271239158596,0.3439820016739843,0.014307914654197167,0.29892506390448004,0.046019954709449445
IND001866,31.0,M,East Asian,East Asian,South Asian,True,True,0.014282506280777102,0.11518091967557526,0.4271302113898346,0.3846473475022836,0.05875901515152942,-0.5871005676578531
IND001867,24.1,F,South Asian,South Asian,,False,True,0.0007229667409563833,0.11458170436809724,8.621751301959716e-10,0.8011689203507463,0.08352640767802498,0.5129726841233444
IND001868,66.9,F,South Asian,South Asian,,False,True,0.07410397285678964,0.021184755152489326,0.1976286562556065,0.5906749831875124,0.11640763254760211,-1.0106547115965359
IND001869,58.8,F,American/Indigenous,American/Indigenous,,False,True,0.005655584825558371,0.1880499961794495,0.03289841907188914,0.0017208502058664082,0.7716751497172366,0.9349446816563924
IND001870,46.7,M,South Asian,South Asian,European,True,True,0.07473334989993144,0.3187516550702444,0.02420195697345687,0.366005034456244,0.21630800360012317,0.8268714559352082
IND001871,22.1,M,South Asian,South Asian,,False,True,0.008370132683245018,0.0987208158422646,0.0627302549490795,0.8260310168750777,0.004147779650333084,-0.3230763473469913
IND001872,50.7,M,South Asian,South Asian,,False,True,0.1643986438978029,0.012235287597561975,0.1672079120881899,0.6557239563511713,0.0004342000652740399,1.0558550682938856
IND001873,72.0,M,American/Indigenous,American/Indigenous,,False,True,0.1615740120984891,0.06788255058160667,0.3328811188540212,0.0003865459320845413,0.4372757725337985,-0.01698469018713039
IND001874,47.6,F,American/Indigenous,European,,False,False,0.0007086117407449194,0.22725028366401268,0.000650263702512914,0.09373143322333677,0.6776594076693926,-0.08390304583139427
IND001875,18.8,M,East Asian,East Asian,,False,True,1.1377098063095426e-05,0.00026354893157764907,0.8969076920622663,0.061600726734013345,0.04121665517407954,-0.007919986613368124
IND001876,80.4,F,American/Indigenous,American/Indigenous,,False,True,0.4085843923980865,0.0005117089035423725,0.014419936498375507,0.0020523392211576597,0.5744316229788379,1.9808005988545614
IND001877,61.3,M,South Asian,South Asian,,False,True,0.005127685401994515,0.17160506123631444,0.001109339181092229,0.7759505716077431,0.04620734257285579,1.2208400886996003
IND001878,43.9,F,European,European,South Asian,True,True,0.026530321155444174,0.723053791856073,4.611958684182413e-06,0.2504109351815835,3.3984821514160617e-07,1.0585954034387406
IND001879,61.7,F,European,European,African,True,True,0.37567300549406446,0.6014928074834318,0.0016698573768652945,0.018878923226706108,0.002285406418932276,0.5196730836968741
IND001880,19.7,M,East Asian,East Asian,,False,True,0.10383468079492485,0.3147751550389946,0.53399316360282,0.04692575165680217,0.00047124890645822127,-0.12870820053804258
IND001881,71.2,M,American/Indigenous,South Asian,European,True,False,0.09255116185465767,0.26088989929715606,0.04654070660370011,0.2380477233999575,0.3619705088445287,-0.09668911908974043
IND001882,44.4,F,European,European,,False,True,0.0031884836981168605,0.7319671428428154,0.005496113901973239,0.24681921389946324,0.012529045657631186,-0.5498972221035922
IND001883,85.0,F,American/Indigenous,American/Indigenous,,False,True,0.31589122237155687,0.1918367269698505,0.05244748766855154,1.0514480212143292e-07,0.4398244578452389,-1.28946974526003
IND001884,72.6,M,East Asian,East Asian,African,True,True,0.3681124442688954,0.12775215561997885,0.479779912026172,0.001591603833034546,0.022763884251919168,-1.5989510401729568
IND001885,48.4,F,East Asian,East Asian,,False,True,0.0008353449911708252,0.015127983495152474,0.4334007197121849,0.22511137163021352,0.32552458017127833,-0.6770119020779628
IND001886,31.9,M,American/Indigenous,American/Indigenous,,False,True,0.00032000741808303144,0.14287916940048634,0.17591642716360978,0.24253352798548541,0.4383508680323355,-1.5508666308724595
IND001887,53.8,M,East Asian,East Asian,,False,True,0.0001804777233397099,0.00036221588923648624,0.9584859186813127,0.0018340181496047973,0.03913736955650636,-0.19189469367346076
IND001888,41.6,M,American/Indigenous,American/Indigenous,,False,True,0.00652180432141296,0.011557018911467851,0.030903577536064816,0.19755858737080106,0.7534590118602534,-2.104677209454231
IND001889,72.9,F,American/Indigenous,American/Indigenous,,False,True,0.009919144547439326,0.2395412214908585,0.1684711347693033,0.2107789194049983,0.3712895797874006,0.2866479498611335
IND001890,80.6,M,East Asian,East Asian,,False,True,1.2633314678523946e-07,0.052721204097001144,0.5176685421218749,0.0780821367241421,0.35152799072383506,-1.5560801657995353
IND001891,60.1,M,African,African,European,True,True,0.5496289450000454,0.37822904880389463,0.0010834641448512867,0.05336889117754022,0.017689650873668535,1.017486240201836
IND001892,32.4,F,South Asian,South Asian,,False,True,0.24906800798264378,0.1977739202562999,0.0006464285418747398,0.5522869404159375,0.00022470280324417318,-0.3831654576809348
IND001893,43.9,M,American/Indigenous,American/Indigenous,African,True,True,0.3715521655306274,6.680089108585682e-05,0.16271032434727892,3.607471942050145e-05,0.46563463451158726,0.09432872913836066
IND001894,23.4,M,South Asian,American/Indigenous,,False,False,0.05360179435028256,0.07223966941399251,0.02686779885306705,0.7100748685162088,0.13721586886644885,-0.05400439907415283
IND001895,45.9,F,European,European,,False,True,0.00024274601406670736,0.7640436612710236,0.008640334589261027,0.00027962401687058096,0.2267936341087779,0.63047041566499
IND001896,21.1,F,European,European,,False,True,0.012110247652132186,0.8828301016407909,0.07739213704942968,0.027660135385082753,7.378272564420663e-06,1.2522370883720932
IND001897,18.0,F,African,African,East Asian,True,True,0.6652656405329525,0.004073728174702954,0.31127722172123096,3.874140363180014e-08,0.019383370829710065,-0.14808108587307534
IND001898,36.3,F,American/Indigenous,American/Indigenous,European,True,True,0.004996554793563799,0.42877638048359007,0.0017752727806081563,0.05082054535736536,0.5136312465848726,0.40310510773391667
IND001899,74.4,M,East Asian,European,,False,False,0.03078331563889555,0.12843295229277465,0.6953319633631658,0.14445208783191485,0.0009996808732491353,-0.8420150717291367
IND001900,82.3,F,American/Indigenous,American/Indigenous,,False,True,0.05872512296011474,0.44700971386638394,0.001990526107028367,0.011892840742817866,0.4803817963236549,0.4409682862584137
IND001901,69.4,F,South Asian,South Asian,,False,True,0.025898898539442806,0.20011039903163036,9.100709455432694e-05,0.6547237061847795,0.11917598914959292,-0.049643696410381945
IND001902,38.1,M,East Asian,East Asian,African,True,True,0.2812536939912441,0.055770717346602904,0.5762338578541882,0.08643049303412383,0.00031123777384070984,-1.0115800138184747
IND001903,68.6,M,East Asian,East Asian,American/Indigenous,True,True,1.5550929298050984e-08,0.0060182453399787806,0.4947575251516894,0.018111696559014952,0.4811125173983875,1.62216302876315
IND001904,68.3,F,East Asian,East Asian,,False,True,0.15102929441883894,0.107836735978616,0.5665169683614512,0.08351426170217063,0.09110273953892341,0.5442443519494925
IND001905,78.9,F,South Asian,South Asian,,False,True,0.00021987525353113458,0.031926732908313785,0.0035360467077446616,0.964214877377823,0.00010246775258731198,1.4029622859097066
IND001906,38.7,M,East Asian,East Asian,American/Indigenous,True,True,0.16358617211281654,0.009882804713600705,0.4130877742610833,0.0006308451315821962,0.41281240378091716,-0.9714205363088756
IND001907,36.6,F,African,European,,False,False,0.6094229981665501,0.2530506479021379,0.0058669926563777765,0.11776171874930433,0.013897642525629946,0.4201470948272612
IND001908,60.5,F,South Asian,South Asian,European,True,True,0.0005984559777090097,0.27874139296640393,0.04219551883794993,0.6522284051640076,0.026236227053929372,-0.779856119687838
IND001909,65.1,F,African,African,American/Indigenous,True,True,0.6719762839846568,4.4698201055059204e-06,0.007920504934558356,0.00485991268319888,0.3152388285774803,0.6019230571104056
IND001910,35.1,M,East Asian,East Asian,,False,True,6.493677018495043e-05,0.0002561637459506448,0.9681747884576853,0.023253219795874937,0.008250891230304097,-1.4678342669554345
IND001911,77.6,M,East Asian,East Asian,,False,True,0.18979562291234006,0.09403070272249131,0.4306198735112008,5.45661944494966e-05,0.28549923465951826,0.11152953948815364
IND001912,36.9,F,European,European,,False,True,0.00046154148411655315,0.8744220303287167,0.000257043652385406,0.030476028777933352,0.09438335575684796,1.6456117206798981
IND001913,28.2,M,East Asian,American/Indigenous,South Asian,True,False,5.268000039120435e-05,0.04999083061751884,0.41190831910321407,0.3776644941143978,0.16038367616447824,-1.0153518034735036
IND001914,18.0,M,European,European,,False,True,0.00741507454739224,0.6228919355232175,0.18993503378875937,0.044859172816590485,0.13489878332404037,1.0828215818949154
IND001915,24.7,M,European,European,,False,True,0.0943909941256441,0.751319243280288,4.5926607121608596e-05,0.0020952588398369344,0.15214857714710953,0.9126553249616669
IND001916,18.7,F,South Asian,South Asian,,False,True,0.018228221835324233,0.14048292989286043,0.11027627603108221,0.4428504240664915,0.28816214817424174,0.8230723878557893
IND001917,71.8,M,American/Indigenous,American/Indigenous,East Asian,True,True,0.027199854578683097,0.052220366613707984,0.3445840933471255,0.0005705148036434305,0.5754251706568398,-0.37584384465143234
IND001918,40.5,F,East Asian,East Asian,,False,True,0.005928909938830161,0.000594322891573171,0.6514053823665393,0.12929696953639386,0.21277441526666352,-0.5794527975490028
IND001919,24.3,F,South Asian,South Asian,,False,True,0.31474495813108444,0.011680342037100621,0.13593228809152744,0.5263991501420557,0.011243261598231817,-1.0843598700478463
IND001920,41.5,M,European,European,,False,True,0.15971401850551648,0.5223255048488923,0.2220315182792557,0.05435501942739512,0.04157393893894028,0.7442713963287431
IND001921,44.2,M,South Asian,South Asian,,False,True,0.0006920295734945156,0.0160031505952092,6.255195629853811e-05,0.9687294642132795,0.014512803661718112,0.3352289957827178
IND001922,66.7,F,African,African,European,True,True,0.5866553307853819,0.2616687389524828,0.12195995969689301,0.021955671275812442,0.007760299289429729,-0.04202068616673833
IND001923,56.3,F,American/Indigenous,African,,False,False,0.20171506791944127,2.7184274663797256e-05,0.07720111278621387,0.07240924495304524,0.6486473900666357,0.744776585269491
IND001924,57.6,F,European,European,,False,True,0.0002758602615691905,0.5889570099718725,0.18346625326638896,0.1937325161458413,0.033568360354328114,0.21694375832099294
IND001925,24.9,F,American/Indigenous,American/Indigenous,South Asian,True,True,0.019789572504249946,0.0035723762666592207,0.012481775192331228,0.28643239250511493,0.6777238835316448,0.1865372557962367
IND001926,64.9,F,South Asian,South Asian,American/Indigenous,True,True,0.0067869894230164415,0.17105702446235005,0.008274819874801654,0.5166893620869019,0.2971918041529301,0.05600094578286252
IND001927,18.0,M,European,European,American/Indigenous,True,True,0.07920341309363765,0.462901645575701,0.005112211224878317,0.04974603934848822,0.4030366907572947,-0.43049455675461545
IND001928,38.0,M,East Asian,East Asian,South Asian,True,True,2.6540674948234456e-07,0.005552793461780035,0.540864960780584,0.38506140459555815,0.06852057575532836,0.24102048953924954
IND001929,44.8,M,South Asian,South Asian,,False,True,0.006546063059051793,0.18121052358438877,0.054534883313148964,0.7577085283820046,1.6614058883276667e-09,1.9912878614121992
IND001930,31.7,F,American/Indigenous,American/Indigenous,South Asian,True,True,0.010310217713172207,0.0027900157551588047,1.3497301387114717e-05,0.396481197912881,0.5904050713174009,0.3770419143815913
IND001931,69.2,M,American/Indigenous,American/Indigenous,,False,True,0.0036561811800940713,0.21555065242400073,0.04162637508645163,0.009185381000535,0.7299814103089185,0.7121056899460025
IND001932,35.4,F,East Asian,East Asian,South Asian,True,True,0.043873433156262354,0.01323111556236109,0.5942147348675435,0.3483107977186646,0.00036991869516832455,0.22187668182472803
IND001933,23.5,M,South Asian,South Asian,European,True,True,0.012395981295296123,0.35520293562243554,0.09025616971830182,0.5358967636274573,0.006248149736509263,-0.3357177484300139
IND001934,49.1,M,East Asian,East Asian,,False,True,0.21263365680802818,0.05529464359297093,0.7306063143673882,0.0007464311749277348,0.0007189540566849431,-2.2582388081386475
IND001935,66.7,M,European,South Asian,,False,False,0.13259079273415822,0.44223588514166845,0.23909652381257346,0.1083045063756609,0.07777229193593917,-1.7021024917213279
IND001936,22.2,F,African,African,South Asian,True,True,0.5549113673228158,0.00795369330802751,0.07207073339691268,0.32249749542206707,0.04256671055017692,-1.7676577701899232
IND001937,63.1,M,African,African,,False,True,0.49463285961863984,0.013811725975512985,0.3998335995641802,0.08787893809063065,0.003842876751036339,-1.572941861286588
IND001938,31.4,M,African,African,,False,True,0.8478743467411719,0.07210344743140686,4.5769224357127015e-05,0.0005033531484114267,0.07947308345465268,-0.46823483161064683
IND001939,74.9,M,East Asian,American/Indigenous,South Asian,True,False,0.2009383619982989,0.005899638433133439,0.4374597434422301,0.28713098514931545,0.06857127097702209,0.036454102966929525
IND001940,53.6,M,South Asian,South Asian,,False,True,0.0018591559007159367,0.04104708146192004,0.09277044316695758,0.6904829974527688,0.17384032201763755,-2.7088583962012294
IND001941,64.9,F,American/Indigenous,American/Indigenous,,False,True,0.004030453114932104,0.2261163897789938,0.30602221151922876,0.017707888700449977,0.44612305688639525,-0.046575947227573966
IND001942,28.0,M,American/Indigenous,African,,False,False,0.3899523337321548,0.032598753222576694,0.0025264750323940846,0.17885056811291747,0.396071869899957,-0.43589676748884065
IND001943,41.1,M,South Asian,South Asian,,False,True,0.0029895478609922766,0.00022188454702914254,0.041198419639999935,0.9527858960559547,0.0028042518960241253,-0.9095770283945391
IND001944,57.3,F,East Asian,East Asian,American/Indigenous,True,True,0.06883662420790232,0.042777179943956745,0.49485476089629704,0.013079894976822147,0.3804515399750217,-0.6638199871690512
IND001945,83.5,F,South Asian,South Asian,East Asian,True,True,9.181372930753945e-08,0.20909591864098565,0.26485040162266127,0.5042055867891967,0.021848001133427022,-0.09080259343029962
IND001946,21.8,M,European,European,,False,True,0.019640717095126596,0.9190988204257845,0.024268858511998302,0.03694548577643441,4.611819065609798e-05,-0.10027492673228577
IND001947,45.6,F,East Asian,African,,False,False,0.3403026491375601,0.002715686265966883,0.5310098011769024,0.12341803968067808,0.0025538237388923663,-1.0619899861092588
IND001948,43.6,M,African,African,,False,True,0.9598339799566374,0.01826940249325715,0.01452292471614002,5.361521397112943e-06,0.007368331312568271,1.7147220257279343
IND001949,78.0,M,European,European,,False,True,0.008117144481649238,0.8163240551739607,0.0299525429507414,0.09983171582458826,0.04577454156906037,1.905318877219674
IND001950,75.1,F,African,African,,False,True,0.7856901873408633,0.01447309593481224,0.0392954085772278,0.0005898420022360268,0.1599514661448605,1.0983412735871698
IND001951,71.2,F,African,Other/Unknown,,False,False,0.5403031999372422,0.43038864297415874,3.338610812631596e-07,0.02210167836448297,0.007206144863035018,1.0315586820267835
IND001952,67.0,F,East Asian,East Asian,,False,True,0.035425802395370916,2.9594404351212566e-05,0.7193929756502108,0.1390824466252978,0.10606918092476925,0.5533330358089549
IND001953,56.8,M,South Asian,South Asian,East Asian,True,True,0.02169317123192409,0.0008145258033197234,0.2617383397532852,0.5601685846763768,0.15558537853509435,1.2158774653395876
IND001954,30.3,F,American/Indigenous,American/Indigenous,,False,True,0.0032435939205491685,0.25540090778942426,0.06955748897243545,0.3354575580649002,0.33634045125269085,-0.6587979312260678
IND001955,41.4,F,African,African,,False,True,0.7904969663562906,5.288335859949728e-06,0.01184006417039654,0.008418167701293888,0.18923951343615908,0.7071677928229646
IND001956,45.7,F,European,European,,False,True,0.09919078668466691,0.895561802344098,0.0032358730855796816,0.0012082347086920238,0.000803303176963412,2.4854499432528523
IND001957,68.0,M,South Asian,European,,False,False,0.2590085652221531,0.2973524943493051,0.003910405045563743,0.4337745477265224,0.0059539876564556745,0.3221321688873733
IND001958,37.8,F,American/Indigenous,South Asian,,False,False,0.005759439092835534,0.007447371227422905,7.018637918028409e-05,0.40068026935878104,0.5860427339417803,-0.9210535241655596
IND001959,76.1,F,East Asian,East Asian,American/Indigenous,True,True,1.6964424749163362e-06,1.0793737065366131e-07,0.5991601286214026,0.0005278971516691658,0.4003101698470828,-0.46213877202912035
IND001960,53.9,M,European,American/Indigenous,,False,False,0.041041121158421116,0.6002770251213896,0.0017524500146754228,2.1107684433304364e-07,0.3569291926286696,-0.7191458140802024
IND001961,31.2,F,European,European,American/Indigenous,True,True,0.14509544034746583,0.27625590880470424,0.2432924649885972,0.06444790905307778,0.2709082768061549,0.9586215466896167
IND001962,81.0,M,South Asian,South Asian,,False,True,0.16611284576519247,0.060858099003407724,0.019152579412487384,0.5438860681318546,0.2099904076870578,0.2804895725240138
IND001963,50.1,F,South Asian,South Asian,,False,True,0.12673378753349288,0.06337528540640368,0.06585768854538589,0.6522072466639038,0.09182599185081376,1.1917182025188517
IND001964,66.3,F,European,European,,False,True,0.003290001738606407,0.7242034721054926,1.7280073739813142e-05,0.13646290420433196,0.1360263418778293,0.44746896353439514
IND001965,57.4,M,East Asian,East Asian,African,True,True,0.34920390994544476,0.045834727196541546,0.4631336368021825,0.11741142472680711,0.02441630132902409,-0.7118901206993188
IND001966,23.0,M,African,African,East Asian,True,True,0.377213372355951,0.01937383884604464,0.3181953753489917,0.28415459377592756,0.001062819673085303,-0.3503780236245306
IND001967,28.2,F,European,South Asian,,False,False,0.0014858911597006772,0.8448225231963896,0.003636070073786516,0.14669249439709434,0.003363021173028893,-1.0434280358014165
IND001968,22.2,M,American/Indigenous,South Asian,African,True,False,0.2752346534905324,0.05660419514553808,0.045156575615422044,0.2557781853546206,0.36722639039388694,0.8466225155973042
IND001969,38.9,M,East Asian,East Asian,South Asian,True,True,0.027222687752621082,0.0008089190142493704,0.7210678523612268,0.2509005293359262,1.1535976314968375e-08,0.4294379482880545
IND001970,52.2,M,East Asian,African,,False,False,0.29221376732607507,0.12921373719469736,0.38548291403750345,0.01894269511964582,0.17414688632207842,-0.9993226895058323
IND001971,54.5,F,European,European,,False,True,0.15163063043574349,0.6462624557324279,0.10244134883419594,0.0011874178871392502,0.09847814711049327,-0.009493100379499075
IND001972,65.5,F,European,European,,False,True,0.05928600525829451,0.4584850870286151,0.3072413591912325,0.04239338722247251,0.1325941612993853,-1.1017891591708386
IND001973,51.1,F,African,African,South Asian,True,True,0.46354558330432893,0.030574985688641844,0.0016282573991794947,0.3593161494755048,0.14493502413234494,-0.3377844877564593
IND001974,56.0,M,South Asian,South Asian,,False,True,2.876107328370473e-05,0.0241185697126067,0.08019456761139494,0.5646096227073076,0.331048478895407,-1.4373994837877344
IND001975,65.3,F,African,African,,False,True,0.7730749169677845,4.622345015499638e-05,0.08438350553262337,0.142495251464914,1.025845230146758e-07,-0.8646797611717123
IND001976,58.4,F,East Asian,East Asian,,False,True,0.1147549482799091,0.26394412846156146,0.5429071153184477,0.01768129735841155,0.06071251058167019,-0.8473757575024878
IND001977,46.7,F,South Asian,South Asian,,False,True,0.008246478522760616,0.10386998118253489,0.0027827467163253025,0.5782311386659905,0.3068696549123886,1.8416544054448023
IND001978,71.8,M,European,European,,False,True,7.707935057256883e-05,0.74219655283214,0.07608677093680233,0.00011064115986689286,0.181528955720618,-0.03953386770793044
IND001979,27.2,F,European,European,East Asian,True,True,0.17679368060142464,0.3463234598943705,0.3294068868163347,0.0002909535570178144,0.1471850191308523,-0.9943141543170763
IND001980,52.0,F,East Asian,East Asian,,False,True,0.035789287428128716,0.21343433806223255,0.6680979544168125,0.0008996640997108962,0.08177875599311528,-1.4481626670040617
IND001981,47.2,M,European,European,,False,True,0.038657054869711605,0.7181756250085837,0.03554280209247896,0.14382856241882164,0.06379595561040396,0.9209800038884066
IND001982,76.6,M,African,European,,False,False,0.870484196501532,0.12677793753458633,0.0020104863318999985,0.0005496666120382123,0.00017771301994347737,2.060992202251485
IND001983,78.5,F,European,European,African,True,True,0.35190746800625605,0.6472543797471376,3.9108873614927284e-08,0.0008238751791269545,1.4237958605677096e-05,1.0914815739867338
IND001984,58.0,M,American/Indigenous,American/Indigenous,East Asian,True,True,0.10093471181136315,0.19572563440650506,0.27010008856009493,0.036419623256935346,0.3968199419651014,0.3176124987924611
IND001985,83.7,F,East Asian,East Asian,American/Indigenous,True,True,0.04813675960717056,0.004188885596765795,0.5127865727147699,1.566629803754452e-06,0.43488621545149003,-0.2009792676526383
IND001986,70.5,M,African,African,,False,True,0.7674841633158225,0.0002723056870173224,1.616374448223768e-05,0.043802737796201925,0.18842462945647623,-0.6794210646316755
IND001987,64.8,M,African,South Asian,European,True,False,0.4256254503779579,0.27777496028839194,0.047878173260001516,0.2376979392002357,0.011023476873412787,1.195607998146396
IND001988,25.2,F,East Asian,East Asian,,False,True,0.08346065497629553,0.02684326307953072,0.8746433306327117,8.754446658582489e-07,0.015051875866796167,-1.5122163506954922
IND001989,67.8,F,East Asian,East Asian,,False,True,0.17602131393713896,0.04916888878447804,0.2838459890155513,0.2725594697983117,0.21840433846452,-0.40203793987797304
IND001990,66.1,M,East Asian,East Asian,,False,True,2.2450251515484394e-05,0.09252141948064783,0.8447683128037636,0.00015489291832894761,0.0625329245457441,1.5976359597212906
IND001991,54.0,M,South Asian,South Asian,European,True,True,0.049159469428924345,0.26540000496134025,0.01795968128110321,0.629891054192347,0.03758979013628512,-0.9642117729744757
IND001992,23.4,M,East Asian,East Asian,South Asian,True,True,0.005922850664190083,0.04850710262531355,0.6106230866039478,0.3295624405873782,0.0053845195191702284,-1.3211037048566463
IND001993,51.4,F,South Asian,South Asian,,False,True,0.013524088463123815,0.00032168551241607316,0.0008488336804651763,0.9825410645407138,0.002764327803281294,-0.03309979550639319
IND001994,72.0,M,East Asian,East Asian,,False,True,0.11640696823604209,0.0016381324989160745,0.7713232947387444,0.09944430047063722,0.011187304055660258,-1.4122295170175283
IND001995,52.5,M,European,European,,False,True,0.004827983655671737,0.9800763211432636,0.01143830611509204,0.0035933663258018466,6.402276017068767e-05,-0.03526676289552527
IND001996,53.5,F,European,European,,False,True,1.1436393111358644e-07,0.8073416579559745,0.18756323007576786,0.004997466446420141,9.753115790631241e-05,-0.21659420638517446
IND001997,32.9,F,East Asian,African,,False,False,0.3768610352049811,0.006780454101282213,0.6026951223114385,0.00774676530794615,0.005916623074352136,-0.5045962181788264
IND001998,51.9,F,European,European,,False,True,0.03955971382299414,0.6129044580679585,0.12000532945386842,0.1723095085685305,0.0552209900866486,0.2115550974237719
IND001999,51.5,M,South Asian,South Asian,,False,True,0.03543095398782757,0.014704996430225714,0.000131551485438405,0.9495573420512767,0.00017515604523168183,1.3121050511462868
IND002000,49.3,M,African,African,,False,True,0.7161455961123293,0.07048640119181306,0.2121925023497597,0.00039508753537074906,0.0007804128107274182,0.34924504131001466
IND002001,27.7,M,European,European,East Asian,True,True,0.05162731068010475,0.6237962432868709,0.2565432578186199,0.011862741030793985,0.05617044718361034,0.23290407028865384
IND002002,30.9,F,European,South Asian,,False,False,0.00039594096770707014,0.946092467641074,0.001023556212823449,0.04983177936377884,0.0026562558146167115,0.8773459826622293
IND002003,27.7,F,East Asian,European,,False,False,5.1205900287810605e-06,0.38282275964335966,0.5323326639281929,0.04194875677727485,0.04289069906114376,0.13517422276424287
IND002004,24.9,M,African,African,,False,True,0.6705233264088034,0.07144699378847716,0.045287595386013804,0.2118053664846422,0.0009367179320633226,-1.2439490171576266
IND002005,39.7,F,African,African,South Asian,True,True,0.467506922844818,0.0054160338898227986,0.007418529548529466,0.3606142755647513,0.1590442381520785,-0.24751447237317858
IND002006,43.0,F,African,African,,False,True,0.6698938892962184,0.0007528573637795866,0.11039636072292605,0.0028780363332261746,0.2160788562838498,-1.3717022770152005
IND002007,54.9,M,African,East Asian,American/Indigenous,True,False,0.3781410727771462,0.028776982515520338,0.04701408718388065,0.23885124820162063,0.3072166093218322,-0.3806785357185139
IND002008,20.1,M,African,African,East Asian,True,True,0.641122126141852,0.005506261416452284,0.2872563456279311,0.0036735362558905677,0.06244173055787391,-0.4422960481729419
IND002009,64.6,F,European,European,South Asian,True,True,0.01397184698102314,0.6450675033586851,0.008411287857490722,0.3320606278249475,0.0004887339778535006,-0.3313615662908662
IND002010,40.7,M,European,European,,False,True,0.0025372986082978022,0.9635174250708207,0.01846760977396737,0.015443742306041739,3.392424087240492e-05,1.393308684268297
IND002011,26.2,M,African,East Asian,,False,False,0.4976455349474488,0.1519897124074228,0.3434337032989835,0.0006195866012913924,0.006311462744853716,0.5358712557330374
IND002012,73.9,M,American/Indigenous,Other/Unknown,,False,False,0.00045050228896642547,0.07414667840893535,0.09638265922180243,0.1047983723529702,0.7242217877273255,-0.18913081042578608
IND002013,39.1,M,African,African,East Asian,True,True,0.5935550825760791,0.01223129714529045,0.3616510991409335,0.0026288575554789277,0.029933663582218148,-1.1728027592926549
IND002014,79.6,F,American/Indigenous,American/Indigenous,,False,True,0.07049271790884441,0.20857633052320818,0.1633199679636244,0.0690221736554686,0.4885888099488544,-0.1634283968076254
IND002015,82.2,M,East Asian,East Asian,,False,True,0.23992077965808242,0.1964898149920357,0.32144511927225566,0.01762666277368643,0.22451762330393987,1.0783687754263542
IND002016,52.5,M,South Asian,South Asian,,False,True,0.03757969380003684,0.04992765956767725,0.021900241602664742,0.8902433372210438,0.00034906780857747434,0.6853985085546083
IND002017,65.0,M,East Asian,East Asian,,False,True,0.2917305722184531,0.022642206058369786,0.5764201560424003,0.08625773448784717,0.022949331192929728,-0.5177123797727237
IND002018,40.9,M,African,African,,False,True,0.6507136706344362,0.1017633865095062,0.013232055964082069,0.12119148487721422,0.11309940201476136,0.6070115593241386
IND002019,48.0,M,European,European,,False,True,0.22108026573240783,0.6495542990171008,0.04250006165975323,0.061661368272978294,0.02520400531775987,0.7239076340375495
IND002020,27.7,M,African,African,American/Indigenous,True,True,0.5227415925343456,0.003984470341800971,0.004605899833773825,0.001029052759649192,0.4676389845304302,0.5004142478287855
IND002021,43.8,F,African,African,,False,True,0.621094569876248,0.2267891859910041,0.12933645712647965,0.0019980744269278896,0.020781712579340337,-0.05701646126991056
IND002022,32.4,F,East Asian,East Asian,,False,True,0.06769863086960556,0.009488803026402856,0.8909389549029783,0.002204280833517222,0.029669330367496204,-1.3126162787049802
IND002023,50.7,F,African,Other/Unknown,,False,False,0.675971003486181,0.30887709692000476,0.00725306108453438,0.0048977128097741005,0.0030011256995057124,0.4412076156679213
IND002024,19.2,F,African,African,,False,True,0.5552193114902205,0.33772214408158385,0.038006179182997,0.04352955436439978,0.025522810880798722,0.08942588214647601
IND002025,39.8,M,American/Indigenous,American/Indigenous,,False,True,0.000477935042157856,0.00018072418907346535,0.03858147143258734,0.19916693430450438,0.761592935031677,1.868634678117079
IND002026,70.6,M,European,African,,False,False,0.02662378926735518,0.9691538072828313,5.370712884877905e-05,0.00408606639844088,8.262992252377558e-05,-1.410389005017688
IND002027,18.0,M,European,European,,False,True,0.13559264542973748,0.8619545777188049,0.00015129594940715155,0.0013181719635029614,0.0009833089385473648,-1.713947489860061
IND002028,42.4,M,South Asian,South Asian,,False,True,0.005046329477945808,0.004967006055832902,0.1027942958790492,0.7310451416177465,0.15614722696942576,0.17472320422558713
IND002029,54.8,M,East Asian,East Asian,,False,True,0.0038442009067133315,2.387688325510834e-05,0.8305489844035362,0.06464223294998038,0.1009407048565149,-0.6365532082129686
IND002030,49.3,M,East Asian,East Asian,South Asian,True,True,0.009460048709245099,0.1271102246649461,0.5429173381789186,0.320137483921279,0.0003749045256113464,0.3008334354542903
IND002031,66.1,M,East Asian,East Asian,,False,True,0.0009950128429885596,0.11618345307893642,0.7416919479097709,0.07997922619570913,0.0611503599725951,-0.9355557528695735
IND002032,77.1,M,African,African,,False,True,0.7862976354445668,1.993304708463355e-08,0.16658706278069657,0.046328846098234455,0.0007864357434550504,-1.5694954881938985
IND002033,42.8,M,American/Indigenous,American/Indigenous,,False,True,0.03271368898032791,0.0001131589758397379,0.0001998875544284675,0.0036488568585779806,0.9633244076308259,1.554946744188745
IND002034,71.8,M,East Asian,East Asian,,False,True,0.047677889158301956,0.42473411121818366,0.47377808477159644,0.052277391888511146,0.0015325229634067879,0.5722769489216337
IND002035,61.4,F,South Asian,South Asian,African,True,True,0.40643610106775446,0.03457257827192332,2.819708141840035e-05,0.5402303369618542,0.01873278661704957,0.6211597805779522
IND002036,31.8,F,East Asian,East Asian,South Asian,True,True,0.012493867112066345,0.00226694847795913,0.5704646378861427,0.3998144488752468,0.014960097648585156,-1.4277642821936727
IND002037,33.2,F,East Asian,East Asian,,False,True,0.061914367541661734,0.021102506174570494,0.5133474075108665,0.3875133788846044,0.016122339888296693,0.38837100019365045
IND002038,49.9,F,European,European,,False,True,0.014166633991021891,0.8636904259778863,0.0013860371408148024,0.0014791038750495704,0.11927779901522752,-0.08341441801416166
IND002039,20.4,M,African,African,,False,True,0.6657158822649337,0.2250165432249734,0.0016023439248874297,0.08637807540543788,0.021287155179767522,1.0002237600204764
IND002040,74.9,F,South Asian,South Asian,,False,True,0.02067640767821505,0.34230592805889853,0.10769385833330003,0.528608915093676,0.0007148908359103154,0.43019050633410477
IND002041,43.8,F,South Asian,South Asian,,False,True,0.009857204706236394,0.261759849936543,0.07270258727608984,0.6376278248085501,0.018052533272580582,-0.8798437375463612
IND002042,30.3,M,American/Indigenous,American/Indigenous,,False,True,0.25940534201586096,0.0001542561628447073,2.8321279323894816e-05,0.34096211009199473,0.3994499704499758,-1.659477026217011
IND002043,81.3,F,European,European,,False,True,0.01733504356069711,0.9492538903823509,0.0026153993682481664,0.030606395106739865,0.00018927158196392884,2.343053314488222
IND002044,35.9,F,South Asian,South Asian,European,True,True,0.001479068911663266,0.2991233112230074,0.0650602925578177,0.6286324951410779,0.0057048321664337955,0.18959756857110677
IND002045,48.5,M,East Asian,East Asian,,False,True,0.027695503461022408,0.4670857111185782,0.4862065015331632,0.0014992998866307943,0.01751298400060545,-0.4977496063335027
IND002046,55.4,F,East Asian,East Asian,American/Indigenous,True,True,0.02691004070537671,0.05778244104455631,0.5806618170768952,0.0001466905144800886,0.3344990106586918,-0.4122230798311856
IND002047,78.8,F,European,European,,False,True,0.26748392849792396,0.26753325464172456,0.26736075067478804,0.1976216737973622,3.923882013511544e-07,-1.7442294359194475
IND002048,48.0,M,African,African,,False,True,0.5186751761571471,0.0001406692948095023,0.07767437733370343,0.1676561146019228,0.2358536626124172,1.4651538437413119
IND002049,25.1,F,European,European,,False,True,2.6871831580852197e-05,0.955215857200021,0.00030854575333225803,0.0292747302452787,0.015173994969787045,-0.05735224466704547
IND002050,58.5,F,European,European,,False,True,0.25488019895225034,0.5610788493295674,0.17871385689998687,7.486832723418645e-05,0.005252226490960985,-0.78031930728086
IND002051,52.0,F,American/Indigenous,American/Indigenous,,False,True,3.388330501620456e-09,0.021684477717581613,0.00837775588241412,6.897671601246398e-08,0.9699376940349577,1.7246194517316336
IND002052,79.5,M,American/Indigenous,American/Indigenous,East Asian,True,True,0.08610120507164354,0.012025822866953775,0.38084249298308065,3.516281123303792e-05,0.520995316267089,0.29557112674752706
IND002053,32.6,F,European,European,,False,True,0.009515373832217068,0.847482845156107,0.006871917420488137,0.01803365366878037,0.11809620992240737,-1.425712973049818
IND002054,66.8,M,European,European,,False,True,0.03133024338925973,0.6420972320891146,0.24824830624081712,0.07202053812210073,0.006303680158707716,-0.5962599880913434
IND002055,71.5,M,African,African,,False,True,0.7905161042788019,0.0003034794909668578,0.06212219489024949,0.06441624486638152,0.08264197647360018,0.29202495831782094
IND002056,76.5,M,African,African,,False,True,0.5748745844542351,5.011865812092504e-07,0.11465138820673391,0.09363041318276755,0.2168431129696821,-0.08548446884730806
IND002057,47.9,F,American/Indigenous,American/Indigenous,East Asian,True,True,0.016969712411072452,0.018151297716383304,0.4404802388649984,0.016386370913010893,0.508012380094535,0.2115560318668268
IND002058,83.5,M,European,European,,False,True,6.730073294428989e-07,0.596477344698043,0.16402315439737278,0.2393114908466869,0.0001873370505678615,-1.0424017027920374
IND002059,68.9,M,American/Indigenous,American/Indigenous,European,True,True,0.14400967327707667,0.38883535507717243,0.0018834301675001454,0.04725402222791657,0.4180175192503343,0.1758024416533121
IND002060,79.9,M,African,African,,False,True,0.3417627967286194,0.0797984002248006,0.10729920312981407,0.2445623684739098,0.22657723144285616,0.8602331005176486
IND002061,38.1,M,American/Indigenous,American/Indigenous,African,True,True,0.3629169451677222,0.17753775346720344,0.06032629619682339,0.0033426221694086112,0.39587638299884215,-0.007217052801350654
IND002062,81.8,M,East Asian,East Asian,,False,True,0.004430106210995317,0.12374783366689271,0.635468321015015,0.23635192983066222,1.80927643469567e-06,-0.7129193618292142
IND002063,49.9,M,South Asian,South Asian,,False,True,0.16202470919615927,0.08293644706212672,0.009641140035681506,0.7438993217449804,0.001498381961052245,0.4216184169341819
IND002064,78.7,F,South Asian,South Asian,American/Indigenous,True,True,0.006862757728351098,0.030352664117273692,0.019891157590691873,0.5079565341283508,0.43493688643533246,-0.6476658640813431
IND002065,65.8,F,South Asian,African,,False,False,0.315929305301087,9.78280953077806e-05,0.10840358353232796,0.4821150462128853,0.0934542368583919,-1.0845865623109234
IND002066,85.0,M,South Asian,South Asian,,False,True,0.013777512061672246,0.03714194020958471,0.09273852259968955,0.7023865072462983,0.15395551788275516,0.533202858500947
IND002067,81.8,M,South Asian,South Asian,,False,True,0.1671433222650148,0.05383931285175655,0.02922499444617045,0.7469194901651292,0.0028728802719291745,-1.6111781271285395
IND002068,64.6,M,European,American/Indigenous,,False,False,0.0764243016534875,0.8480590738884081,0.005377615899926461,0.01698577413043793,0.053153234427740156,1.079996193300572
IND002069,85.0,F,South Asian,South Asian,African,True,True,0.4363014984531953,0.00017269994347992164,0.11117424859527666,0.44618748324962354,0.006164069758424635,0.8237382999051698
IND002070,39.7,F,American/Indigenous,American/Indigenous,,False,True,0.0017341900886560198,0.10460094080580112,0.035781740658942386,0.05341751495570483,0.8044656134908956,1.2796966679629134
IND002071,28.1,F,European,European,,False,True,0.1200491755601424,0.7880745513598909,0.01393928350779454,0.00027941469972545604,0.07765757487244676,1.424781042175989
IND002072,72.6,M,European,European,,False,True,0.0011884119076208286,0.804881990420828,0.14358428091967412,0.03739607503835399,0.012949241713523298,1.2180875842685994
IND002073,78.9,F,African,African,,False,True,0.4146327636168591,0.00012578923014897834,0.16555404073493793,0.05004405147896884,0.3696433549390851,1.3549463824569088
IND002074,18.0,F,African,European,,False,False,0.4384820733366057,0.3296163948338985,0.0002668059031834769,0.22753094529491394,0.004103780631398696,0.45526890116743784
IND002075,77.3,F,South Asian,South Asian,,False,True,0.03405113353598246,0.10631143171275395,0.0014862827430764897,0.857847715574173,0.00030343643401408186,0.8107756827860159
IND002076,75.2,F,American/Indigenous,American/Indigenous,,False,True,0.10555334573215931,0.00655427296264062,0.006497968968259884,0.2325638224419774,0.6488305898949629,-1.3638336266692022
IND002077,40.9,M,South Asian,South Asian,,False,True,0.028624729661008198,0.19097042447968335,0.0029796482950675833,0.5670155384419101,0.21040965912233073,-0.6903702279278718
IND002078,85.0,F,American/Indigenous,American/Indigenous,,False,True,0.22443777821961344,0.002550608613437814,0.1791440697857932,0.0013435803971863888,0.5925239629839691,-0.018014521449413567
IND002079,18.0,F,African,African,,False,True,0.8547666391582566,0.029276489083339286,0.11583651882643664,2.430470947159552e-05,9.604822249585881e-05,-0.3045919607852762
IND002080,50.0,F,American/Indigenous,American/Indigenous,,False,True,0.030817629509407224,1.0948538918874475e-07,0.14903966681032416,0.27958654960236445,0.540556044592515,-0.7524862600698419
IND002081,50.1,F,American/Indigenous,American/Indigenous,South Asian,True,True,0.24855343676920882,0.004600528303122042,6.0186448758336626e-05,0.2553182991858049,0.4914675492931059,0.7895007216377719
IND002082,24.4,M,European,European,East Asian,True,True,0.002837905296984174,0.4720255261520973,0.39265893476603425,0.09746128622934144,0.03501634755554282,0.2088850855647363
IND002083,45.8,F,American/Indigenous,American/Indigenous,East Asian,True,True,0.005494396730808215,0.2953626602543797,0.31987160346503546,0.020941593928734913,0.35832974562104175,-0.8813853057276712
IND002084,51.5,F,American/Indigenous,American/Indigenous,,False,True,1.8404251310888443e-05,0.0009195208899674249,0.000707365885256922,0.025129256338011097,0.9732254526354538,1.6094837955443337
IND002085,38.6,M,European,European,,False,True,0.18425302947397457,0.6611503333222798,0.0005843874665217178,0.006597358672457032,0.14741489106476685,1.0930821017492112
IND002086,25.4,F,American/Indigenous,American/Indigenous,East Asian,True,True,0.034203161387783586,0.1346349542523921,0.3258827815612247,0.008946671539732312,0.49633243125886745,0.7729252084234053
IND002087,61.3,F,American/Indigenous,American/Indigenous,,False,True,0.07698772647659721,0.07449298648945109,0.010011524182599561,0.0317120713839216,0.8067956914674306,0.3873118286978532
IND002088,31.1,F,American/Indigenous,American/Indigenous,,False,True,0.0004858520219249793,0.04699165187349294,0.00536569684721698,2.873153041580793e-07,0.947156511942061,1.096134929620685
IND002089,33.0,F,American/Indigenous,American/Indigenous,European,True,True,0.001578097296775668,0.4843468365496507,0.0003858505913386429,0.004408846496129947,0.509280369066105,1.0853133717789762
IND002090,38.1,F,East Asian,East Asian,South Asian,True,True,0.01558794903185684,0.005028016397565792,0.5134437206110773,0.3190779113493282,0.1468624026101717,-0.9939477968934005
IND002091,27.9,F,European,European,American/Indigenous,True,True,0.0006154225330572819,0.5706842089524417,0.02829913961878694,0.03378571461984317,0.3666155142758711,0.14534748946812165
IND002092,85.0,F,American/Indigenous,American/Indigenous,,False,True,0.029792249694429684,0.02649676745239458,0.24967934738922504,0.2483744697201632,0.4456571657437875,1.0524066421126737
IND002093,23.1,F,European,European,American/Indigenous,True,True,0.01947409585009791,0.4312117497137492,0.25614502954890184,0.033080895465926574,0.2600882294213245,-0.3289035076231399
IND002094,85.0,M,American/Indigenous,American/Indigenous,East Asian,True,True,0.0005959043765604369,0.03921374896234,0.30724890936551724,0.026378377271611398,0.6265630600239709,-0.08899884758775012
IND002095,45.5,F,European,European,American/Indigenous,True,True,0.0546851923072152,0.30126833127002955,0.19594191538557687,0.1892962026101919,0.25880835842698646,0.4260366961601457
IND002096,69.9,F,African,African,South Asian,True,True,0.3470311776015591,0.25866947699229936,0.03210792280054224,0.31612796547912064,0.046063457126478635,-0.13203529213649334
IND002097,48.2,M,East Asian,East Asian,,False,True,0.30758211106120437,0.004074352755485382,0.6340288510848222,0.0007132913797855315,0.053601393718702595,-0.5229549438782726
IND002098,38.1,M,American/Indigenous,South Asian,,False,False,0.0031092259716681927,0.06772080321318126,0.034018427204539146,0.2763778960539913,0.6187736475566201,0.6772346503755108
IND002099,70.0,M,South Asian,South Asian,,False,True,0.007313768423937518,0.0012711221301017546,0.03201487035507109,0.7371224253857499,0.22227781370513983,-0.5527317199860583
IND002100,21.5,F,European,European,American/Indigenous,True,True,0.010454246861374486,0.3598296608744881,0.004336924570193028,0.2966786446558101,0.3287005230381343,0.7172177869459949
IND002101,42.9,F,African,African,,False,True,0.7443578511100173,0.11523564117460583,0.12088517217637029,0.016479972899012877,0.003041362639993608,-0.5371643800573785
IND002102,60.9,M,African,African,,False,True,0.6228015690992872,0.3027512408118027,0.002416749857151995,0.02565008082775641,0.04638035940400161,-0.9225079138394165
IND002103,18.0,F,European,European,East Asian,True,True,0.03297995792026681,0.42676098861221234,0.42362544970565524,0.08399162473487312,0.03264197902699252,0.7040606175744364
IND002104,34.8,F,African,African,European,True,True,0.6243396907421063,0.3122404178633325,0.006233298914943735,0.04497105940873094,0.012215533070886566,0.25016387588229216
IND002105,63.5,F,American/Indigenous,American/Indigenous,,False,True,2.2096249805158865e-05,0.06470343438124358,0.0840111926309221,0.017452441512958945,0.8338108352250703,0.39691302325230704
IND002106,27.2,F,African,African,,False,True,0.6192080041799354,0.3766476053075495,0.00033382381632769594,0.0005805207949809175,0.003230045901206564,0.5530837411313232
IND002107,49.9,M,South Asian,South Asian,,False,True,0.03668481491531315,0.06852937342319923,0.060581831929486595,0.4882214893537604,0.3459824903782405,0.203988770790736
IND002108,82.9,F,European,European,,False,True,0.0012676413909332037,0.8408488752833847,0.014929276783965037,0.08381385676012311,0.0591403497815939,0.2881001720932461
IND002109,61.1,M,American/Indigenous,American/Indigenous,,False,True,0.3207622217006356,0.015285570835532098,0.0018899204365901145,0.06103928159259526,0.6010230054346469,-0.11517136395587646
IND002110,24.5,M,American/Indigenous,American/Indigenous,,False,True,0.18999228803279145,0.009489397171246467,0.035098937356265174,0.009517525748587826,0.7559018516911089,-0.6121266252027775
IND002111,51.7,F,American/Indigenous,American/Indigenous,,False,True,0.01874008471777632,3.716172341126967e-06,2.5463860057061617e-05,0.056090288099338886,0.9251404471504866,0.32052730333346385
IND002112,43.1,F,East Asian,American/Indigenous,,False,False,0.0016303525681080492,0.02943391882518274,0.5512464822431675,0.1270513537914822,0.29063789257205946,-1.0514334398158762
IND002113,70.2,F,East Asian,East Asian,,False,True,0.16458766077642392,0.29461971512872237,0.48284315317112747,0.057608275475581804,0.0003411954481444962,-0.735888858718136
IND002114,60.9,F,American/Indigenous,European,East Asian,True,False,9.626210989361277e-08,0.17555897378708707,0.35507327683766093,0.008603141545032144,0.46076451156810994,0.826748131512873
IND002115,56.4,F,American/Indigenous,American/Indigenous,African,True,True,0.36863387847191426,0.13286546045660833,0.005454004893206617,0.005002814166495449,0.4880438420117753,1.4792369742525018
IND002116,30.2,F,American/Indigenous,Other/Unknown,,False,False,0.013381182449135613,0.02558254535566427,0.1951236464794617,0.00022810683765566957,0.7656845188780826,-0.3723879024556712
IND002117,59.8,F,South Asian,South Asian,,False,True,0.08286563282260416,0.03549440418229163,0.29959417838112296,0.5718601365244796,0.010185648089501566,0.8320306221735337
IND002118,38.6,F,East Asian,East Asian,African,True,True,0.407753712112303,0.009821155064547725,0.5602458121311628,0.02074191247531377,0.0014374082166728594,1.109525084209223
IND002119,39.6,F,American/Indigenous,American/Indigenous,,False,True,0.0010899757061103063,0.1186257346586128,0.16394477075061228,0.07658268255255861,0.639756836332106,-0.6409081226650651
IND002120,74.2,F,East Asian,East Asian,,False,True,0.05673996803817528,0.215483723178206,0.7226312819870948,0.00013786489315335902,0.00500716190337057,-1.859242406454709
IND002121,83.0,F,American/Indigenous,American/Indigenous,East Asian,True,True,8.517881462072319e-05,0.048322943197522346,0.3617941564810015,0.047032903304747214,0.5427648182021082,1.6814455322254078
IND002122,84.8,F,European,European,,False,True,0.10309178227526415,0.8347184732807706,0.038273656777167216,0.018898101055746786,0.005017986611051137,0.3646041151395496
IND002123,77.9,M,European,European,American/Indigenous,True,True,5.5640945829853135e-05,0.4772522578585054,0.00010356611203853825,0.24675082379468574,0.27583771128894063,-0.11948002865418703
IND002124,28.8,M,South Asian,South Asian,East Asian,True,True,0.16548578886716164,0.07439965143241609,0.2970067158618521,0.4630769245757938,3.091926277635765e-05,-0.8158860156570493
IND002125,68.4,F,South Asian,South Asian,,False,True,0.00931956137088931,0.0003090384986666024,0.13075549365376415,0.6994908801054674,0.16012502637121243,0.873791266232437
IND002126,85.0,M,South Asian,South Asian,American/Indigenous,True,True,3.513257259077041e-08,0.0007777045948192118,0.08975233790966111,0.5598830901470075,0.34958683221593956,1.1123319879596179
IND002127,85.0,F,American/Indigenous,American/Indigenous,South Asian,True,True,0.09265925696413065,0.029718103740377828,0.0001853982330042415,0.34904597037452734,0.5283912706879599,0.41440745645804516
IND002128,53.7,F,African,South Asian,,False,False,0.6334047857793479,0.21145764287133234,0.00022085394429040885,0.14296277864798237,0.011953938757047148,0.11347528409347851
IND002129,45.9,M,American/Indigenous,American/Indigenous,,False,True,0.17019189907374233,0.062428631485081335,0.006151727306933846,0.020033574869853733,0.7411941672643888,0.08896691620649665
IND002130,58.3,F,American/Indigenous,American/Indigenous,,False,True,0.17488408389900564,0.12210705035124404,0.045497267602129667,0.00923024688425991,0.6482813512633607,1.058914307639023
IND002131,38.0,F,South Asian,South Asian,,False,True,0.026242232880323124,0.0012153525703480373,0.0031225299918048025,0.9656738526101913,0.0037460319473326983,-1.2814276145606363
IND002132,51.9,M,European,European,American/Indigenous,True,True,0.014630417555246123,0.4857389266206462,0.024886491776816726,0.079946682238628,0.39479748180866286,0.19739225347280234
IND002133,54.5,M,South Asian,South Asian,,False,True,0.09096116964467803,5.406673597123026e-06,0.025816100989342963,0.841316148631515,0.04190117406086681,0.15167776796250243
IND002134,82.9,M,American/Indigenous,American/Indigenous,,False,True,0.00015436370639528295,0.05815571257610917,0.23658184678170868,0.2302909495066362,0.47481712742915066,0.4209287392832396
IND002135,18.0,F,African,African,,False,True,0.84808090553415,0.034101592288279,0.0121065638678139,0.0011300070414814196,0.1045809312682757,-0.7963061485449499
IND002136,42.2,F,African,African,,False,True,0.8847892562847987,0.0944565384753267,0.014253100765392523,0.0023861443255189965,0.004114960148963125,0.5055225155245335
IND002137,40.3,F,American/Indigenous,American/Indigenous,,False,True,0.016666785766962493,0.0008319436211683722,0.06820564657524661,0.11120690989361229,0.8030887141430103,0.7440545073412949
IND002138,27.6,M,South Asian,South Asian,,False,True,0.0258535600095414,0.03043624162303027,0.00918197938770377,0.732876921478123,0.20165129750160168,1.9747964745616862
IND002139,60.1,M,American/Indigenous,American/Indigenous,East Asian,True,True,0.020582802042149257,0.021541285757443882,0.44217167184748574,0.0435811843601668,0.47212305599275417,1.2112460111394525
IND002140,75.2,M,European,East Asian,,False,False,0.000336085199562422,0.6484978670327674,0.2229239739388129,0.06583314383643517,0.062408929992421855,1.0238316711158209
IND002141,47.1,M,American/Indigenous,South Asian,,False,False,0.039044773589648606,0.13264081984974707,0.03607255888022517,0.18868821217814258,0.6035536355022366,0.0711471224228638
IND002142,23.1,M,African,African,,False,True,0.45558365347503277,0.45525114166138014,0.005332755533544302,0.021499390376055603,0.062333058953987525,-0.08322089435973251
IND002143,44.8,F,European,European,African,True,True,0.2555949841408802,0.6768538114534646,0.00022584555380362613,5.1472525344843214e-05,0.06727388632650652,-0.26595476763436654
IND002144,51.2,F,South Asian,Other/Unknown,,False,False,0.0038985302179400856,0.05286894800030893,0.008917448359161589,0.8023119443120617,0.13200312911052772,-0.36183665907216284
IND002145,58.9,M,European,European,African,True,True,0.3752351952274125,0.4275544971031504,0.12854413554401262,0.06400565188364714,0.004660520241777237,-1.7762723058019858
IND002146,45.6,F,American/Indigenous,South Asian,African,True,False,0.27915222630978526,0.025224027996335288,0.27508456203738024,0.1363132477999089,0.2842259358565904,0.75541695298501
IND002147,41.1,F,East Asian,East Asian,,False,True,0.20631553553400547,0.11734427733528206,0.4485765819299905,0.2275864318030989,0.00017717339762292892,-0.880969076854645
IND002148,72.6,F,American/Indigenous,American/Indigenous,South Asian,True,True,0.013462771545237014,0.27424711730027385,1.411144740595852e-05,0.34605344949829653,0.36622255020878663,1.6679336093748627
IND002149,72.1,F,American/Indigenous,American/Indigenous,,False,True,0.24789932202266185,0.0008632959560624807,0.10379356867305264,0.1541974328086079,0.493246380539615,-1.580167019739567
IND002150,82.5,M,South Asian,South Asian,,False,True,0.06251100931377261,0.022584800227094297,0.018089357063402756,0.7235580223978374,0.17325681099789292,-0.8076121533282434
IND002151,55.6,F,East Asian,East Asian,European,True,True,0.044074914093434635,0.33898452741721535,0.6135435619763279,0.0021695781282945383,0.0012274183847276949,0.8422519191397877
IND002152,34.7,M,American/Indigenous,American/Indigenous,East Asian,True,True,0.06095915429017195,0.01947699454694829,0.2567107468433863,0.005417268592332497,0.6574358357271609,-0.24544234698884948
IND002153,26.2,M,African,African,European,True,True,0.6226618880107445,0.37119822063808827,0.0028438615441331084,0.0032933710601054994,2.6587469285829586e-06,0.677201070966634
IND002154,61.4,M,South Asian,South Asian,African,True,True,0.26810892409204207,0.024173292258946846,0.119286479052409,0.43803769024239503,0.15039361435420712,1.0135193009015133
IND002155,80.8,F,American/Indigenous,American/Indigenous,,False,True,0.13284894796406346,0.01258473947319991,0.01104354033397686,0.2096298019232452,0.6338929703055146,0.2556946491547851
IND002156,45.5,M,American/Indigenous,American/Indigenous,,False,True,4.541731274359972e-05,0.00024631947800441887,0.011823997171586904,6.167420946047776e-05,0.9878225918282046,-2.17327510183152
IND002157,46.6,M,American/Indigenous,East Asian,,False,False,0.16388442056347838,0.24671365828949504,0.008376394108060532,0.0007172724773700064,0.580308254561596,-0.217209785299892
IND002158,31.2,M,American/Indigenous,American/Indigenous,South Asian,True,True,0.06694938923304956,0.03602435282183933,0.0034967969728701394,0.3843442036276085,0.5091852573446325,1.4082464739976874
IND002159,76.6,F,European,European,South Asian,True,True,0.09128454703359283,0.641174577164182,0.0007466450777486912,0.2548859202656607,0.011908310458815803,0.4109073508960232
IND002160,68.0,F,East Asian,African,,False,False,0.15576290664869177,1.7941528088038742e-07,0.8206402467066274,0.023510280160694827,8.638706870519596e-05,0.7589975985761538
IND002161,62.7,F,European,European,East Asian,True,True,0.17970283646301718,0.5073356617550291,0.3085209700758636,0.0018230102077832324,0.0026175214983068505,-0.9673033077680805
IND002162,27.2,M,American/Indigenous,South Asian,,False,False,0.014317812913148356,0.0990681082498198,0.0019292861769893497,0.17322319897362257,0.7114615936864199,-0.014365047503923978
IND002163,55.9,M,South Asian,South Asian,,False,True,0.21821013146318063,0.0694030103580469,0.03320411604696729,0.6791675988922465,1.5143239558704791e-05,-0.2126934694638979
IND002164,50.4,M,American/Indigenous,American/Indigenous,,False,True,0.024524167311621888,0.0330903736966981,0.010404951152417031,0.016221313150980052,0.9157591946882828,0.4362795333525071
IND002165,41.3,M,South Asian,Other/Unknown,,False,False,0.11507254087943275,0.18457651530010322,0.22828241589933418,0.47189168085035765,0.0001768470707723173,0.7081312059225009
IND002166,34.7,M,African,African,,False,True,0.9374463350144145,0.06058152406277837,3.26196293518622e-07,1.6779733618685714e-05,0.0019550349928947703,-1.1349920274576697
IND002167,50.9,M,East Asian,East Asian,,False,True,0.22318307185374195,0.03218221379836474,0.5553490509775179,0.0011040591465811724,0.18818160422379435,1.1993396659857292
IND002168,32.5,F,American/Indigenous,American/Indigenous,South Asian,True,True,0.13058150657275294,0.0017199650003240086,0.00313226157478611,0.2753312794250076,0.5892349874271292,-1.049790347959171
IND002169,72.2,F,American/Indigenous,American/Indigenous,,False,True,0.022722991472110245,0.019858784066063097,0.2693049169353395,0.00942194493467764,0.6786913625918096,0.45238807481716203
IND002170,82.6,F,African,African,East Asian,True,True,0.6996356668495427,1.3506130498171872e-06,0.27094676615878405,0.0006389465668909264,0.028777269811732436,-0.000651773107483905
IND002171,73.2,F,African,African,,False,True,0.8059525793519163,0.003074527975986049,0.00022555536123011635,1.269070990985513e-05,0.19073464660095757,-0.8990378703349869
IND002172,71.0,F,European,European,,False,True,0.04400831477663996,0.9172397637547843,0.015389034741764014,0.007389211996151724,0.01597367473065998,0.42885132192648506
IND002173,73.4,F,European,European,,False,True,0.011204823549477223,0.9814087684635774,0.0006624268554194054,0.003485977691407074,0.003238003440118905,-0.8868794404976434
IND002174,51.7,F,South Asian,South Asian,American/Indigenous,True,True,0.20717308955016764,0.06834547405655751,0.030981987477499768,0.44338681460194523,0.2501126343138299,-1.8738380933608245
IND002175,85.0,M,American/Indigenous,American/Indigenous,,False,True,0.20732336897497244,0.0015200372720959921,0.0424547981677413,0.11595795114395727,0.632743844441233,-0.060075072585105804
IND002176,21.7,F,African,African,,False,True,0.7822780876513094,0.007096610064584678,0.0009037827726778387,7.93812609573433e-06,0.20971358138533255,-0.7877896683396861
IND002177,24.5,M,European,European,South Asian,True,True,0.17862997617784968,0.39993491155052274,0.00013182622916529634,0.3626618934590935,0.05864139258336887,0.4429249446902031
IND002178,42.7,M,South Asian,South Asian,,False,True,0.06060926335807572,0.09267028387974084,0.2961384265807336,0.3371607843442102,0.21342124183723965,1.031081468774301
IND002179,52.8,M,East Asian,American/Indigenous,,False,False,0.006227823691897789,0.07127395923813161,0.5652894555764231,0.029332464905401607,0.3278762965881459,-1.6420520841850017
IND002180,28.3,F,African,African,American/Indigenous,True,True,0.5502579319193875,0.0010201043531853627,0.0012294006733100146,0.00029032333491802603,0.4472022397191991,0.8671978339494735
IND002181,58.4,M,European,East Asian,,False,False,0.00045337071785076167,0.9742572114720334,0.02511872444687469,0.0001641300438088764,6.563319432263594e-06,0.49136603238981
IND002182,45.2,F,American/Indigenous,American/Indigenous,,False,True,0.10300658270331203,0.005606227160987038,0.0008947293599818528,0.10195530624661465,0.7885371545291046,1.783479588801982
IND002183,70.1,F,East Asian,East Asian,South Asian,True,True,0.0008542072533594425,0.04136193209584316,0.6308268889950751,0.32189391460580014,0.005063057049922211,-0.34190851608984507
IND002184,44.5,F,African,African,European,True,True,0.5111499405659026,0.44548883613123275,0.03944688049991587,0.003905038364239382,9.304438709428865e-06,-1.4305388457575108
IND002185,41.6,M,European,European,East Asian,True,True,0.15066887968018408,0.5145341358726121,0.33080457649333295,0.002568799865677869,0.001423608088193008,-0.7996351258078184
IND002186,64.4,M,American/Indigenous,American/Indigenous,,False,True,0.060024000556811875,0.08748165673726019,0.2074365728152186,0.10271886426909209,0.5423389056216172,1.8137446072457317
IND002187,59.4,F,American/Indigenous,American/Indigenous,,False,True,0.005264050330252981,1.5405454757708128e-10,0.017795883120491286,0.013592651839912765,0.9633474145552884,1.3398719990364119
IND002188,26.7,F,American/Indigenous,American/Indigenous,,False,True,0.006974396741852708,0.0006302104426544735,0.00491010339418475,0.40082117109495424,0.5866641183263538,-0.7495418422761378
IND002189,44.6,F,European,European,African,True,True,0.3035758062247797,0.6961855021672053,1.8471377774556518e-07,0.00022413890925637508,1.436798498090416e-05,1.2713468771696121
IND002190,51.4,F,South Asian,South Asian,East Asian,True,True,0.05925309990442769,0.06609024284885875,0.3799759922020176,0.4906933336909025,0.003987331353793323,0.40092776194284246
IND002191,25.5,M,East Asian,East Asian,,False,True,0.21991506906203526,0.12399103940404946,0.5610943817058286,0.09168274769361265,0.0033167621344740274,0.08650889275176026
IND002192,44.4,M,African,African,South Asian,True,True,0.433842689471965,6.78174435252634e-06,0.10192045244008867,0.42416677627421556,0.04006330006937814,-0.6356868723936806
IND002193,27.2,F,American/Indigenous,American/Indigenous,,False,True,2.543857005428217e-07,0.0034092599383515883,0.0032648160903316847,1.1531488830021119e-06,0.9933245164367333,-0.15723546301505723
IND002194,75.4,F,European,European,,False,True,0.06400462393318758,0.7882316583613356,0.04982703321134238,0.02202122923632349,0.07591545525781093,-0.7823033105678788
IND002195,72.8,F,African,African,South Asian,True,True,0.4163105038840274,0.13733231858042672,2.6318831463771183e-05,0.41585854837207054,0.030472310332011393,0.12495797289191686
IND002196,85.0,F,South Asian,South Asian,,False,True,0.18587143873915693,0.018181894939724007,0.10043836025648338,0.6768581209147878,0.018650185149848064,-0.22883337129848325
IND002197,41.8,F,European,European,African,True,True,0.31403342626010244,0.3299385787121651,0.09780906632290619,0.2541381475728574,0.004080781131968737,0.6608899848178309
IND002198,69.1,M,European,European,,False,True,0.0006188538347394152,0.6987520896587667,0.016246003475403756,0.07627459678657078,0.20810845624451943,1.0455470661444868
IND002199,85.0,M,American/Indigenous,American/Indigenous,,False,True,0.008855218856029546,0.18759827683044006,0.06183415530923164,0.08403934967493897,0.6576729993293597,0.7865777162772739
IND002200,72.9,M,African,African,,False,True,0.6080622081370995,0.061431180257975226,0.005185035552885382,0.3070646317044218,0.01825694434761806,0.04158973131076367
IND002201,58.0,M,East Asian,East Asian,,False,True,0.07480590961890898,0.1686748479793914,0.6461282488280033,0.015227037835310018,0.0951639557383863,-1.978783699472985
IND002202,56.6,F,African,African,American/Indigenous,True,True,0.616530343538327,0.002749531402148715,0.022937435644253608,0.09301064348265334,0.2647720459326172,0.27884519342777825
IND002203,23.6,M,African,African,,False,True,0.5397129555887565,0.1602360391148264,0.17907071671263156,0.05226845148014775,0.06871183710363807,0.16906486888794647
IND002204,18.0,F,European,European,,False,True,0.03355502015011714,0.6800069020373464,0.026035206672476687,0.128837062095126,0.13156580904493378,1.045763127760755
IND002205,26.2,M,South Asian,South Asian,,False,True,0.057532151465730916,0.030037034685233437,0.004431853688165387,0.6333688650826126,0.2746300950782577,-0.07315990853564533
IND002206,46.0,F,American/Indigenous,European,,False,False,0.012636039739081374,0.11923093723085465,0.05941989618087678,0.05335497973092547,0.7553581471182617,0.40087065844490494
IND002207,53.5,M,East Asian,East Asian,,False,True,0.07661165394471248,0.000505399989407143,0.6871475510395856,0.13697185924707697,0.09876353577921795,-1.3190157031342375
IND002208,48.9,M,American/Indigenous,American/Indigenous,,False,True,0.07857175389983445,0.00037601074368503134,0.0004727656493566244,0.17680587005637857,0.7437735996507454,-0.10021408871586662
IND002209,46.9,M,South Asian,East Asian,African,True,False,0.33870459630319877,0.05417824752948931,0.1407816393130192,0.4085272260175385,0.057808290836754275,-0.8027061878871786
IND002210,62.8,M,American/Indigenous,American/Indigenous,,False,True,0.18880223513118471,0.0072580114515937945,0.002107707871039881,0.012098468235859175,0.7897335773103225,0.32512599035341566
IND002211,74.3,F,American/Indigenous,American/Indigenous,,False,True,0.005361223321328223,0.07368930418089391,0.0005493756978340337,0.0043279406005929215,0.9160721561993509,-0.5175940287492946
IND002212,57.6,M,European,European,,False,True,0.21902295030412217,0.47657844738116795,0.2557271486596855,0.0024289370208255743,0.04624251663419893,0.7738551746013123
IND002213,47.7,M,East Asian,East Asian,American/Indigenous,True,True,0.1500668666580458,0.23820780086412924,0.3144757458549343,0.003820499450169546,0.29342908717272104,-0.7823145257047306
IND002214,85.0,F,East Asian,East Asian,European,True,True,4.3062378471543456e-07,0.26320881161002246,0.27956375310463855,0.26044039627846577,0.19678660838308853,-0.2706613636103372
IND002215,20.8,M,South Asian,South Asian,,False,True,0.3778647942738831,0.0005199287014690844,0.026446204092055725,0.5862560252821826,0.00891304765040955,-0.7206483867155061
IND002216,65.5,M,European,European,East Asian,True,True,0.009554346344146706,0.5274334209510301,0.32965844153854285,0.12651877744798798,0.006835013718292247,-0.7440738201206567
IND002217,49.8,M,South Asian,African,American/Indigenous,True,False,0.0028396753783559037,0.015190841540571643,0.11995497967084731,0.5121721793352484,0.3498423240749767,1.2284641831061711
IND002218,33.9,M,East Asian,East Asian,,False,True,0.12157456974284163,0.0010194718752203893,0.8264185181904292,0.009572054471123394,0.041415385720385424,-3.5372809425598826
IND002219,29.3,F,American/Indigenous,American/Indigenous,,False,True,0.27454828175866836,0.00025437462038318837,0.2796549901774135,0.0704397995223037,0.37510255392123126,-0.7541801851387127
IND002220,47.6,M,European,European,,False,True,0.24308991122724022,0.4920182729112017,0.0021133160294053285,0.20772341041541126,0.055055089416741414,0.656760800058017
IND002221,69.1,M,East Asian,East Asian,European,True,True,0.24917816573423074,0.2647054493877941,0.4824858765648487,0.0031474211285545356,0.000483087184572116,0.8990646246601119
IND002222,45.9,M,East Asian,East Asian,,False,True,0.26268723572052477,0.04980926949759862,0.3595486064056664,0.32543908633221424,0.002515802043996164,-1.1120679610523485
IND002223,79.3,M,East Asian,East Asian,,False,True,6.643391771682983e-06,0.17164660604633575,0.7834788903691442,0.039920733571357156,0.004947126621391194,-0.896909093829034
IND002224,66.7,F,African,African,,False,True,0.6215897828945667,2.292973594713162e-05,0.037890646363046,0.20644065687608065,0.13405598413035955,0.752880326763488
IND002225,78.1,F,East Asian,East Asian,,False,True,0.10709686637546029,0.010342897588403581,0.7920944777100741,0.08701301797689422,0.0034527403491676216,1.777930358838138
IND002226,66.3,M,East Asian,East Asian,,False,True,0.0076109675334384225,0.04620313914618116,0.7385390377451184,0.004579247444577212,0.20306760813068492,-0.8973168077753338
IND002227,41.6,M,European,European,African,True,True,0.30635984924120174,0.6446717293799791,0.006959792070894015,0.0018286488058156629,0.04017998050210947,0.3301000952768308
IND002228,67.8,M,African,African,,False,True,0.7445357702322893,0.029838078739630406,0.03144878061997651,0.007392952210908384,0.1867844181971953,-0.5054975682410261
IND002229,45.8,M,American/Indigenous,American/Indigenous,,False,True,0.024350876623278297,0.01966388138081975,0.23543877211248515,0.14985137294533984,0.570695096938077,0.6100364002588444
IND002230,62.1,M,American/Indigenous,American/Indigenous,European,True,True,0.030126122790047016,0.39741338613704347,0.006995118043851127,0.009093290083254213,0.5563720829458043,-0.27882983237245124
IND002231,67.1,M,East Asian,East Asian,,False,True,2.1505995473487054e-05,0.12371657860267249,0.5274151122448073,0.16995911465991384,0.17888768849713288,-0.2701159751857921
IND002232,71.9,M,East Asian,East Asian,,False,True,0.08662536457291342,0.03953074516514414,0.8687321387049509,0.0030031550632997,0.0021085964936915927,-0.9406476932325967
IND002233,56.8,M,South Asian,South Asian,,False,True,2.168474126609541e-05,0.17205303201058694,0.00180455928635867,0.739357974107703,0.08676274985408532,-0.14007366931130794
IND002234,21.4,F,East Asian,East Asian,,False,True,0.37641968904817885,1.1759816904367294e-05,0.5322359236544115,0.0005893687559064945,0.09074325872459878,-0.2029773015588494
IND002235,49.1,M,African,African,,False,True,0.7831888837699967,0.0008608188422709466,0.21117242853743945,0.001123129293777822,0.0036547395565150694,0.2135336219804227
IND002236,48.6,F,American/Indigenous,American/Indigenous,,False,True,0.014301073252478641,0.018726401544379427,0.000476533018816462,0.026917563994347825,0.9395784281899776,-0.03437526086993359
IND002237,74.0,M,European,European,African,True,True,0.4367210860331412,0.5218158220357153,9.813919691077295e-07,0.0031657604405404987,0.03829635009863385,0.7151858506833553
IND002238,23.4,F,American/Indigenous,American/Indigenous,,False,True,0.04335367615515537,0.10555708966535195,0.003019839732806551,0.21046710168686994,0.6376022927598163,-1.13375911625499
IND002239,42.4,F,African,African,,False,True,0.9141664260337408,0.08292866264996948,9.894723328140702e-05,0.002545101313466025,0.0002608627695424062,-0.3447584556291622
IND002240,18.2,M,African,African,,False,True,0.2852242820284956,0.16029658586497733,0.25269467305707066,0.06387733301630448,0.2379071260331519,-1.3096113956648012
IND002241,67.1,M,European,European,,False,True,0.017362898806232416,0.8492558678436765,0.006066086035738338,0.016823510434085986,0.11049163688026677,0.6678808243679188
IND002242,32.7,F,African,African,,False,True,0.8359532659763645,0.008578358887465705,0.1434013545135417,2.2139610295969215e-07,0.012066799226525054,0.09784394288078163
IND002243,64.1,M,European,European,,False,True,0.002108590568365426,0.8249402996238098,0.02040745402304207,0.05008978238550348,0.10245387339927929,2.540888017690462
IND002244,55.9,M,African,African,European,True,True,0.36861824573282076,0.30460884127318555,0.0067846766578533715,0.13922230571825023,0.18076593061789017,-2.3385572704755684
IND002245,24.3,M,European,European,,False,True,0.21750642557726574,0.7118714055277802,0.020561171463639342,0.014551073840294429,0.035509923591020384,0.9893251027859948
IND002246,73.2,M,African,African,,False,True,0.9048717313206436,0.008703106209389508,0.0829535038517469,0.0034691499344329034,2.508683787115158e-06,0.25254502924033606
IND002247,43.1,M,South Asian,European,,False,False,0.2701438234140585,0.08753102847520923,0.0016439657157350635,0.6404327974564651,0.00024838493853222794,0.8657550475514224
IND002248,49.3,M,African,African,East Asian,True,True,0.3617098917283238,0.16210147770173247,0.3361604500711064,0.1022079623897116,0.03782021810912581,-0.25308519721831124
IND002249,66.8,M,European,European,,False,True,0.02397925612617551,0.68233557355616,0.15859621920679898,0.027985622589773936,0.10710332852109161,0.09224480365079986
IND002250,85.0,F,South Asian,East Asian,,False,False,0.09911694853023977,0.23810640699274727,0.20626032998678917,0.45615676400728883,0.000359550482935092,1.5432529189791044
IND002251,26.8,M,East Asian,East Asian,African,True,True,0.25407724314456975,0.21434763910203813,0.4708493880668528,0.003056774631123526,0.05766895505541564,-0.2708577841123226
IND002252,42.1,F,South Asian,South Asian,East Asian,True,True,0.028431209641141302,0.06608193696674561,0.26619802093272765,0.6382920325584183,0.0009967999009671308,-0.9238555488552568
IND002253,35.8,M,East Asian,East Asian,,False,True,0.16920114397435526,0.011384726647005391,0.7328204651422959,0.009176755672843364,0.07741690856350002,0.06367077247888775
IND002254,65.9,F,South Asian,South Asian,,False,True,0.08261972191356448,0.0029777629720042433,0.013739999547096086,0.9006013299005073,6.118566682791488e-05,-0.22249912087959167
IND002255,24.2,M,East Asian,African,,False,False,0.4530270356808991,0.0002769321840656585,0.5466202924261572,7.572370510125995e-05,1.6003776624180045e-08,0.21593692555096383
IND002256,67.0,M,African,African,,False,True,0.6580427144538141,0.0013473094726258595,0.0028836449599447395,0.1068147023569163,0.230911628756699,-0.11288723629715158
IND002257,33.0,F,East Asian,East Asian,South Asian,True,True,7.373905456407183e-09,0.09802467718239882,0.6146287656015098,0.26751367638247914,0.019832873459706784,-0.9148247347745752
IND002258,85.0,M,American/Indigenous,American/Indigenous,,False,True,0.09174517882540681,0.005877129371402684,0.02364466896533574,0.2292889716728899,0.6494440511649647,0.4335856341731899
IND002259,25.4,F,American/Indigenous,American/Indigenous,,False,True,0.17858927714935274,0.09457872998777493,0.003968623717897743,3.505690620716208e-06,0.7228598634543539,1.9496172002343448
IND002260,36.1,F,South Asian,South Asian,European,True,True,0.00029561612127169793,0.40086447510477463,0.08163509350940581,0.5170728977976752,0.00013191746687272267,1.238110716204865
IND002261,33.9,F,African,African,American/Indigenous,True,True,0.5892667012577253,0.057587760454355305,0.002881628840521458,0.04455531630564831,0.3057085931417498,0.5920633905291888
IND002262,34.4,M,European,European,,False,True,0.003603859802842889,0.8183455052071839,1.3559292441266007e-05,2.8722419017939094e-05,0.178008353278514,0.719266100634524
IND002263,70.4,M,South Asian,South Asian,,False,True,0.01071182648772573,0.001788356871414885,0.0003476891656509453,0.9871461173688296,6.010106378749046e-06,1.6614670576330557
IND002264,66.2,M,African,African,East Asian,True,True,0.5092761257597183,9.77882272072894e-05,0.4508170473816346,0.03980706885349595,1.969777943920229e-06,-2.0776575584173687
IND002265,27.3,F,East Asian,East Asian,American/Indigenous,True,True,0.05175036219460857,0.25194138359678564,0.3546728107123831,0.06002593354059905,0.2816095099556237,0.3652506411218621
IND002266,74.6,M,East Asian,East Asian,,False,True,0.20862550190867732,0.001360508828484286,0.5973359435209693,0.11557167974081031,0.07710636600105887,-0.041143239007171484
IND002267,51.3,F,European,European,,False,True,0.08839192395914862,0.5948774569427201,0.10589540213534682,0.012641223815333037,0.1981939931474514,-0.35881401358687537
IND002268,67.2,F,American/Indigenous,American/Indigenous,,False,True,0.11486154478912786,0.008551458122647003,0.0049516927091522575,0.07207543703209526,0.7995598673469776,-0.07716103665963248
IND002269,18.0,M,East Asian,East Asian,American/Indigenous,True,True,0.01059531188399749,0.18755222101461205,0.4974489363026038,0.005200277870173765,0.2992032529286129,-0.0690598500096813
IND002270,64.2,F,American/Indigenous,American/Indigenous,,False,True,4.2199719589429785e-06,0.03899772070037189,0.0661523128235379,0.4148344539200348,0.4800112925840964,-0.5844346952738108
IND002271,51.1,M,European,American/Indigenous,,False,False,0.024753958033651876,0.673742121422318,0.0017666335679869878,0.01532194670967447,0.2844153402663686,0.6323968283723491
IND002272,80.2,F,European,European,,False,True,0.0005452184375521923,0.5534549667085799,0.058446626602009194,0.38753699728596025,1.6190965898523076e-05,-2.8705338830940157
IND002273,73.8,M,South Asian,South Asian,East Asian,True,True,0.1799656589634937,0.20679792631730454,0.27654116493931974,0.33636029084231245,0.00033495893756933326,-0.0017057195402519487
IND002274,35.5,F,American/Indigenous,American/Indigenous,,False,True,0.003199349650786621,0.017625388890212226,0.2227822146468589,0.0004257024872916804,0.7559673443248505,1.1472308446606223
IND002275,33.6,F,American/Indigenous,American/Indigenous,,False,True,0.24491072727614052,0.03489301260066718,0.03338470828829145,0.003948287419475512,0.6828632644154254,-0.3951972845202149
IND002276,62.0,M,American/Indigenous,East Asian,European,True,False,0.051579090252507835,0.34109082362672055,0.15458166854187513,0.023589599047483326,0.4291588185314131,-0.5826256477601333
IND002277,35.0,F,East Asian,European,,False,False,0.0001883025525385983,0.09490351316351553,0.8677080693799366,0.0011896035930282374,0.03601051131098102,-0.8040556514198816
IND002278,66.7,F,African,African,South Asian,True,True,0.5358897432516225,0.003418806980384108,0.09332183388721088,0.36736960903101507,6.849767526506101e-09,-0.05873507889139598
IND002279,24.7,F,African,African,,False,True,0.7065925208912971,0.07272187564913946,0.0008975705413648272,0.009549989582371682,0.21023804333582682,1.3991958096616297
IND002280,63.7,M,African,African,,False,True,0.4467452043839735,0.18068478678528596,0.00395515220492536,0.36435806279397953,0.004256793831835482,-1.1220102419308582
IND002281,38.8,F,East Asian,East Asian,,False,True,0.1475738080360021,0.04293058966222951,0.7992613556595459,0.010228302463337358,5.944178885213131e-06,-1.3250963253889407
IND002282,60.6,M,American/Indigenous,South Asian,,False,False,0.0016152662494488138,0.00011793663061556713,6.979509207348397e-06,0.01402043139021377,0.9842393862205144,0.7061770766455315
IND002283,38.5,M,American/Indigenous,American/Indigenous,European,True,True,1.0500249984313829e-07,0.3237984499242541,0.1843417245945211,0.0004560587768473175,0.49140366170187755,-0.025796276719290953
IND002284,55.8,F,East Asian,East Asian,,False,True,0.04209286289645848,0.18161268530886154,0.6309675382881471,0.09355350216857629,0.051773411337956626,0.5002554162325691
IND002285,23.3,M,South Asian,South Asian,American/Indigenous,True,True,5.717811020936367e-05,0.0038062536288135875,0.0645378379115879,0.6412215502563198,0.2903771800930693,-1.3759981475651164
IND002286,31.3,F,American/Indigenous,American/Indigenous,East Asian,True,True,0.03164910872205577,0.055174989990646454,0.3767142644855445,0.10053681600882775,0.4359248207929255,0.3685565919892863
IND002287,61.7,F,European,European,East Asian,True,True,0.019179725884134306,0.45703074794087634,0.4301526842372075,0.010095050530690918,0.08354179140709088,-0.5323466092080074
IND002288,29.1,M,African,European,,False,False,0.5250618332181017,0.3483960510558052,0.0677685688737202,0.05314960882740158,0.005623938024971348,-1.050737262541391
IND002289,65.4,M,African,African,,False,True,0.8941296497224291,6.726044310799144e-05,0.061835585571518505,0.0013173034289025553,0.042650200834041835,-0.10840440140445123
IND002290,36.5,F,South Asian,South Asian,African,True,True,0.2934651907161761,0.0045868959509287825,0.15688367548271867,0.4582237897951897,0.08684044805498677,-0.7007723846998103
IND002291,39.8,F,African,African,,False,True,0.8609528043997098,0.0008812958345319674,0.09094512522464708,2.9273132875452726e-05,0.04719150140823578,-0.4372934847619981
IND002292,56.3,M,South Asian,South Asian,African,True,True,0.3254982537572979,0.08009494502131959,3.0119053126390552e-05,0.4299322912458192,0.16444439092243673,-1.2578193401668039
IND002293,54.0,F,East Asian,East Asian,,False,True,0.03661734528508286,3.2267640690269746e-05,0.7345382580627104,0.2122241853374925,0.01658794367402412,-0.03019548028604202
IND002294,73.6,F,European,South Asian,American/Indigenous,True,False,0.035663990027788695,0.6801681173875891,0.0021852560245473733,0.02025670549389534,0.2617259310661795,-0.4669707018645284
IND002295,22.9,M,South Asian,South Asian,,False,True,0.0030655751813528317,0.05333215756321876,0.006039942653749335,0.9308267677505093,0.006735556851169726,-0.8917711200012043
IND002296,18.0,M,East Asian,East Asian,,False,True,0.25791164337172373,0.0006520557722867311,0.7264656233624329,0.0026993193988291064,0.012271358094727649,0.4447133709192236
IND002297,52.9,F,African,African,American/Indigenous,True,True,0.5453256174911997,0.05353351910215538,0.061246496081213374,0.005090572877226728,0.3348037944482049,-0.33224469879721397
IND002298,35.9,M,European,European,,False,True,0.0029572083317960037,0.962012914532676,0.004085369839045488,0.0016059514042874685,0.029338555892195226,0.32245358151637094
IND002299,55.2,M,American/Indigenous,American/Indigenous,South Asian,True,True,0.009868297723794715,0.08817292176924091,8.71126006259431e-05,0.4139609182531472,0.4879107496531913,-0.12124959846359057
IND002300,18.0,F,African,African,,False,True,0.9170500469289843,0.002555546991230266,0.0752712371460391,0.0004177019250183506,0.004705467008727958,-1.3809909445664
IND002301,35.0,F,South Asian,South Asian,European,True,True,0.046275935779387975,0.38097947643357394,0.014849679447768991,0.39565807045279916,0.1622368378864698,-0.018866355919962635
IND002302,36.8,M,American/Indigenous,American/Indigenous,,False,True,0.0014117636798880243,0.007373341344399822,0.002783116329478686,0.07199465008320488,0.9164371285630285,-0.0005898871649065995
IND002303,39.5,F,African,African,,False,True,0.7289516594063393,0.025598474161243136,0.18995234511475084,0.041702307609682486,0.01379521370798396,-1.3515756613134178
IND002304,39.4,F,European,African,,False,False,0.4038090560739491,0.5765208348490409,0.005595714130254065,7.328716241916816e-06,0.014067066230514062,1.4114355344128704
IND002305,76.0,M,American/Indigenous,American/Indigenous,,False,True,0.19010086326799305,0.2250649457722322,6.562939343722973e-05,0.03960246854835329,0.5451660930179841,2.501675767429107
IND002306,44.5,M,East Asian,East Asian,South Asian,True,True,0.15550347234197318,0.008010917516252212,0.43263836705390346,0.3778948565283976,0.02595238655947338,-0.8148465710354503
IND002307,76.3,F,East Asian,East Asian,,False,True,0.07403161205078662,0.07218799023498755,0.8359391456905415,0.0017833928756943208,0.016057859147990038,-1.812828229346477
IND002308,28.0,M,American/Indigenous,American/Indigenous,,False,True,0.2883129654961503,0.008219425696945616,0.003196892664426882,0.07603690306654681,0.6242338130759305,0.10591274150396052
IND002309,54.5,F,European,European,South Asian,True,True,0.021776609810128054,0.7021859102528282,0.013392309948677988,0.25247213185487705,0.010173038133488693,1.5916072382643838
IND002310,72.6,F,American/Indigenous,American/Indigenous,,False,True,2.005209118325205e-05,0.007666891535931815,0.12223442893154023,0.15620023978849099,0.7138783876528536,1.2005017467214532
IND002311,76.4,M,American/Indigenous,South Asian,,False,False,0.08188111219058253,0.00545182601844005,0.1057934519740267,0.29379365721006423,0.5130799526068863,-0.8028461195767621
IND002312,19.2,M,African,African,,False,True,0.5795716313450507,0.07762851254752978,0.3102928768725171,0.014566029250200696,0.017940949984701884,-0.7328355034442848
IND002313,54.2,M,European,European,,False,True,0.09373740153886384,0.43352647651774984,0.3757700930468188,0.0038711575156938063,0.09309487138087372,0.5954089157012131
IND002314,58.6,F,European,European,African,True,True,0.35291714225611803,0.43808011041308187,0.07925163719115508,0.005410486436914766,0.12434062370273033,-0.4400837351577013
IND002315,65.0,F,American/Indigenous,American/Indigenous,African,True,True,0.33434680020861335,0.18298726212156555,0.022386833275833892,0.0016488466079669435,0.4586302577860203,1.1279639874026408
IND002316,59.6,M,African,European,,False,False,0.4755359429339991,0.14334054127824228,0.008124285382218885,0.18570116323106708,0.18729806717447264,-0.9226322691603045
IND002317,33.1,M,East Asian,East Asian,European,True,True,2.2619566714317223e-06,0.3250335914137216,0.3855951057265698,0.06851821429422149,0.22085082660881564,-1.028756361561886
IND002318,39.1,F,South Asian,South Asian,,False,True,0.10306810175296899,0.046411651785547875,0.05717382288686254,0.7882986639796262,0.005047759594994462,0.5332490911768459
IND002319,41.2,M,African,African,,False,True,0.917383359723502,9.164328064101756e-06,0.08217989230046355,2.7299105569450876e-08,0.00042755634886473826,-0.3307682398340227
IND002320,59.3,M,African,African,,False,True,0.8125603635923401,0.0014255280570993935,0.17384111744300895,0.010982543738859332,0.0011904471686921218,0.5658933887961097
IND002321,23.6,M,East Asian,East Asian,African,True,True,0.3308179350609507,0.06967733306340824,0.5021114394720358,0.06496413187011911,0.03242916053348599,-0.9686663619591827
IND002322,75.1,F,European,European,East Asian,True,True,3.7883933549740664e-07,0.43039241886145185,0.38207858561585173,0.16140107693078537,0.026127539752575563,-0.027172667717780097
IND002323,65.5,M,South Asian,South Asian,,False,True,0.000697519528020459,0.15416232881217512,0.07760880570343306,0.611546519281296,0.15598482667507535,1.523917670226413
IND002324,32.1,M,East Asian,East Asian,,False,True,0.011417438895587762,0.03857860670124246,0.9428621007853616,0.007113012456054181,2.8841161753984045e-05,-0.5438041361966119
IND002325,25.4,F,East Asian,East Asian,,False,True,0.21055642334074806,0.022106832113290738,0.7272320715800271,6.233633720250078e-07,0.04010404960256193,0.11234978084846747
IND002326,33.9,F,American/Indigenous,American/Indigenous,,False,True,3.466645769013049e-05,0.03552825809016905,0.053552412675310544,0.049058381806774715,0.8618262809700555,1.4273483396385056
IND002327,75.3,F,European,European,,False,True,0.09209543093316454,0.6290538529095876,0.04990952362831543,0.22192816458075912,0.007013027948173507,0.3640416670553358
IND002328,44.6,M,American/Indigenous,American/Indigenous,,False,True,0.1288575332197995,0.00014349289957813,0.004601254915464472,0.40913906294996927,0.4572586560151885,0.499207972248527
IND002329,71.0,F,American/Indigenous,American/Indigenous,European,True,True,0.0422024135342872,0.27627943088775486,0.026888822824866127,0.0284450572931827,0.6261842754599092,-1.6598742370659674
IND002330,72.2,M,South Asian,South Asian,,False,True,0.11383843468566274,0.06961484605544326,0.009069910003928027,0.5886389122335611,0.21883789702140485,2.224560562997583
IND002331,77.0,M,African,African,,False,True,0.4306374686281662,0.0160875589378854,0.01835194452734249,0.22222058500628158,0.31270244290032434,0.5381663963279824
IND002332,58.6,F,East Asian,East Asian,,False,True,0.06513218367549503,0.008390649512727732,0.6663422045668486,0.005270667411540143,0.2548642948333885,-1.2302429510812412
IND002333,34.4,M,South Asian,American/Indigenous,,False,False,0.03976248939026538,0.2168528899980644,4.608856285394182e-05,0.4330606995123723,0.3102778325364439,-0.6211599502242822
IND002334,61.8,M,American/Indigenous,American/Indigenous,European,True,True,0.00115163413089282,0.2612978873152868,2.0154297911445288e-06,0.019910388396325206,0.717638074727704,-0.33358313863182254
IND002335,18.0,F,East Asian,East Asian,,False,True,0.013750215054544108,0.2189798497924909,0.7560640788953653,0.00866712951929658,0.0025387267383032417,-0.5113454870974212
IND002336,72.4,F,European,European,,False,True,1.3569881803134378e-06,0.6882549512167339,9.190709712697577e-05,0.31126413537113934,0.0003876493268194401,1.2975519781573759
IND002337,23.8,F,American/Indigenous,American/Indigenous,,False,True,0.16901547188337265,0.1886675017592808,0.0008923060077090689,0.08211712913155349,0.5593075912180842,-1.1767388377039245
IND002338,64.0,M,South Asian,South Asian,,False,True,0.0004332049715245806,0.021065718359839624,0.0014605254739994136,0.9464968581856475,0.0305436930089887,-0.5457060012667605
IND002339,76.7,M,East Asian,East Asian,,False,True,0.0010380796651863569,0.007402376916502394,0.9349401504163236,0.00017705423712878728,0.0564423387648588,-1.5086509634399587
IND002340,83.9,F,American/Indigenous,American/Indigenous,,False,True,0.015084777610489762,1.1483700381838063e-05,0.021917516165377363,0.14605992763629042,0.8169262948874607,0.11530213162121439
IND002341,23.2,M,European,European,,False,True,0.03249688629268691,0.9492679571115449,0.0033773568666529935,0.014856673740108847,1.1259890062672002e-06,0.291365897284219
IND002342,40.8,M,American/Indigenous,American/Indigenous,European,True,True,0.009169577130906782,0.37388021839222396,0.0034281873803913353,0.20647414695922697,0.40704787013725086,0.13017355926700275
IND002343,85.0,F,American/Indigenous,American/Indigenous,European,True,True,0.019506716045626503,0.2992883446148831,0.0075361305684666716,0.03965659203235923,0.6340122167386644,-0.4722795891463434
IND002344,41.6,F,African,African,,False,True,0.6276403530352244,9.937219257397384e-05,0.028552399919561603,0.1400389741156474,0.20366890073699268,-0.3841857239023234
IND002345,50.9,M,American/Indigenous,American/Indigenous,,False,True,0.012992321351904017,0.0224798484151279,0.22877073711955945,0.013132013721729029,0.7226250793916796,-0.6969073971018718
IND002346,67.7,M,American/Indigenous,American/Indigenous,,False,True,0.009562039582452695,0.18551068531374998,0.06918698664181747,0.06058548231918164,0.6751548061427982,0.6266465851128198
IND002347,69.3,M,American/Indigenous,American/Indigenous,,False,True,0.008193416819950687,0.14814038742473884,0.2095503859889539,1.855743291675276e-05,0.6340972523334398,-1.1149032469464992
IND002348,61.4,M,European,European,,False,True,0.08068229835970514,0.7177190424956712,5.240796399948265e-05,0.20151497706581636,3.127411480769738e-05,0.3149600730607438
IND002349,31.4,M,East Asian,East Asian,,False,True,0.0034252768376192106,0.15448081686179432,0.6241153142517252,0.0933878244073575,0.12459076764150376,-0.6332561613337675
IND002350,76.7,F,European,South Asian,,False,False,0.004019014736471202,0.9866830649952829,0.0001223591330335137,0.009172149651838234,3.4114833740147755e-06,0.6169019663803395
IND002351,73.6,F,American/Indigenous,American/Indigenous,,False,True,0.05259904854652646,0.027704282145546974,0.14638817051160352,0.0018599569102069752,0.7714485418861161,-1.0253764230699345
IND002352,72.7,F,East Asian,East Asian,,False,True,0.005667944706935514,1.121957192202412e-05,0.9939832337724187,1.660342227395859e-08,0.0003375853453014818,0.7695640285438751
IND002353,29.7,M,African,African,,False,True,0.3082478007130173,0.30794059554740577,3.802724003032358e-05,0.17031924145377728,0.21345433504576927,0.41972409352915485
IND002354,75.6,F,European,European,East Asian,True,True,0.017375072432104177,0.5797705849283926,0.3588345620401195,0.04259348987734892,0.0014262907220349101,1.0937805890263448
IND002355,18.0,F,African,African,,False,True,0.588790985684507,0.11914128681937443,0.1821465660654421,0.0951979139333816,0.014723247497295004,-0.9433194483030265
IND002356,83.4,F,African,African,,False,True,0.6454982096668105,0.00036705938422256184,0.2189368045539729,0.07759273260604901,0.057605193788945075,-0.3826563720004846
IND002357,67.1,F,African,African,,False,True,0.954430686525037,0.022557404401258786,0.0037696949471927275,0.011632296459432473,0.007609917667078916,-0.6876670505888597
IND002358,23.0,F,South Asian,South Asian,,False,True,0.007151781362193259,0.00014542029308197007,0.09188438234876262,0.8285488968079747,0.07226951918798731,-0.6218786198642995
IND002359,30.1,M,East Asian,East Asian,South Asian,True,True,0.00020812741585926793,0.04484123268990486,0.61563288601219,0.31035865052539136,0.028959103356654595,-1.697634082360588
IND002360,30.5,F,East Asian,East Asian,European,True,True,0.07187975272748416,0.291663975947598,0.5609744033537337,0.06574033681106337,0.009741531160120841,0.4034099934606664
IND002361,33.2,M,South Asian,South Asian,European,True,True,0.09311912155504001,0.3000201657117163,0.13604659323401946,0.4470707689190258,0.02374335058019833,-0.6751508509647233
IND002362,38.1,F,East Asian,American/Indigenous,,False,False,0.002518740150001895,3.2291156286928723e-07,0.9585174657662147,0.0001474587997096589,0.038816012372510963,-0.3797932867543129
IND002363,61.3,F,East Asian,East Asian,,False,True,0.014462988958667388,0.07258716270828487,0.45573199658864594,0.4459090250119296,0.011308826732472172,1.1522959607353713
IND002364,85.0,M,American/Indigenous,American/Indigenous,African,True,True,0.2659452866661774,0.1516832891317219,0.0966491563230232,0.00013521519655453282,0.48558705268252295,-0.3670905712454824
IND002365,29.8,M,American/Indigenous,East Asian,,False,False,0.002535947125621771,0.0020172474808619013,0.3323128779404672,0.21768446989152182,0.44544945756152726,0.48869099309122827
IND002366,82.3,F,African,African,,False,True,0.726866709926077,9.322826947552162e-05,0.21937049587552926,0.05345651415922567,0.00021305176969235918,0.05253424467374829
IND002367,57.3,M,East Asian,East Asian,South Asian,True,True,0.043078629634869546,0.09381182401546252,0.41334999575832615,0.29913095897419484,0.15062859161714703,1.1555095960589408
IND002368,85.0,M,European,European,,False,True,0.08691138453976945,0.7976370115314194,0.023742534543468027,0.009392878089594905,0.08231619129574831,2.082407806553521
IND002369,45.2,M,American/Indigenous,Other/Unknown,,False,False,0.2934593073427603,0.09835268414211293,0.2619697347407388,0.027717914112881593,0.3185003596615062,-0.4270710756795668
IND002370,65.7,F,South Asian,South Asian,African,True,True,0.3400329409621852,0.09999920781617909,0.002448278133817889,0.4852718350397303,0.0722477380480877,0.5601574020507547
IND002371,24.2,F,American/Indigenous,American/Indigenous,,False,True,0.0019359159110805624,0.009185100581710418,0.049370892845755916,0.0945469380709212,0.844961152590532,0.30662332899269795
IND002372,54.9,M,African,African,South Asian,True,True,0.5525221898168446,0.00012896800443103443,0.04134610786358459,0.3356919812592216,0.07031075305591794,2.0014054521218716
IND002373,31.6,M,American/Indigenous,American/Indigenous,,False,True,0.0046471105183860046,0.13050840345678216,0.37491488670995093,0.012747860465473559,0.4771817388494075,-0.4310804362170032
IND002374,73.9,M,South Asian,South Asian,,False,True,0.024077574039262167,0.1417445359445173,0.01433953468567769,0.709273071134737,0.11056528419580586,0.370199148694718
IND002375,66.0,F,European,European,,False,True,1.367156679633049e-05,0.9783020633790809,0.0008005906846963804,0.005144026766883761,0.015739647602542553,0.28077525188307556
IND002376,80.2,M,African,East Asian,,False,False,0.5537042957839687,0.007101544422424227,0.4185619513224444,0.0008841006777864178,0.019748107793376296,-1.304241731701838
IND002377,59.8,M,African,African,European,True,True,0.4347387702678547,0.258342496948958,0.15946396363433302,0.14729651645838387,0.00015825269047057663,-0.924254685849992
IND002378,68.4,F,African,African,,False,True,0.5210273450459808,0.0013236300801778497,0.002165668530564607,0.34928620227695745,0.12619715406631943,0.9273309114573479
IND002379,27.0,F,South Asian,South Asian,American/Indigenous,True,True,0.01403252411006171,0.005953515559568511,0.0018035802715225342,0.5758612121755399,0.40234916788330743,1.0835581850617262
IND002380,64.9,M,American/Indigenous,American/Indigenous,,False,True,0.00041652856837415047,0.007990345052325334,0.031979751021090505,0.00442379842901882,0.9551895769291913,0.37144504692076774
IND002381,42.1,M,South Asian,South Asian,,False,True,0.025247618061328046,0.10410732776327564,0.022701717757282115,0.7477185762557376,0.10022476016237675,-1.083157852262055
IND002382,40.2,F,American/Indigenous,American/Indigenous,,False,True,0.2091393205729782,0.24348902592655872,0.0021422266520677354,0.0001846506543530101,0.5450447761940423,1.4476283707502042
IND002383,36.0,M,South Asian,South Asian,,False,True,0.025461899127365687,1.630819800240688e-05,0.04104193610558771,0.9176398762022949,0.01583998036674943,0.9181635502105958
IND002384,53.8,F,European,European,,False,True,2.2987148082012974e-06,0.6999926451907321,0.2161896161128696,0.07730508863182141,0.006510351349768791,1.3720005257153076
IND002385,31.7,M,African,African,,False,True,0.42849708875427805,0.17743884427943346,0.23366439506735112,0.02928267520140156,0.1311169966975357,-1.267207851102568
IND002386,45.0,F,European,European,,False,True,0.0016770973593561217,0.9967316412022376,0.001426977055351617,0.00016138687017197025,2.897512882847283e-06,-0.9958424719028995
IND002387,64.6,M,American/Indigenous,American/Indigenous,,False,True,0.0033726775290307733,3.5223214239445487e-10,0.1397306894044829,0.0041672211512076285,0.8527294115630465,-0.2885573314750699
IND002388,40.8,M,East Asian,East Asian,,False,True,0.2339607266285677,0.18990416120306108,0.2942531294449505,0.24983624365279972,0.03204573907062099,-2.2515725888761784
IND002389,34.2,M,South Asian,South Asian,European,True,True,0.09722795021968596,0.2815956472121153,0.005084566811870158,0.4698004910191258,0.14629134473720265,0.9495530314280856
IND002390,18.2,M,European,European,,False,True,0.001093884898163525,0.886960061286626,0.020713403679449766,0.0911080866400004,0.0001245634957603415,0.6748013655345593
IND002391,24.5,F,European,American/Indigenous,,False,False,0.0060531133618114165,0.5648595970833135,0.009633984595390572,4.550363365395255e-06,0.4194487545961193,0.6000889507513169
IND002392,21.5,F,African,African,European,True,True,0.42254005018960983,0.377092886445084,0.18043885051068545,0.01889245061311002,0.0010357622415107012,-0.12622040723427705
IND002393,69.4,M,South Asian,African,,False,False,0.46414523805067287,0.0003382091625170265,0.002930121749166471,0.5320123044525199,0.0005741265851237997,0.14770889196371825
IND002394,50.5,F,American/Indigenous,American/Indigenous,,False,True,0.014024833208572365,0.0025557960840878044,0.14292089223479287,0.0006071396902824833,0.8398913387822644,0.1384131027992334
IND002395,62.8,F,African,African,,False,True,0.8731230049122805,0.00023255743050852183,0.06353129442718335,0.06272756970843615,0.0003855735215916051,0.45848160192720416
IND002396,18.0,M,African,European,,False,False,0.5350818143506176,0.19707997806654584,0.25838624701652896,0.0004968050247755262,0.008955155541531923,-0.5427762207373981
IND002397,69.9,F,European,European,,False,True,0.006382633489487756,0.8485456070483335,0.07919161987185917,0.06557441387426172,0.00030572571605801195,1.2442150948379456
IND002398,34.3,F,South Asian,European,,False,False,0.0020833603549735586,0.41154460851294944,0.0014093031882206357,0.5849626763101091,5.163374718930837e-08,-0.3969204790376201
IND002399,31.4,F,American/Indigenous,American/Indigenous,,False,True,0.008907347559076172,0.031248454212708717,0.004610459879182555,0.3127932819377459,0.6424404564112866,-1.3415399298246669
IND002400,26.5,F,American/Indigenous,American/Indigenous,,False,True,0.1401985536619457,0.0913230157931551,0.05064345859562035,0.02656482640118184,0.6912701455480971,0.4473011969546683
IND002401,39.3,F,American/Indigenous,South Asian,,False,False,0.0819811903414696,0.08575701241421876,1.233120135912434e-05,0.33423899136221036,0.4980104746807421,0.019772266365500668
IND002402,34.9,M,South Asian,South Asian,,False,True,0.24436074695221696,0.10153065604639586,0.017256108405072027,0.6350621718661569,0.001790316730158264,-0.010561420825674017
IND002403,36.9,F,American/Indigenous,American/Indigenous,,False,True,0.15928018168085645,0.0655657575112993,0.32984284928507257,0.010558452495346513,0.4347527590274252,0.5681300554068736
IND002404,54.6,F,European,European,American/Indigenous,True,True,0.016687580635999986,0.6762526725585388,0.005549490199940147,0.016422412996291824,0.28508784360922923,-2.5389681301532097
IND002405,59.4,F,African,African,,False,True,0.6439366903300654,5.427921057741955e-07,0.04562937160654424,0.07376910080441305,0.23666429446687154,-1.9025932673945891
IND002406,43.6,M,African,African,South Asian,True,True,0.5586981802534775,0.06932613038711985,0.031069765043681787,0.3385452663453146,0.0023606579704060046,-1.9057185311196532
IND002407,54.5,F,East Asian,East Asian,,False,True,0.022460593228178158,0.40590568889056716,0.4500541865536841,0.00040143147833669057,0.12117809984923396,0.3295865099294585
IND002408,30.2,F,European,European,,False,True,0.0006377374078044108,0.9464222214953155,0.03193417278949023,0.016187271103697005,0.004818597203692781,-1.4756694210516117
IND002409,79.5,F,South Asian,South Asian,,False,True,0.12485706765112546,0.13527226488258134,0.000367476928053737,0.7014563786917821,0.038046811846457335,-2.1222950059743786
IND002410,66.9,M,African,African,European,True,True,0.37818515323405616,0.2610246819491941,0.13758024437802704,0.2232098112883219,1.0915040095799629e-07,0.11206097054727826
IND002411,85.0,M,South Asian,South Asian,,False,True,0.0023124134748641898,0.019573089052708617,0.0023186733253616415,0.9294542310481039,0.04634159309896164,-7.210390479273077e-05
IND002412,55.6,M,East Asian,East Asian,,False,True,0.25215900608537495,4.2184149661053415e-05,0.607448987526204,0.0019931811757648034,0.13835664106299514,-0.5560613601977106
IND002413,39.2,F,African,African,American/Indigenous,True,True,0.5074061199460096,0.007186662907457164,0.017441372245918026,0.003982272879898886,0.4639835720207162,-1.6117709189441705
IND002414,40.5,M,African,African,,False,True,0.523570504402291,0.14961294431761185,0.004031201172041745,4.38913755462311e-05,0.3227414587325092,-0.23435664548875446
IND002415,45.6,M,South Asian,South Asian,,False,True,0.0007098166272055964,0.19820022508518684,0.0006683727630459186,0.7917587825527922,0.008662802971769409,-0.001165984800199138
IND002416,52.1,F,American/Indigenous,American/Indigenous,,False,True,0.0010264446729319422,0.002478672077562658,0.00035631868460703,0.02073312773398757,0.9754054368309107,-0.21189427058352794
IND002417,74.1,M,European,European,,False,True,2.8275069745372038e-05,0.8477778468443943,0.07348428719052967,0.001689146792594197,0.07702044410273635,0.13163230007869842
IND002418,75.4,M,South Asian,South Asian,European,True,True,0.00020877972485668582,0.29082475698404786,0.0005690458571110888,0.5879660640872597,0.12043135334672453,-0.5653958050780764
IND002419,61.4,F,European,European,East Asian,True,True,0.24686189067595724,0.3662521916028889,0.3216057618312349,0.0022011496180681634,0.06307900627185054,1.064201969620123
IND002420,44.8,F,European,European,African,True,True,0.26274809002243377,0.48009628557889467,0.032340943006618925,0.2093655341858408,0.01544914720621197,1.2033448790959036
IND002421,42.5,M,European,European,,False,True,0.0008962108525216225,0.8259658788075355,0.008228563126578995,0.15907389138635522,0.005835455827008805,0.4359283112270959
IND002422,54.3,M,European,European,,False,True,0.04076694064944008,0.9417487156095438,0.0007811916870063122,0.007613571772039929,0.009089580281969796,-1.3377873878705697
IND002423,61.4,M,South Asian,South Asian,European,True,True,0.004663836944016203,0.28287786577053065,6.275806979043618e-06,0.45317882300636586,0.2592731984721081,0.42213812901473186
IND002424,45.7,M,African,African,East Asian,True,True,0.487590514577103,0.000114552690075809,0.3352419256844753,0.13687850961750844,0.040174497430837466,-1.1279526557135655
IND002425,30.4,F,East Asian,East Asian,South Asian,True,True,0.11550015274940696,2.8206447001164277e-06,0.49198927061031683,0.32376245824512473,0.06874529775045139,0.7549344086335495
IND002426,70.9,M,American/Indigenous,American/Indigenous,,False,True,0.01332402655852251,0.00963400499170397,0.2904121601091772,0.003554011115033653,0.6830757972255627,2.2185693084976306
IND002427,78.2,F,East Asian,East Asian,,False,True,0.2907410285237445,5.4483935093666216e-05,0.5641384509979885,0.141277667092068,0.003788369451105227,0.4678097743260931
IND002428,34.6,F,European,European,South Asian,True,True,0.09714151714735308,0.4161379721345359,9.344286360122272e-05,0.33614979610783674,0.15047727174667314,0.9836856569187411
IND002429,61.3,M,East Asian,East Asian,,False,True,0.007754674931051795,0.1985786400194307,0.6674064609490981,0.00012401089144387824,0.12613621320897545,-0.2526139445335319
IND002430,48.3,M,South Asian,South Asian,European,True,True,0.03508196632732068,0.27871580712415445,0.08902467012487995,0.5971639893548976,1.3567068747370036e-05,-1.2536275525889686
IND002431,23.6,F,South Asian,East Asian,African,True,False,0.3015940565642676,0.07803625356458278,0.2987197259837964,0.3072823079891329,0.014367655898220293,0.9444130963208675
IND002432,76.3,F,East Asian,East Asian,,False,True,0.0006885423482322024,0.021263371828392164,0.685405805769588,4.6321403300297576e-05,0.2925959586504873,0.5381058359448045
IND002433,29.1,F,East Asian,East Asian,South Asian,True,True,1.6415710067430922e-06,0.06628706821446853,0.5543736753168224,0.3521344746454114,0.027203140252290852,-1.6157437248952782
IND002434,43.6,M,American/Indigenous,American/Indigenous,European,True,True,0.00023485843696165854,0.3279999169187458,0.0010946508100553858,0.32749937534038714,0.3431711984938503,-1.7097162130362655
IND002435,69.7,F,African,African,,False,True,0.7925659946962206,9.678060696097792e-07,0.09782845600017734,0.10955318826240257,5.1393235129869745e-05,-0.8059299035909676
IND002436,35.1,M,European,European,,False,True,0.0032695365980834517,0.5909475889205426,0.2427852821273994,0.0010542100025492374,0.1619433823514254,-1.2575867169161628
IND002437,67.9,F,African,African,,False,True,0.5266013418786835,0.013237101657137025,0.05618584442081369,0.1827506727754207,0.22122503926794504,-1.3483136864374847
IND002438,65.4,F,American/Indigenous,American/Indigenous,,False,True,0.0002531488081278958,0.049919472771869276,0.022134742924375884,0.08163442470881936,0.8460582107868077,1.0710294053911933
IND002439,23.9,M,South Asian,South Asian,European,True,True,0.0050478948719831366,0.2783441503744541,0.025046930585655717,0.6578940573360641,0.03366696683184283,0.7401747562926665
IND002440,80.9,F,African,African,,False,True,0.6014564713116729,0.050356763883357906,0.3062675755324339,0.026855199689019598,0.015063989583515493,-2.63365211469564
IND002441,85.0,M,African,South Asian,,False,False,0.8083650753072711,0.010987100504173723,3.5010650010351214e-05,0.18055703805090048,5.577548764448558e-05,-0.08481604515878108
IND002442,51.3,F,South Asian,South Asian,,False,True,0.00024228173190264128,0.3902124549836816,0.0004127106033108426,0.5760719311029548,0.03306062157815017,1.4098598858087805
IND002443,28.5,M,South Asian,South Asian,African,True,True,0.31521687865179765,0.16569535139216346,0.04118683288289777,0.38891266026612054,0.08898827680702058,-0.8043802184127662
IND002444,85.0,M,South Asian,South Asian,,False,True,0.00025675267878022594,0.08896887220338719,0.1949664492649301,0.6757175984490146,0.04009032740388798,1.5419191968535426
IND002445,61.5,M,European,European,South Asian,True,True,0.10762918416316465,0.46747999674210694,0.13515934274415442,0.2894825809311136,0.00024889541946020285,-0.741009497104882
IND002446,82.1,M,European,East Asian,,False,False,0.012498334609488772,0.5105222141046392,0.017879917814092587,0.3388799868038009,0.12021954666797854,0.15958687186256237
IND002447,31.3,M,European,European,,False,True,7.833195812166017e-08,0.8577045945138698,0.0008569038103043202,0.14143696937782158,1.453966046123524e-06,-0.13271883343275026
IND002448,40.4,F,African,African,,False,True,0.8818713263143025,0.04134122537188834,0.010257192089418462,0.06645938769000767,7.086853438295783e-05,-0.47746372970711703
IND002449,44.4,F,African,African,,False,True,0.6558475772555823,0.004959506412132863,0.2994716447121004,0.013532257528382096,0.026189014091802378,-0.8794264196554278
IND002450,74.7,F,European,European,African,True,True,0.26618148054009333,0.6050154057936991,0.12202833690254322,2.694416094631453e-06,0.006772082347569541,-0.16386688061051585
IND002451,85.0,M,American/Indigenous,American/Indigenous,,False,True,0.011469435237586202,0.020218505664120544,0.05431439858918562,0.1663703803895245,0.747627280119583,0.7722758804159013
IND002452,68.1,F,African,American/Indigenous,,False,False,0.5472712991171219,0.03700216803963329,0.18575060736291696,0.020653358554368464,0.20932256692595935,-1.8906958917905514
IND002453,45.9,M,American/Indigenous,American/Indigenous,,False,True,0.08237667928643903,3.3673969344742625e-05,0.11673677016039029,3.905646468698021e-05,0.8008138201191389,0.9514248115757454
IND002454,27.8,F,European,European,East Asian,True,True,0.000973996150794326,0.523543511350762,0.4628359339858302,0.009251667558548513,0.0033948909540649575,0.5395036028238229
IND002455,57.3,F,European,South Asian,East Asian,True,False,0.004614321940724901,0.4097482685036193,0.3878027668459381,0.19774287998377205,9.17627259457653e-05,1.7056164095867588
IND002456,68.3,F,East Asian,East Asian,,False,True,3.5493276735137646e-08,0.1386495579593424,0.7465803740777558,0.11477003245926774,1.0357340724848215e-11,-1.4383013013411707
IND002457,18.0,F,African,African,,False,True,0.7751101164367308,0.0014854789201899682,4.1646367527083e-05,0.0077124108397286905,0.21565034743582356,0.5578960010880007
IND002458,59.7,M,European,European,American/Indigenous,True,True,0.2653236166955146,0.4600395492650772,0.0009274393010724136,8.834960616744453e-06,0.2737005597777191,-0.24707654719795547
IND002459,50.7,F,European,South Asian,,False,False,0.1341541922848794,0.45439325755361637,0.063123069186048,0.33848071075970343,0.009848770215752761,0.2941502786660193
IND002460,37.0,F,African,African,,False,True,0.780273272996814,0.13328210786657496,0.0008913999860575573,0.08555130054308376,1.9186074698523744e-06,-0.4558571957495584
IND002461,67.5,F,American/Indigenous,American/Indigenous,European,True,True,0.12000747139059142,0.38650332885501765,0.04226874684883876,0.004683202220170602,0.44653725068538164,0.0038139293834588694
IND002462,38.0,M,American/Indigenous,American/Indigenous,European,True,True,0.007358141802938394,0.36465808320991666,0.1837331998839828,0.0012375737569391902,0.44301300134622307,-0.1434235569080371
IND002463,44.8,F,African,African,,False,True,0.9623907346749416,0.026682456182835167,0.009457886261935434,0.0014685514669544335,3.7141333328460967e-07,0.7075632280558857
IND002464,30.4,F,African,African,,False,True,0.5484661551396526,0.08621789168962683,0.22882725577804575,0.0021033636901425937,0.1343853337025323,0.5443804586042125
IND002465,49.7,M,American/Indigenous,American/Indigenous,,False,True,0.053229337304153815,0.005419151175983237,0.004173291544927003,0.08864077532930041,0.8485374446456355,0.8864217472792666
IND002466,73.8,F,African,African,,False,True,0.882334221445753,1.1958437493154097e-05,0.09123497193577672,0.02529036991676677,0.0011284782642103665,-1.4584825289160905
IND002467,64.0,F,European,European,South Asian,True,True,0.019192692527447586,0.569220847182378,2.5694162508541764e-05,0.27015889649895003,0.14140186962871584,-0.24755328155120643
IND002468,64.5,F,European,American/Indigenous,,False,False,0.08737975396075381,0.7074065293678439,0.013239590386066284,0.004891744954471141,0.18708238133086494,-0.2906272127044749
IND002469,79.6,F,African,African,,False,True,0.7404147062959812,0.009225952537048644,0.21421295586018013,0.02873196290220699,0.0074144224045830836,-2.81008088531345
IND002470,33.5,M,East Asian,East Asian,European,True,True,0.15392612200179606,0.36708252410692416,0.3696156758171969,0.06159339947786816,0.04778227859621469,0.330258973628706
IND002471,44.9,F,European,European,,False,True,0.026467636400801277,0.8914236400125368,5.92309308342104e-13,0.0021489960893873216,0.07995972749668206,-0.29263782704851304
IND002472,30.7,M,East Asian,East Asian,European,True,True,0.1555525651629535,0.40384492448066567,0.42233331740697133,0.00754473711922226,0.010724455830187182,-0.8981683023093823
IND002473,22.9,M,African,African,,False,True,0.7499672542634434,0.0005333422810271379,0.001536579412515177,0.0017649266235029298,0.2461978974195112,0.30823844338702683
IND002474,33.9,M,African,African,,False,True,0.7472221385308927,0.047380926978403785,0.1449017394227751,0.033380491272278545,0.027114703795649897,-1.4340894131104296
IND002475,69.0,F,European,East Asian,,False,False,0.005684633086388508,0.43156336683197966,0.23521721749636007,0.3275345263914719,2.561937998205278e-07,0.8559609349801012
IND002476,60.2,M,East Asian,East Asian,,False,True,0.02130068284523113,0.3572349054869898,0.5680926330577867,0.053371732486289285,4.612370321855257e-08,-1.156311303168146
IND002477,64.2,F,East Asian,East Asian,,False,True,0.051892538861358896,0.16378785132537993,0.7297866151186757,0.016217411805840316,0.038315582888745287,-0.3071904777247356
IND002478,77.1,F,South Asian,South Asian,,False,True,0.2152160935495043,0.0007099204873434098,0.16799765050237125,0.6160539171618569,2.2418298924167176e-05,0.28607654866665205
IND002479,69.6,M,American/Indigenous,American/Indigenous,,False,True,0.07346088830436218,0.003404892795076357,0.010561049104728906,0.031010855424705656,0.881562314371127,-0.15806900311511238
IND002480,28.0,M,European,European,,False,True,0.20679702722038767,0.6249615888547126,0.00042077339095654724,3.773354298944053e-05,0.16778287699095354,-0.16785707371104053
IND002481,64.5,F,European,European,South Asian,True,True,0.000488984262525126,0.4377229759798115,0.011499415092378593,0.349248193643526,0.20104043102175892,1.4961612840937886
IND002482,81.5,M,American/Indigenous,African,,False,False,0.24584971386668428,0.0585397429812577,0.06957034740520408,0.0002461121082049034,0.625794083638649,0.5084712125586577
IND002483,60.6,F,European,European,African,True,True,0.4147330220744045,0.44722149776385756,0.08664944100449506,0.00028517520904592107,0.0511108639481971,2.1539384623346836
IND002484,26.6,M,African,African,,False,True,0.6456516672420052,1.1801579484687355e-05,0.00010658257562669261,0.04569017712967978,0.3085397714732036,-1.3224225193498573
IND002485,47.5,F,South Asian,South Asian,European,True,True,0.008672665375720858,0.38203834175312906,0.0022731284947580294,0.4266675625110772,0.18034830186531492,0.5433914059751765
IND002486,85.0,F,American/Indigenous,American/Indigenous,,False,True,0.09712089410434165,0.005339022951562133,0.00894761319979716,0.23691321287122294,0.6516792568730763,-0.3038606867830367
IND002487,20.4,F,African,African,,False,True,0.8380198631798323,0.07708896816292947,0.055630243185491264,0.0003179519903367097,0.028942973481410124,-1.4107970328630415
IND002488,52.1,M,European,European,,False,True,0.05854684236504912,0.7623367310469018,0.032401649371991185,1.3166259507154188e-06,0.14671346059010723,0.300849592331694
IND002489,22.3,F,East Asian,East Asian,,False,True,0.10629453040001315,1.1724598788104457e-06,0.7229980064789849,0.030896038515109192,0.13981025214601403,-0.5018096593989998
IND002490,78.1,F,American/Indigenous,American/Indigenous,,False,True,0.009487931808108373,0.037220186349813035,0.09848548122666304,0.04166082149883241,0.8131455791165833,0.37698499697098364
IND002491,56.5,F,European,European,,False,True,0.38806468892383456,0.5464900445322627,3.596411591838876e-05,0.012616135289212656,0.052793167138772,1.144255683366569
IND002492,32.5,F,East Asian,East Asian,,False,True,0.006797391278073919,0.04046173301258751,0.8027138904341418,0.14973479458195585,0.00029219069324102015,-1.275762568107969
IND002493,73.5,M,African,African,South Asian,True,True,0.42856121916317547,0.0002775104262867554,0.0005733366786080427,0.38087369281180167,0.1897142409201282,-1.1140925930192997
IND002494,40.9,M,American/Indigenous,American/Indigenous,,False,True,0.006388546715105575,0.059459251527522926,0.20301696927734822,0.026324700277043287,0.7048105322029798,1.545828004147356
IND002495,23.4,F,African,African,European,True,True,0.4815067921181592,0.4638952927094716,0.018853227600260456,0.0020754643061222586,0.033669223265986536,-0.9335102675782434
IND002496,72.6,M,African,African,,False,True,0.7970150672887533,0.07791921379704704,0.006507234174132918,0.10628728625048865,0.012271198489577907,-0.6585007688833666
IND002497,38.8,M,American/Indigenous,American/Indigenous,,False,True,0.12448929871071865,0.057857512346594774,0.2478954649183962,4.3427632515014285e-05,0.5697142963917753,0.4501874490100345
IND002498,80.0,F,South Asian,American/Indigenous,,False,False,0.016381363514723545,0.029987476624026174,8.973501073212325e-06,0.8928182027672756,0.06080398359290132,-0.25631048420664126
IND002499,40.8,F,African,African,,False,True,0.6052675564555222,0.012790637659009138,0.2025941896692331,0.12472521584470257,0.0546224003715331,-0.7829370650880321
IND002500,55.9,M,American/Indigenous,American/Indigenous,,False,True,0.18785415654906423,0.02043880995233869,0.10865316517833225,0.0020063888875910857,0.6810474794326737,1.4275414645173357
IND002501,34.1,F,African,African,,False,True,0.9411583932042782,0.05223196202131418,0.000799384453607937,0.003749316700533668,0.0020609436202661292,-0.7234085874456859
IND002502,35.2,M,East Asian,East Asian,,False,True,0.01498159720514586,0.09820915717663525,0.788543612707484,0.0802707209117092,0.017994911999025826,-0.053442492976256584
IND002503,65.4,M,African,African,,False,True,0.6056465551987643,0.0030903295887482816,0.043366974491273975,0.251443605188254,0.09645253553295954,0.05549421612567107
IND002504,41.5,F,European,European,,False,True,0.01687516066469786,0.6887836289026045,4.3103255706805546e-05,0.22448247248905398,0.06981563468793679,0.25977425663434023
IND002505,72.6,M,American/Indigenous,American/Indigenous,African,True,True,0.2673137129130866,0.011330556804207935,0.02091791463813427,0.000854323037166885,0.6995834926074044,0.1319769250026979
IND002506,64.5,M,South Asian,South Asian,,False,True,0.07508404662886163,0.24075843504926125,0.01650007498036344,0.5955564655071746,0.07210097783433926,0.4815866994227624
IND002507,82.3,F,South Asian,South Asian,,False,True,0.030360861489139652,0.006140805035029688,0.0035782194374848926,0.9100684980046019,0.04985161603374391,-0.48508258717662606
IND002508,23.0,F,European,European,African,True,True,0.3346437369714301,0.43108168254747237,0.0020108845263118215,0.15145788306743427,0.08080581288735147,0.22127969704550285
IND002509,70.4,M,East Asian,East Asian,,False,True,0.22491340689094103,0.16745112572117302,0.4641642384217057,8.01423612161545e-06,0.14346321473005874,-0.45534365408246225
IND002510,61.3,M,East Asian,East Asian,,False,True,0.00010627861899810298,0.21847007568526933,0.5709392792542394,0.036459492551579833,0.17402487388991328,0.21358325864122862
IND002511,37.6,F,European,European,South Asian,True,True,0.02505442336274691,0.6584575484607518,0.009945929522541927,0.27652863495399566,0.030013463699963782,-0.3051309047182905
IND002512,70.2,M,European,European,American/Indigenous,True,True,0.26883510771141406,0.400398029701889,0.012583934601953523,0.009563488487720642,0.3086194394970228,-0.830360550804707
IND002513,31.5,M,American/Indigenous,American/Indigenous,,False,True,0.03668819003317066,0.0003664987177743429,0.003658454207931818,1.6642683185250702e-05,0.9592702143579379,1.1029383707834008
IND002514,29.2,F,European,European,East Asian,True,True,0.0024654097590136232,0.6338469872420056,0.3592948071973775,3.2743610019579666e-07,0.004392468365503322,-1.4964003342076726
IND002515,33.6,F,South Asian,South Asian,European,True,True,0.010675728376410168,0.37797981780528483,0.08981420484616934,0.45560439792469004,0.06592585104744572,0.8725594623857515
IND002516,45.3,F,American/Indigenous,American/Indigenous,,False,True,0.10941528547570055,0.0034694361753848445,0.15896539804306295,0.009753648081363576,0.7183962322244881,0.23850064760160639
IND002517,58.5,M,South Asian,South Asian,,False,True,0.05803551538440759,0.07379069213479214,5.774364477072205e-07,0.8449729018364095,0.023200313207943007,0.5481722612090772
IND002518,57.4,F,South Asian,South Asian,,False,True,0.00020593735379667127,0.25844718173375186,0.18212544003708117,0.4673074814819533,0.09191395939341708,-0.7349680700356792
IND002519,59.0,F,American/Indigenous,European,,False,False,0.08420163010594109,0.14164077364451383,0.23418938378488208,0.00022640845266551552,0.5397418040119973,-0.09696816388252155
IND002520,58.3,M,European,Other/Unknown,,False,False,2.818135925034993e-07,0.5719887797493322,0.41834622073548366,0.005624681663100054,0.004040036038491569,0.33107858843308424
IND002521,44.5,F,East Asian,African,European,True,False,0.2855647994000078,0.3280558775455878,0.37008298233146225,0.016277532269844998,1.8808453096963757e-05,-0.6145811025947627
IND002522,37.3,F,American/Indigenous,East Asian,,False,False,0.021266899564476142,0.038907052517051496,0.3539498063593239,0.21714970865977484,0.3687265328993737,0.5816737851399671
IND002523,73.6,F,South Asian,South Asian,,False,True,0.00016795961672291847,0.010228008662378668,0.24856355147136422,0.7192462685029914,0.02179421174654279,-0.009333775167869728
IND002524,67.5,M,East Asian,East Asian,,False,True,0.00482371747079443,0.1820526456142792,0.5630728814887267,0.046902448263290784,0.20314830716290871,0.09490289309528072
IND002525,45.2,M,American/Indigenous,American/Indigenous,South Asian,True,True,0.003030521600897862,0.04138191854305755,0.16900979843845124,0.3205358673207729,0.46604189409682056,-0.15432390459218126
IND002526,25.8,M,American/Indigenous,American/Indigenous,European,True,True,0.038925694747691184,0.3953823697411374,0.00040227223888956255,0.1194251000584084,0.4458645632138734,0.5741220449778294
IND002527,73.8,F,European,European,East Asian,True,True,0.01204443403300618,0.4887999558078159,0.4842545669197849,0.0007579882824818232,0.014143054956911226,-1.8914340918591501
IND002528,55.8,M,European,European,,False,True,0.0007469689121150217,0.8587336129851044,0.003254096200902423,0.12373338310755079,0.013531938794327422,0.6231330246421639
IND002529,30.7,F,East Asian,East Asian,,False,True,0.15026242781286026,0.02414036498077964,0.6609522799841512,0.0749010143814309,0.08974391284077796,-0.7626924360864777
IND002530,61.2,F,South Asian,South Asian,,False,True,0.034229382039363064,0.06160290904403831,0.04016898546646689,0.7504436682458004,0.11355505520433136,0.6891858703283533
IND002531,20.9,F,European,European,,False,True,0.018716617901921348,0.7451376844255757,0.21849122220034528,1.1591162187460004e-05,0.017642884309970235,0.6185284044897651
IND002532,76.6,M,American/Indigenous,American/Indigenous,East Asian,True,True,0.057221887456773125,0.00165981684743778,0.27570914566389865,1.0800454443313918e-08,0.6654091392314359,0.6783122486585664
IND002533,84.9,F,South Asian,European,,False,False,0.012446347974359223,0.26869720076145914,0.09892818901893431,0.6074498292504857,0.012478432994761675,-0.874497617982553
IND002534,34.0,M,East Asian,East Asian,,False,True,0.004290283739970454,0.15982197069451165,0.7965167434223408,0.03937099473226044,7.410916578756222e-09,0.3698712275114837
IND002535,35.7,F,South Asian,South Asian,,False,True,0.0025003238900285726,0.12017345097614215,0.04341935583221477,0.45396036383313026,0.3799465054684843,0.9726664847292019
IND002536,38.2,M,American/Indigenous,American/Indigenous,European,True,True,4.260534252101228e-05,0.35842701091275625,0.0002440233312457362,0.005067963121070416,0.6362183972924066,2.233696554341917
IND002537,30.8,F,African,African,,False,True,0.5874154955084206,0.0527022736520638,0.05481629907065154,0.21031115256946414,0.09475477919939992,-0.1746177637305366
IND002538,48.5,F,South Asian,South Asian,European,True,True,6.745776523737695e-05,0.29377416839471354,0.0002047319836850609,0.6736828667618399,0.032270775094524154,-1.5886533139383738
IND002539,54.0,F,American/Indigenous,American/Indigenous,East Asian,True,True,0.0025232330872583517,0.005601054566990644,0.3457632635837754,0.1061312100530338,0.5399812387089419,0.9769130028966676
IND002540,36.2,M,East Asian,Other/Unknown,,False,False,0.015268417663900373,0.05964404635216784,0.9077608389598565,0.012087616637423838,0.005239080386651352,-1.435121871205968
IND002541,85.0,M,American/Indigenous,American/Indigenous,,False,True,1.2593996060469944e-05,0.21506382126845983,0.2619206675944514,0.025456170971796765,0.4975467461692316,0.48365322546722517
IND002542,18.0,M,African,American/Indigenous,South Asian,True,False,0.43119328029626197,0.06375814476433021,0.012599162997421556,0.2648524542395536,0.22759695770243274,1.1037740403057839
IND002543,85.0,F,South Asian,South Asian,East Asian,True,True,0.011276590138211548,4.573150615207898e-08,0.42216105299878287,0.5345576401747594,0.032004670956740075,-0.5033731591891193
IND002544,66.8,F,American/Indigenous,American/Indigenous,,False,True,0.002083931660245621,0.060758673506332225,0.004019966482411778,0.06749163862343789,0.8656457897275724,-0.448042007339549
IND002545,38.4,F,European,European,American/Indigenous,True,True,0.09084961851033876,0.4512121901261366,0.0833331831512452,0.006038847030666899,0.3685661611816125,0.6100895236553235
IND002546,29.7,M,East Asian,East Asian,American/Indigenous,True,True,0.21310388284626863,1.152257722097961e-05,0.3901507835296004,0.058083149844737114,0.3386506612021729,-1.99962212783831
IND002547,53.7,M,European,European,,False,True,0.23575754932716794,0.5005693919604274,0.004905153568635856,0.046192167216773744,0.2125757379269951,-0.22817708689903152
IND002548,85.0,M,American/Indigenous,American/Indigenous,European,True,True,5.358099733075524e-05,0.2611464871441863,0.20739249306866658,0.17365477494957793,0.35775266384023857,-2.138231784539622
IND002549,23.0,F,European,European,,False,True,0.12219064501261595,0.6064682439648705,0.17836136890993948,0.011832309077397875,0.08114743303517594,1.0465000295163485
IND002550,58.4,M,East Asian,African,,False,False,0.3422895214396743,0.12860258470438657,0.5063086625983906,0.009741246021118762,0.013057985236429865,-0.31192818999305116
IND002551,33.4,M,European,Other/Unknown,,False,False,0.0909402131225273,0.45213779159660183,0.06608104370579779,0.38990046335336487,0.0009404882217083569,1.8877221803461985
IND002552,43.5,F,African,African,,False,True,0.9193454043241324,0.0020546357653352825,0.07638073519648729,0.002203196854466367,1.60278595787897e-05,-0.6150586503199544
IND002553,24.5,F,South Asian,South Asian,,False,True,0.27715590581124944,0.0069844464273002465,0.0022235569472126293,0.6364472898747534,0.07718880093948435,-0.9742090444638808
IND002554,69.2,M,European,European,,False,True,0.00020986006983015373,0.8054931315250841,0.01069530801494278,0.16530181504147906,0.0182998853486639,0.9876042993508233
IND002555,51.4,F,American/Indigenous,American/Indigenous,,False,True,0.05447916861517554,0.14886836632369008,0.189245270080524,0.2368799839825589,0.3705272109980516,0.18331571509756406
IND002556,37.5,F,African,African,,False,True,0.6904049212016333,0.07390057177077956,0.0004999384933015445,0.1450060413954213,0.09018852713886429,1.5067736848163427
IND002557,18.0,M,South Asian,South Asian,East Asian,True,True,0.04451725640654257,0.0008817133955681863,0.25071048108452076,0.6727998500436695,0.031090699069699128,0.23912073212371576
IND002558,21.4,M,South Asian,South Asian,,False,True,0.1559429974324893,0.08719327317143852,0.02737492004709464,0.7270731718671604,0.002415637481817167,-1.1219567383550402
IND002559,71.5,M,European,European,,False,True,0.048848725130078985,0.6876217669274226,0.01687845930240025,0.23763742189486461,0.009013626745233533,-0.1765350634018159
IND002560,50.9,F,South Asian,South Asian,,False,True,0.044864584730601335,0.05338924481144417,0.10480660252350042,0.7908570800640454,0.006082487870408651,1.2169192384816265
IND002561,36.8,M,American/Indigenous,American/Indigenous,European,True,True,0.00046269109013595327,0.3172535436976047,0.17861102488829114,0.1465622669153559,0.3571104734086123,1.1435864586609568
IND002562,18.6,M,African,African,American/Indigenous,True,True,0.5858945075138907,2.8942358590744614e-05,0.001524789491890952,0.009135174419616842,0.40341658621601073,-0.6692396274698591
IND002563,84.3,M,European,European,,False,True,0.22982039576211072,0.6343518927767541,0.106706892121245,0.029115131485038668,5.6878548516025725e-06,-0.24415460911079345
IND002564,37.9,M,American/Indigenous,American/Indigenous,,False,True,0.276914583816442,0.0029359313767569404,0.002408115411575732,0.0016730623985213582,0.716068306996704,1.5783313408324333
IND002565,64.2,F,African,African,,False,True,0.9028473245236339,0.015544515584037064,0.0021205862444853506,0.07894784968460844,0.0005397239632354146,-1.422393903275049
IND002566,33.1,M,South Asian,American/Indigenous,,False,False,0.026660734903265926,0.001676378663738199,0.00020838000201044927,0.5314233546008191,0.4400311518301664,0.8728152042466853
IND002567,38.9,M,European,European,,False,True,0.13336404502595078,0.39804641163357546,0.18007638995660763,0.15281708204551783,0.13569607133834863,-0.11128780780357889
IND002568,33.1,M,South Asian,South Asian,,False,True,0.06466365318184593,0.004013261852440809,0.19956786783883987,0.7313348842536206,0.0004203328732526845,1.51365314285496
IND002569,18.0,M,African,African,,False,True,0.7142519247458107,0.009062111732207079,0.01183503799901738,0.13781651817335247,0.12703440734961255,0.9079327699871333
IND002570,46.4,M,East Asian,East Asian,European,True,True,0.005302689803603263,0.412059340780605,0.515032480300731,0.00019638048832315772,0.06740910862673764,-0.8739802913288771
IND002571,43.8,M,European,European,African,True,True,0.3774013767712857,0.42906678966468004,0.013420413518371978,0.1128866860994424,0.0672247339462199,0.5591927261222838
IND002572,23.2,M,African,African,European,True,True,0.5568051192547945,0.3213230410459712,0.02359590249177044,0.0166144713275323,0.08166146587993148,1.2110942717671795
IND002573,64.6,F,South Asian,South Asian,European,True,True,0.09316165964263247,0.26236455779207885,0.00043268812604377056,0.5352650951133527,0.10877599932589217,-1.2151335518634985
IND002574,70.7,F,American/Indigenous,American/Indigenous,South Asian,True,True,0.04812463005469059,0.030545012323042114,0.14211142990216472,0.34441073717198584,0.43480819054811687,-1.2140941656170936
IND002575,43.1,F,American/Indigenous,American/Indigenous,,False,True,0.0036487994927305555,1.015318997146033e-05,0.3952518073467068,0.001817368997900653,0.5992718709726904,0.3693736546922285
IND002576,61.9,M,South Asian,South Asian,,False,True,0.22500643944556142,0.0431008987571344,0.007798380143637454,0.41606880216720776,0.308025479486459,1.6386426211962721
IND002577,31.3,M,American/Indigenous,American/Indigenous,European,True,True,4.824068273011232e-05,0.30230695873131536,0.007130419487857103,0.07337508408957154,0.6171392970085259,0.35682793237420163
IND002578,64.6,F,American/Indigenous,American/Indigenous,European,True,True,0.0429417200973539,0.26358007049430227,0.04651379309700027,0.025840706057412812,0.6211237102539306,0.5793677115839215
IND002579,40.2,F,East Asian,East Asian,,False,True,0.06701794494308913,6.254782670813033e-05,0.8605146417497063,0.07227072404586217,0.00013414143463430457,-0.0872945970293664
IND002580,37.2,F,East Asian,Other/Unknown,,False,False,0.2599934622527872,0.24196928275334192,0.49109064164862015,0.0035251249276563694,0.0034214884175942793,-0.2983064397654475
IND002581,32.2,F,African,African,European,True,True,0.5574728036264321,0.27813115954486395,0.08708315259535086,0.06637346541475225,0.010939418818600858,0.5306917057841852
IND002582,77.9,M,African,African,European,True,True,0.4878735501811382,0.29388970164721884,0.012050710969129687,2.397295404849396e-06,0.20618363990710845,-0.729010634884134
IND002583,72.3,F,South Asian,Other/Unknown,,False,False,0.003841476444821813,0.12937513238442244,0.0014437716350185282,0.4756363221604787,0.38970329737525866,1.2800502174530028
IND002584,78.5,M,African,African,,False,True,0.7847831787773061,0.012366471372274042,0.09007366791996692,0.0003058751689446217,0.1124708067615082,0.9240247184254486
IND002585,82.2,M,East Asian,Other/Unknown,,False,False,0.005388146344728862,0.02089354639972455,0.45008035162594917,0.15833180353320786,0.36530615209638956,-0.47808949751496566
IND002586,85.0,F,East Asian,American/Indigenous,,False,False,0.013210931612096322,2.5980974399849527e-07,0.5616149492316723,0.08020709191981672,0.34496676742667065,-1.1518777905406843
IND002587,81.0,F,European,European,South Asian,True,True,0.006024116058163546,0.6363864685404588,0.010911176190479975,0.34649588283242033,0.00018235637847738864,-0.7190967371035001
IND002588,21.2,F,East Asian,East Asian,,False,True,2.1905805940029257e-05,0.061524797725369375,0.9164005285119192,0.00013885564315645958,0.021913912313615006,0.18884679164712748
IND002589,43.3,F,European,European,,False,True,0.000440228525611773,0.44940208431108397,0.00047312923665895337,0.11294984186696283,0.43673471605968245,2.009081384185106
IND002590,61.3,F,South Asian,South Asian,,False,True,0.0011473448210269663,0.0008924300681994779,0.022339159195989357,0.9483014837349669,0.027319582179817378,-1.2090886724247136
IND002591,44.3,F,African,European,,False,False,0.9391844544945265,0.042617274513447025,0.006774370078461693,0.011362689895810999,6.121101775364322e-05,0.005954093778726667
IND002592,78.2,M,European,European,,False,True,0.013213602540410636,0.9862068477858029,0.0001796354418038104,7.553845548512505e-05,0.0003243757764975906,2.6027741218954774
IND002593,66.7,M,South Asian,South Asian,,False,True,0.03220039419039881,0.1106082672378783,0.16448222997518838,0.6873850455319462,0.00532406306458847,-2.8534753757149183
IND002594,72.3,M,African,South Asian,,False,False,0.5534866837301089,0.009712363130148775,0.0007847949744683396,0.2675818275597005,0.16843433060557345,-0.972187985776191
IND002595,66.2,M,African,East Asian,,False,False,0.7998643487373854,0.1332608508829875,0.054532597653692755,1.4959261513727675e-08,0.012342187766672851,-0.5184557149238251
IND002596,34.8,F,East Asian,American/Indigenous,,False,False,0.17269076398855326,0.009890739113152025,0.6403511292340303,0.024476492336641804,0.15259087532762253,-0.7658392715885123
IND002597,30.5,F,European,East Asian,,False,False,0.023559632003157117,0.5494344718620636,0.3098679478727154,0.10615066209467418,0.010987286167389509,-0.6250384675184255
IND002598,78.7,M,American/Indigenous,American/Indigenous,East Asian,True,True,1.7371412390026544e-08,0.07328082441047976,0.29091595746344545,0.014977239497226675,0.6208259612574358,-0.002176349339319275
IND002599,57.7,F,East Asian,East Asian,,False,True,0.156653248070811,0.014636781040526972,0.6566529623678139,0.15674451438727335,0.015312494133574774,-0.843148418590182
IND002600,68.8,F,European,European,African,True,True,0.3240975759668432,0.594354084444243,1.4361575525901065e-07,0.06240213938975446,0.019146056583404007,1.0372164940893795
IND002601,38.6,F,East Asian,East Asian,,False,True,0.01431034382654023,0.0042500182396443065,0.939341285726003,0.0402776284220415,0.0018207237857709956,-0.9293302882533192
IND002602,39.6,F,East Asian,East Asian,American/Indigenous,True,True,0.0021647623297593294,8.74076580506586e-05,0.6442412474031785,0.05937269960437342,0.29413388300463816,0.49876440494911745
IND002603,35.4,M,American/Indigenous,American/Indigenous,,False,True,0.005466838918612108,0.05733636736062377,0.17632857712251235,0.00042323907528211377,0.7604449775229697,0.11912477454887074
IND002604,26.1,M,South Asian,South Asian,,False,True,0.023385590248398192,4.1847314547458224e-05,0.006766174055142434,0.9006825484370501,0.06912383994486176,-0.6240610445435673
IND002605,41.2,F,European,European,,False,True,0.02714584175725271,0.9496522572922892,0.002815788259714544,0.011625899464355032,0.008760213226388546,-0.1231475308364669
IND002606,67.8,F,South Asian,South Asian,European,True,True,0.0131751873934795,0.35754876711751615,0.00475462827105588,0.6244446439731595,7.677324478904897e-05,-2.3829087311783397
IND002607,31.4,F,European,European,American/Indigenous,True,True,0.09318081646715418,0.5184552764711451,0.00014740482373913372,0.013628518779457375,0.374587983458504,-0.6867921617787421
IND002608,75.3,F,East Asian,East Asian,American/Indigenous,True,True,0.02506726719599299,0.024402535915313807,0.6799444668031974,0.007645471907004018,0.26294025817849165,-1.469434599683916
IND002609,72.8,M,American/Indigenous,American/Indigenous,,False,True,0.11046152826191762,2.37211277555364e-09,0.12270113195858309,0.3247224539162964,0.44211488349109007,1.2909374401208003
IND002610,47.2,F,South Asian,South Asian,,False,True,0.030281269612770778,1.7675987235655428e-05,0.08626359657010704,0.8121967380965155,0.07124071973337087,-0.9796577542841285
IND002611,37.0,F,African,African,,False,True,0.8424317859377037,0.036280760457216066,0.00013775820047946653,0.0774345304973447,0.04371516490725596,0.5685556556904529
IND002612,48.2,F,South Asian,South Asian,,False,True,0.00014258226759882449,0.005218702987976063,0.013579758586522815,0.9808053282342925,0.00025362792360994637,0.2904177900834779
IND002613,24.0,M,South Asian,South Asian,,False,True,0.25234442247889544,0.16883910690644688,7.366063504834578e-06,0.5230154289466812,0.0557936756044717,0.6836475290662526
IND002614,40.7,F,South Asian,South Asian,,False,True,0.01631953755457098,0.08606167426205927,0.03181201881867068,0.8589505434946945,0.006856225870004789,-0.366828527818534
IND002615,22.5,F,East Asian,East Asian,European,True,True,0.07569121167187241,0.2839270665319296,0.5582300915193215,0.0015216660838625888,0.08062996419301384,-0.7805728255583321
IND002616,25.3,M,South Asian,South Asian,,False,True,0.12455274049573943,0.1425424516402109,0.039060829187812764,0.6929808158780917,0.0008631627981451953,0.5445636706006113
IND002617,50.0,M,East Asian,American/Indigenous,,False,False,0.08923520563797717,0.0024902160070051473,0.49429881126664055,0.0008627568093696371,0.4131130102790075,1.1922487076350028
IND002618,62.2,F,East Asian,East Asian,,False,True,0.005337623309866524,0.008239083938143118,0.8409624810466859,0.07866977143097978,0.06679104027432452,0.22871256802979756
IND002619,63.7,F,American/Indigenous,American/Indigenous,,False,True,0.15598837532422646,0.007062522304304342,0.01592545770843534,0.037385740014839894,0.783637904648194,0.0034386860456063
IND002620,33.9,F,African,African,,False,True,0.4094810536278627,0.36219091940342957,0.0010514413928336735,0.22558658170871682,0.0016900038671571025,-3.441025954484196
IND002621,64.7,M,American/Indigenous,American/Indigenous,,False,True,0.06938102962605393,0.009004926049378574,6.231383674343853e-05,0.00010549364913538057,0.9214462368386886,0.08985387977761872
IND002622,27.1,M,European,European,African,True,True,0.25654122478788843,0.5210301169534967,0.01884582382728029,0.2024712772404819,0.0011115571908529819,0.1660760377416466
IND002623,52.2,M,East Asian,East Asian,,False,True,0.016250835744218095,3.560358000230114e-05,0.929653214416458,1.5500795533302603e-06,0.054058796179768366,-1.4449558624755805
IND002624,18.0,F,European,European,African,True,True,0.2581979977997353,0.6595831972379437,0.009820477384030827,0.04763432182215973,0.024764005756130563,0.35581837889309403
IND002625,29.6,F,European,European,East Asian,True,True,0.014353913853457145,0.6278705055339652,0.3379131267207345,0.019859527182904877,2.9267089384283262e-06,0.33725657000454
IND002626,72.8,F,South Asian,European,,False,False,3.850257747006091e-06,0.45770222229900687,0.06345530890925886,0.4674381998997638,0.011400418634223478,0.5418581639518724
IND002627,46.2,M,South Asian,European,,False,False,0.009786906692054622,0.18284710335044166,0.009923913835232726,0.7271807326775742,0.0702613434446967,-0.0377571076795262
IND002628,45.8,F,American/Indigenous,American/Indigenous,,False,True,0.00016677833091559955,0.2439306674468212,0.1724127388187377,0.072020090393841,0.5114697250096844,0.30658572457061267
IND002629,85.0,F,East Asian,East Asian,,False,True,0.024713797442257088,0.2096172573568781,0.5637218530294467,0.14574829459974636,0.0561987975716719,-1.5917851336151805
IND002630,31.0,F,European,European,African,True,True,0.34074478972309674,0.5879533910721844,0.005518058234000275,0.06506073421884111,0.0007230267518774731,0.08301701353274979
IND002631,72.4,F,East Asian,East Asian,American/Indigenous,True,True,0.20698804442041904,0.0010618920492954538,0.33332817352373895,0.14462553722115382,0.3139963527853928,-0.31482352815359205
IND002632,69.0,M,East Asian,East Asian,European,True,True,0.004290717343826557,0.3093212491105092,0.6112115135327356,0.016304338074942217,0.0588721819379863,0.30729003738871996
IND002633,63.5,M,European,European,American/Indigenous,True,True,0.039122847937180794,0.5284410395530831,0.0013143035495994384,0.0002187075111111876,0.43090310144902555,-0.8447497021524487
IND002634,57.2,M,East Asian,American/Indigenous,,False,False,0.003013397951728463,0.007369219585704275,0.5374094263880111,0.10524159971112448,0.3469663563634316,-0.5511738219182496
IND002635,48.4,F,South Asian,South Asian,,False,True,0.20863526873915025,0.10427070588010869,0.0353641782931142,0.6153087438540391,0.03642110323358761,0.8174550434737674
IND002636,55.7,M,African,African,,False,True,0.8696199671956911,0.00046441992084600593,0.11519966701273701,0.014648019489185326,6.79263815406426e-05,0.6856900811740263
IND002637,80.0,M,African,African,,False,True,0.7229072333543517,0.06620069421395648,0.20796128419010038,0.0005193066986072008,0.002411481542984511,0.5952610646347892
IND002638,65.4,M,American/Indigenous,East Asian,,False,False,0.014369941349524845,1.323332592331741e-07,0.3698063301273439,5.0777194644225513e-05,0.6157728189952278,-0.2992299158790467
IND002639,75.2,F,South Asian,South Asian,European,True,True,7.985301131181433e-05,0.43050015054870955,0.0202729705594868,0.5491469976670217,2.821347024427373e-08,-0.1995839338638815
IND002640,27.9,F,East Asian,East Asian,,False,True,0.012137696870371596,0.0007213121750416204,0.8918632739864674,0.07187856534405775,0.02339915162406157,-0.5048466367832384
IND002641,32.5,M,East Asian,African,American/Indigenous,True,False,0.053399311254913664,9.167563546193679e-06,0.683341553923267,2.4025720827659235e-08,0.26324994323255213,-3.402999314327439
IND002642,61.3,M,East Asian,East Asian,African,True,True,0.2623623836756964,0.004467001922190628,0.4822804322033885,0.2500967263481009,0.0007934558506234758,-0.058099372674476235
IND002643,30.4,M,American/Indigenous,American/Indigenous,,False,True,0.0062398022295050825,0.16640062740098635,9.58447092210954e-07,0.19898362041347337,0.628374991508943,-0.8889567787776952
IND002644,70.8,M,South Asian,South Asian,,False,True,0.050913472670235715,0.055896948599045364,0.05578086668934241,0.8346315900881645,0.0027771219532120475,0.5929871048922983
IND002645,18.0,M,European,European,,False,True,1.0781210551271363e-05,0.794194759114205,6.074126287844222e-07,6.220471683086194e-05,0.20573164754578424,0.4263063246483547
IND002646,64.3,F,European,African,,False,False,0.011187145779855082,0.663620422315349,0.17321240978224728,0.0027190679689967825,0.1492609541535519,0.6269163627700876
IND002647,81.7,M,East Asian,East Asian,,False,True,0.006929258509461,0.09616298284803798,0.8520326443707259,0.03953890260892952,0.005336211662845733,0.5909134444978007
IND002648,68.2,F,European,European,,False,True,0.07213435185065116,0.8165841513710256,0.006567608441225756,0.002506973403294933,0.10220691493380253,1.310714426924834
IND002649,68.5,M,South Asian,South Asian,,False,True,0.20845668295552236,0.06433306260969453,0.011046345242891263,0.7154411955062887,0.0007227136856032541,-0.11551436457609565
IND002650,49.5,M,East Asian,African,,False,False,0.1482789211898401,5.4795508962654363e-05,0.704666186858925,0.0006857631742354303,0.1463143332680367,-1.1730056069025414
IND002651,26.7,M,East Asian,East Asian,,False,True,0.0005678496567095552,0.0062401333504268856,0.4077847646094055,0.37011470305548533,0.21529254932797273,-1.5589580018858693
IND002652,41.5,F,American/Indigenous,American/Indigenous,,False,True,4.134578158978189e-06,0.003448632346652653,0.12306913287763381,0.06930933866054219,0.8041687615370124,-0.6571026654811456
IND002653,82.5,F,American/Indigenous,American/Indigenous,,False,True,0.06758225152810973,0.009425376954924309,0.0034273793259072495,0.024015850521754326,0.8955491416693044,0.4650603328884836
IND002654,74.2,M,East Asian,East Asian,,False,True,0.13139899521461418,0.24936765341663517,0.38347469867341316,0.07173889394634607,0.16401975874899133,-0.7930730975360467
IND002655,60.2,F,African,African,,False,True,0.9824205057200108,3.484653054741258e-06,0.0016010962086464295,0.0029662243451544774,0.013008689073133607,-1.0453954385571016
IND002656,19.3,F,European,European,South Asian,True,True,0.003810158212096414,0.47174975291664023,0.03202653708134835,0.44707599975786155,0.045337552032053516,0.49777997011351205
IND002657,46.3,F,European,European,South Asian,True,True,0.12618281040249504,0.4104328620774163,0.0729128569835079,0.3557095084641141,0.03476196207246667,-0.5717671574333365
IND002658,62.2,M,African,African,East Asian,True,True,0.6872791254032681,0.011139665214941462,0.29836943483901035,0.0025885750762003504,0.0006231994665795474,-0.41308184293311445
IND002659,67.5,F,European,European,,False,True,0.0033507651465216307,0.8277216580097603,0.06290703120030378,0.07380030653399211,0.0322202391094221,-1.1653262261779616
IND002660,52.4,F,East Asian,East Asian,European,True,True,0.236897508000476,0.25396364340518285,0.5054519734799555,0.003045918451715295,0.0006409566626704663,-0.963532226618403
IND002661,18.7,F,East Asian,East Asian,,False,True,0.2540071011176318,0.07790745065590532,0.33543327769858583,0.05297103586763984,0.27968113466023714,0.4570354688978671
IND002662,74.4,F,East Asian,American/Indigenous,,False,False,0.11034385008525413,0.0013421316144442879,0.47558388605218377,0.05347066184875189,0.3592594703993659,-0.06271640588376082
IND002663,43.7,F,European,European,,False,True,0.04211746749368365,0.6943207596127245,0.007199658260216613,0.1990188936067076,0.05734322102666776,2.026224592865406
IND002664,65.3,M,East Asian,South Asian,,False,False,0.00016921006035389063,0.010818796609420452,0.7780122005822679,0.16466549369364858,0.04633429905430902,0.2760800535236366
IND002665,48.2,M,European,European,,False,True,0.16291377301115736,0.7929400747533286,0.013238784232624846,0.0001456139506339775,0.03076175405225527,0.03425909431976276
IND002666,70.8,M,East Asian,East Asian,,False,True,0.004452811587532141,0.00927851475056407,0.7764729120127286,0.05125436029990549,0.15854140134926967,-0.8627190406337623
IND002667,36.4,F,African,African,,False,True,0.5429338452855793,0.001055688257662141,0.10156221327191131,0.13937690235135286,0.21507135083349432,-0.051975867550390915
IND002668,69.9,M,European,European,,False,True,8.038865525051967e-08,0.5527426330746205,0.005735114050082465,0.42238673700392754,0.019135435482714347,0.4081426235426091
IND002669,23.2,F,American/Indigenous,American/Indigenous,,False,True,0.2439554153825819,0.09570875250508502,1.0590961043742866e-09,0.13817228127115103,0.5221635497820858,-2.083933951459695
IND002670,33.4,F,South Asian,South Asian,,False,True,0.002187737948727557,0.039356464206107104,0.1780679827022226,0.774208877938475,0.006178937204467611,0.2585829829250648
IND002671,43.8,M,East Asian,East Asian,South Asian,True,True,6.4982702623847995e-06,0.030659709188330223,0.4965425472800284,0.4293336726743436,0.04345757258703561,-0.5109175459978282
IND002672,65.3,F,South Asian,South Asian,African,True,True,0.39440201121866,0.08877396467219331,0.05521644495313851,0.4607280778346735,0.0008795013213346138,-0.8151360925823709
IND002673,59.2,M,American/Indigenous,South Asian,,False,False,0.08323099808940887,0.21144600094870386,0.0001611003050157438,0.23935338253717336,0.46580851811969815,0.37004988124279375
IND002674,61.3,F,American/Indigenous,American/Indigenous,South Asian,True,True,0.000782123839354057,0.15169793423271946,0.0020866141127655726,0.4057430740877843,0.43969025372737663,1.326748579280567
IND002675,53.5,M,European,European,,False,True,0.0051496267346195996,0.918081566700404,0.057571918165088616,0.0010695988842678956,0.018127289515619923,0.6001293144466582
IND002676,53.7,F,African,African,,False,True,0.6434916004366759,0.0016750594843497608,0.17866223769696482,0.17466357282823228,0.0015075295537772242,-0.7284215402850656
IND002677,57.4,F,European,European,,False,True,0.021845999194563568,0.6884239205707219,0.013874119153262726,8.84128515101322e-06,0.2758471197963008,0.44798767357224745
IND002678,55.2,M,East Asian,East Asian,,False,True,0.0013528872440941677,0.11569861106244797,0.50371873625371,0.24205801408304028,0.13717175135670753,-0.3620243660901838
IND002679,51.1,M,American/Indigenous,American/Indigenous,,False,True,0.00023906607144123877,0.014491592399961362,0.0008646639967764448,0.01314145240494847,0.9712632251268725,1.01983909323855
IND002680,59.2,M,South Asian,South Asian,European,True,True,0.17702438254185354,0.2696654027963615,0.1069072004480487,0.44619977682549067,0.00020323738824555972,-0.6584008555471079
IND002681,71.9,M,African,African,,False,True,0.8206007268250608,0.04027792560233159,0.01130829379438255,0.0859802752232819,0.04183277855494324,0.5239501086818947
IND002682,77.0,F,European,European,,False,True,0.0404124038694849,0.6252455407143491,0.00037194391429546525,0.33396735979774084,2.751704129723323e-06,1.622640671177783
IND002683,84.0,M,South Asian,African,,False,False,0.0925488324842099,0.0015561153798256929,0.0049478580943055515,0.8900493945139178,0.0108977995277411,-1.8097264022507642
IND002684,18.0,F,African,African,East Asian,True,True,0.34480461657932,0.004191028383542745,0.3430417267862519,0.004994176493858959,0.3029684517570263,-2.4480318902559377
IND002685,51.6,F,East Asian,East Asian,,False,True,0.010433633161815059,1.639955928617e-05,0.7149496132738168,0.2666020414310856,0.00799831257399641,-0.42201929423373225
IND002686,59.4,F,African,African,East Asian,True,True,0.5361018368893102,0.025009415826715804,0.38804472241391597,0.03693937351885894,0.013904651351199115,-0.6419524094115634
IND002687,47.0,M,American/Indigenous,American/Indigenous,,False,True,0.20568949643504683,0.014800571471896812,0.0981466028921406,0.02352358304979519,0.6578397461511206,-1.3056535968804814
IND002688,73.5,M,European,European,American/Indigenous,True,True,0.002925518452698114,0.5386191567284921,0.20163378363184242,0.0057759847845566415,0.2510455564024107,1.9458024093485125
IND002689,18.0,F,European,European,American/Indigenous,True,True,0.05120325994587281,0.39614324464975287,0.21852521511354484,0.0007323436068654718,0.3333959366839641,-1.9884922248476553
IND002690,81.5,M,European,European,,False,True,0.11863715791495433,0.7187761414114076,0.005107120842767205,0.02233305216764047,0.13514652766323024,1.2344908452793124
IND002691,79.1,M,South Asian,South Asian,,False,True,0.1079502575430912,0.0011502849592911716,0.001887220310065772,0.6077010379853223,0.28131119920222947,-0.21398359683746307
IND002692,51.3,F,South Asian,South Asian,African,True,True,0.3537509165035114,0.004863617198952005,0.009749903907458286,0.631634912692596,6.496974823992078e-07,-0.5016843160466392
IND002693,82.0,M,African,African,,False,True,0.6104197085206112,0.28538951098920906,0.10090414863736882,0.00029616057982775006,0.002990471272983276,1.0113874978554325
IND002694,18.4,M,European,East Asian,,False,False,0.12841476476629143,0.7920621046854034,0.049814667142394985,0.00012322730513468364,0.029585236100775535,-0.814858167645697
IND002695,37.4,M,East Asian,East Asian,,False,True,1.2307495302459257e-06,0.08715301436789734,0.9092691586195747,9.428368446191972e-05,0.003482312578535827,-0.5227504995127581
IND002696,42.2,M,African,African,,False,True,0.7221118366783243,0.20776967598987667,0.0666801635409653,0.0034366929440838383,1.630846749812876e-06,0.6492799844830912
IND002697,69.9,F,East Asian,East Asian,,False,True,1.903724952152699e-09,0.08723417416391327,0.8992574770354559,0.013038349455353013,0.0004699974415528621,-0.7942718254990012
IND002698,23.0,F,European,European,,False,True,0.02041820098987081,0.8654082309739209,1.081455212095614e-06,0.042052632227511724,0.07211985435348431,1.1157632274473661
IND002699,71.0,M,American/Indigenous,American/Indigenous,European,True,True,0.17254405298012068,0.2871293724863967,0.11177484896167983,0.09848314782082883,0.33006857775097403,-0.019784242321319756
IND002700,61.3,F,African,American/Indigenous,European,True,False,0.4316603576171473,0.40480621106598974,0.001437128853571892,0.010476182531950274,0.15162011993134084,-0.2726526808126937
IND002701,76.6,M,African,African,,False,True,0.6485458548276577,0.008151611563612847,0.07414636555465248,0.26880837132292595,0.00034779673115115615,0.22901289855186852
IND002702,68.6,F,American/Indigenous,American/Indigenous,,False,True,0.2298308212241524,0.05882661985339124,0.01916860555036675,0.04008354055919475,0.6520904128128949,0.03081117075008294
IND002703,36.2,F,East Asian,East Asian,African,True,True,0.25477145587885897,0.05745558936102814,0.6492414647317706,0.03847832948231971,5.3160546022605554e-05,-0.692658596090826
IND002704,18.0,F,European,European,,False,True,2.7448504527569746e-07,0.6088297520623737,0.126468663848255,0.2584695032875162,0.006231806316809822,1.2104040458922254
IND002705,34.5,F,South Asian,South Asian,American/Indigenous,True,True,0.06130888763733688,0.003988068496220804,0.01448988671513017,0.6649971227308173,0.2552160344204948,-1.7344896255955193
IND002706,73.8,F,American/Indigenous,American/Indigenous,,False,True,0.11613492712566188,0.09877513199230592,0.3675380894407527,1.0879331313993885e-06,0.417550763508148,-0.9114842991636551
IND002707,54.2,M,European,European,,False,True,0.029391819586679187,0.8061417940366462,0.12344181648787407,0.012272954924599002,0.028751614964201512,0.7932659347150737
IND002708,37.0,M,European,European,South Asian,True,True,0.21405516993272158,0.45275432604016036,0.007386032969855988,0.29951569178935106,0.02628877926791096,1.5097417960950292
IND002709,68.6,F,East Asian,African,,False,False,0.12724730271364273,0.035429208654714134,0.8278902014341558,0.009339746388075876,9.35408094114142e-05,-0.32600213546919865
IND002710,36.6,M,African,East Asian,,False,False,0.7838530358977895,0.005260177150139191,0.17674124868011806,0.0030470255136548106,0.031098512758298575,-0.8848295884959141
IND002711,74.0,F,European,South Asian,,False,False,0.17777696513486527,0.28901193769219446,0.21670386920700116,0.24655734458936987,0.06994988337656916,-2.1379185721211105
IND002712,67.1,M,African,African,,False,True,0.5906314474623493,0.33096306589525964,0.0004910777289038845,0.021906547451081785,0.05600786146240553,-1.3179064231358848
IND002713,48.7,F,European,European,East Asian,True,True,0.029637393596808816,0.6796275207886849,0.2705392126696212,0.020026685432370087,0.0001691875125150834,0.6300961914829408
IND002714,57.0,M,South Asian,South Asian,European,True,True,2.4094973150818927e-05,0.2925175709817989,1.2487570237735483e-06,0.6959375007854119,0.0115195845026147,1.1542027213549364
IND002715,40.2,M,European,South Asian,,False,False,0.019294940967172162,0.5503011968433313,0.0071067342007980205,0.17901051523693917,0.24428661275175936,0.4137001200775875
IND002716,18.0,M,African,African,,False,True,0.7800724738651547,0.008318711374457449,0.21070438915054593,0.00018868554906679421,0.0007157400607752966,-0.3915517559103822
IND002717,47.0,M,European,European,South Asian,True,True,0.0013045968968773381,0.6812323315690468,4.124704102768642e-06,0.31460803854854047,0.002850908281432442,1.1692650995262728
IND002718,83.2,F,South Asian,South Asian,East Asian,True,True,0.0615731713334105,0.2158404111657602,0.27580899414895144,0.4467725550909712,4.868260906514386e-06,-0.12712078314121586
IND002719,67.8,F,European,European,,False,True,0.06458567061205109,0.5482655352598451,0.2191926917795551,0.16789076392746796,6.533842108073178e-05,0.5238381988765037
IND002720,40.2,F,African,African,,False,True,0.9023471200929754,0.02309947179026626,0.04770648951239484,0.024680701682016176,0.0021662169223475368,1.0247879399827504
IND002721,40.3,M,African,African,East Asian,True,True,0.3980440671412477,0.0049043633517920505,0.34623969865067417,0.250768545259779,4.332559650689072e-05,-0.5814039004212568
IND002722,41.1,M,European,European,,False,True,3.021317099532533e-05,0.9245579734262669,0.0026452154327335823,0.06466525495736959,0.008101343012634816,-0.30650669659630586
IND002723,18.0,F,European,European,South Asian,True,True,0.15701281450388901,0.4312916918857212,0.12507663921374665,0.28009754178170765,0.006521312614935475,-1.1488116850414243
IND002724,34.3,F,South Asian,South Asian,,False,True,0.22416515607409968,0.08774571837270864,6.01041174382164e-08,0.4485450184569189,0.2395440469921552,0.6807173617420423
IND002725,26.6,M,South Asian,South Asian,,False,True,0.09866371693771754,0.058826373995682725,0.1751244377916895,0.6672885870923686,9.688418254161244e-05,-1.8777382224822445
IND002726,81.1,M,American/Indigenous,American/Indigenous,East Asian,True,True,0.19535182627706144,0.0064374005311272735,0.269435418768357,0.05019140189569056,0.4785839525277638,-0.5057356515634248
IND002727,32.7,F,African,African,,False,True,0.4290059013192807,0.16270931451183154,0.19211434494304575,0.13320001980824397,0.08297041941759796,-0.4615906105305104
IND002728,26.9,F,African,African,,False,True,0.8156757165744002,1.9855887620857458e-06,0.05856998106074388,3.237386568090756e-05,0.1257199429104129,0.3631795220392081
IND002729,18.0,M,European,European,,False,True,0.1608958541959239,0.6028173935276631,0.059150487118828275,0.0029461252296715816,0.17419013992791316,-0.18913437118770782
IND002730,65.7,M,European,European,,False,True,0.06261819184719689,0.7938144013366695,0.04347483294510988,0.0854987446171749,0.014593829253848813,1.167943510009554
IND002731,53.4,M,South Asian,African,,False,False,0.13041225183750219,0.009184817772390256,0.19022937961551392,0.6486373801947668,0.021536170579826847,1.0464675998877118
IND002732,64.0,F,East Asian,East Asian,European,True,True,0.015466928819558492,0.4239075063100765,0.4982595756733684,0.03618285009225847,0.02618313910473801,-0.36146973242486424
IND002733,66.8,F,European,European,,False,True,0.1052068562910177,0.46172828374436664,0.2597462103388623,0.0008676802860916906,0.17245096933966178,0.810396437021651
IND002734,84.2,M,East Asian,East Asian,,False,True,0.00967421973787687,0.16748929851765545,0.7991128333052837,0.0009065733486883175,0.022817075090495614,-0.5666617576029773
IND002735,19.6,F,African,African,American/Indigenous,True,True,0.4569696310127866,0.02257721354715318,0.17058873965736673,0.06494784986035083,0.2849165659223426,-0.10973748735402702
IND002736,77.5,M,American/Indigenous,American/Indigenous,,False,True,0.1622206190674996,0.14186283994310908,0.00023775707093442802,0.01802691661483667,0.6776518673036203,0.18548268660809086
IND002737,40.5,F,East Asian,East Asian,,False,True,0.21479187999439658,0.002257989635390226,0.7802888594068162,0.0026369842400597613,2.4286723337094595e-05,0.016902951806047062
IND002738,83.9,F,South Asian,South Asian,American/Indigenous,True,True,1.549738214035005e-05,8.849433845102466e-05,0.003988282672583758,0.6615685451782098,0.334339180428615,0.5302378990983597
IND002739,47.8,M,American/Indigenous,American/Indigenous,European,True,True,0.0017958957407028966,0.403346761921916,0.01133202133355517,0.12485277532679116,0.45867254567703475,0.7262779046250223
IND002740,81.1,F,East Asian,East Asian,European,True,True,1.774433500596731e-06,0.3252664723467096,0.5284744899950053,0.13177645435220695,0.014480808872577479,-0.19298047970022525
IND002741,85.0,F,South Asian,American/Indigenous,,False,False,0.0006489058731733871,0.000478351963133813,1.2199189832445676e-11,0.9706302253221657,0.028242516829328074,0.5055360491124895
IND002742,38.1,F,South Asian,South Asian,,False,True,0.13978614068621392,0.02534406905654895,0.06289062603152211,0.7258109373533068,0.04616822687240821,0.11718010705983846
IND002743,72.0,M,South Asian,South Asian,,False,True,5.128528088329098e-09,0.03568696920674178,0.07633884114214434,0.8569816744362938,0.030992510086291905,-1.1723558414045798
IND002744,54.1,F,European,European,American/Indigenous,True,True,3.500095070484331e-08,0.6027805503200077,0.03705118938309158,0.10310528293546836,0.2570629423604819,0.6306766090377587
IND002745,45.6,F,East Asian,East Asian,African,True,True,0.4790190157359112,0.00015807803156006568,0.5207092152073217,2.88354161867335e-07,0.00011340267104521474,-0.9506230055273657
IND002746,46.8,F,South Asian,South Asian,,False,True,0.03277794000674426,0.05739905819419875,8.430829787449929e-07,0.5086499260890145,0.4011722326270638,1.0671696902866206
IND002747,62.7,F,American/Indigenous,American/Indigenous,,False,True,0.2411690224436282,0.0063610856036493465,0.04657525138246426,0.02875634764545427,0.6771382929248038,1.0511999311979054
IND002748,21.2,F,East Asian,East Asian,,False,True,0.005580154432739395,0.021769540461823677,0.9104705328907556,0.048011904364208366,0.014167867850472908,-0.7418255922793733
IND002749,64.1,F,African,East Asian,,False,False,0.47741094775382387,0.23139367017919674,0.11192662855013634,0.06132866285891211,0.11794009065793103,-1.4685971154837199
IND002750,58.1,F,American/Indigenous,American/Indigenous,,False,True,0.11165692763667666,0.0064323195607519255,1.0232840176107774e-06,0.1531654864473806,0.7287442430711732,0.6599895574809822
IND002751,62.7,M,European,European,American/Indigenous,True,True,0.020416552627040643,0.5292144353285861,0.13557596688369306,0.0008929581347977088,0.31390008702588235,-0.37907977696941386
IND002752,45.8,F,European,European,,False,True,0.0033825366951773283,0.8620382045888957,0.04452200144547314,0.05010389976637442,0.03995335750407937,1.2586523870772073
IND002753,35.0,F,American/Indigenous,American/Indigenous,African,True,True,0.3692844262403095,0.004747474364548718,0.015281505272049337,0.15958505675964668,0.45110153736344577,0.12395752666229234
IND002754,59.4,M,European,European,,False,True,0.24994936717105706,0.46737754826445976,0.22539069219161503,0.05110654001113949,0.006175852361728798,0.4022003424836905
IND002755,19.0,M,European,European,African,True,True,0.2903947146473212,0.5399992854693544,0.057166656406252125,0.008332151976550755,0.10410719150052161,1.509700968199832
IND002756,18.0,M,African,African,,False,True,0.7989184172678236,0.05562273642678126,0.06381853479239241,0.0702250396329008,0.011415271880101947,-0.19662868948325224
IND002757,18.0,M,African,African,,False,True,0.8115138278418338,0.00014838201652394195,0.02962665865974991,0.00010393742868117989,0.1586071940532111,-0.4239794068651979
IND002758,56.2,F,European,European,,False,True,0.00678089327685773,0.8965011062677953,0.0013626370102048366,0.03224558183421549,0.0631097816109266,2.908156803601832
IND002759,34.4,M,African,African,,False,True,0.6643222218166723,0.0006578854909518887,0.0003931000293134253,0.3343430139447849,0.00028377871827732466,-2.0295002143035292
IND002760,67.5,M,South Asian,South Asian,American/Indigenous,True,True,0.2131781348923672,0.01433095898804754,0.002688806337416648,0.41192133969445144,0.35788076008771713,0.13298566134053846
IND002761,24.2,M,African,South Asian,,False,False,0.6525112455247156,0.006488383595155443,0.0005987161866801722,0.2219812256665168,0.11842042902693184,-0.41901297377017743
IND002762,77.3,F,European,Other/Unknown,,False,False,0.009264054462184096,0.6069109446412843,0.3160848866783775,0.06768201408284659,5.8100135307535036e-05,0.12346486560046943
IND002763,62.0,F,African,African,,False,True,0.9586756824725369,0.0012068623724460893,0.00035836260215773197,0.038819056133155644,0.0009400364197036549,-1.4622968849716784
IND002764,24.4,M,American/Indigenous,European,,False,False,5.974382299874385e-06,0.23622198263242447,0.0783463818127949,0.29873169991170134,0.3866939612607795,-0.21384894340266172
IND002765,36.9,F,American/Indigenous,European,,False,False,2.984645637842278e-07,0.006903939889927372,0.009315243488607742,0.004574111448056196,0.9792064067088448,-0.6960950172200785
IND002766,85.0,M,South Asian,American/Indigenous,,False,False,0.0014979450470674822,0.22745370706571613,0.001296401176045838,0.7211353025692439,0.04861664414192656,1.753891443650326
IND002767,30.8,M,East Asian,European,,False,False,0.05237323850906407,0.2729072441807395,0.43345178299030657,0.008253711023392885,0.23301402329649692,-0.2032853068238636
IND002768,30.5,F,East Asian,East Asian,African,True,True,0.4666129688922155,0.0060276598644279965,0.49924469055957654,0.020308018188208647,0.007806662495571293,-1.6585170019373832
IND002769,65.4,M,American/Indigenous,American/Indigenous,,False,True,0.033945224532678724,0.004142887125560145,0.23015431946781165,0.045172982666327924,0.6865845862076216,0.8801834759897348
IND002770,57.2,M,American/Indigenous,American/Indigenous,,False,True,0.022345202192240017,0.4249355593797263,0.0011810550551835937,0.013229725055666821,0.5383084583171833,-1.0737336263669597
IND002771,70.1,F,South Asian,South Asian,American/Indigenous,True,True,0.04227466016020582,0.03439577605617866,0.0027895204948363223,0.5250457571067587,0.3954942861820205,-0.056867401359085745
IND002772,23.7,F,East Asian,European,,False,False,0.0034446078489319934,0.06237958687898326,0.9277039452324607,0.0064691291725375724,2.7308670865505483e-06,-0.3042329391216263
IND002773,31.7,M,East Asian,East Asian,African,True,True,0.2685932108703846,0.22319776900792704,0.2729446960156435,0.028572670757782463,0.20669165334826242,1.8323850105160306
IND002774,19.6,M,European,European,,False,True,0.20470252289003957,0.49542703004919697,0.10594568673863033,0.015455669282038913,0.1784690910400942,0.6498197242992727
IND002775,21.0,F,East Asian,East Asian,South Asian,True,True,0.2455247041471524,0.17742789393673303,0.28442812511076726,0.2764741676354222,0.016145109169925058,-0.2751670913113788
IND002776,43.5,F,South Asian,South Asian,East Asian,True,True,0.0048776150702315325,0.005878260569473927,0.37015505981599467,0.5673914827541093,0.051697581790190614,1.888326447868793
IND002777,78.1,M,European,European,South Asian,True,True,0.0014814813117868,0.7381166514324995,0.0011747581948959582,0.25905035037874713,0.00017675868207056697,1.1460281379725918
IND002778,82.9,F,American/Indigenous,American/Indigenous,,False,True,0.039574803354863346,0.03856433166317446,0.0071532230647556126,0.023783325202608,0.8909243167145987,-1.7379165470989297
IND002779,18.0,F,European,American/Indigenous,,False,False,0.0168742441633876,0.7295023418097113,0.0196682179370927,0.15218566034894898,0.08176953574085942,-0.9516534127402392
IND002780,40.5,F,East Asian,European,,False,False,0.09216439597011464,0.17758581258779227,0.6132964648370114,3.1091331633305114e-08,0.11695329551375026,0.08930167037755943
IND002781,85.0,M,American/Indigenous,American/Indigenous,,False,True,0.037534508279839444,0.01657468737622277,0.11771273876321296,0.16946453695693867,0.6587135286237862,0.22604436115745233
IND002782,29.4,M,American/Indigenous,American/Indigenous,South Asian,True,True,0.00027087609637427935,0.00037418027755843674,0.05841306598916394,0.4168218128579079,0.5241200647789955,-0.6703758392470487
IND002783,73.8,F,East Asian,East Asian,South Asian,True,True,0.0002523564048261527,0.297396342239229,0.3663242318061918,0.3247409161412263,0.01128615340852683,0.8801042329458653
IND002784,85.0,M,East Asian,East Asian,American/Indigenous,True,True,0.01796369439397907,0.024718067221063775,0.4433041827433229,0.14865069120317514,0.36536336443845924,-0.11763169801706372
IND002785,58.0,M,South Asian,South Asian,,False,True,0.24438710762999327,0.03649294665291473,7.549574416685759e-05,0.6985375116894248,0.020506938283500396,0.2740051556752539
IND002786,74.1,M,African,African,,False,True,0.6365542145239703,0.19817098459770408,0.0006201664655479964,0.16181265986484936,0.0028419745479281986,-0.13713584465690054
IND002787,43.1,F,East Asian,East Asian,,False,True,0.03372201825540534,0.23203910084171248,0.708624015831097,0.005404071828019912,0.02021079324376534,0.45171189140820966
IND002788,73.2,F,European,European,,False,True,0.002564871346319766,0.7677764350195584,0.08839815037746725,0.03492658708857748,0.10633395616807714,1.0583558351829665
IND002789,49.5,F,European,European,,False,True,1.1813491685808776e-05,0.8129979887376247,6.29939187793783e-05,0.18173875764427933,0.0051884462076304955,-1.2647409270247687
IND002790,69.8,M,South Asian,American/Indigenous,,False,False,0.020593900271783955,0.00037436719365257625,0.007605518425906409,0.6788374007890984,0.29258881331955866,0.6503905075868995
IND002791,50.6,F,European,European,,False,True,0.26237658415593224,0.5959429761771615,0.004448712889853445,0.002706374665068712,0.13452535211198408,0.13819171163082394
IND002792,24.3,M,South Asian,South Asian,,False,True,0.005966025848665902,0.06961462021309293,0.1583702696637769,0.7659918470382078,5.7237236256629746e-05,0.5027869336449771
IND002793,76.4,M,African,African,,False,True,0.8279434647695885,0.07056974020267838,0.0820160510279311,0.002317697181594381,0.01715304681820776,0.17515867592703677
IND002794,33.7,F,African,African,,False,True,0.5413072813066921,0.05250511488128463,0.19163715616757843,0.16471004396913555,0.04984040367530928,-0.748654922100408
IND002795,26.3,F,American/Indigenous,American/Indigenous,East Asian,True,True,0.0009016393386805687,0.1484453373759981,0.3338448985768186,0.010565534618369034,0.5062425900901338,0.11065466342965125
IND002796,76.5,M,European,European,,False,True,0.10774781998388268,0.7265902280395612,0.0003304132566315493,0.0023961624966047923,0.1629353762233197,-0.3852015285808703
IND002797,25.3,M,European,European,,False,True,0.009004289290304368,0.6248618869041256,0.2725828329399588,0.0722347740372262,0.021316216828385227,0.644490045936119
IND002798,64.8,M,South Asian,South Asian,American/Indigenous,True,True,0.0006826544620797697,0.002326151507513035,0.0030863463774085495,0.5920086117399049,0.4018962359130938,-1.176722078878545
IND002799,37.8,F,East Asian,South Asian,,False,False,0.11504360761112474,0.1359737260322766,0.4495588930430347,0.2603304753963084,0.03909329791725579,0.6349850418582356
IND002800,39.1,M,South Asian,South Asian,,False,True,8.115912045301227e-05,0.2670678209398353,0.01399786396020578,0.3790702023683847,0.33978295361112126,-1.177553924369625
IND002801,45.6,F,American/Indigenous,American/Indigenous,,False,True,0.13838788242145042,0.15991866322152554,0.21871301628278894,0.20213873909977503,0.2808416989744601,-0.36816579936701255
IND002802,27.5,F,African,African,,False,True,0.4733201200631957,0.27668617922266686,0.00042241435879934286,0.07248405701136909,0.17708722934396906,-1.0744081846269447
IND002803,69.1,F,African,African,,False,True,0.6281518280905797,0.0006055040875791741,0.10069411878232971,0.23880438114586264,0.031744167893648804,-0.03970548141911101
IND002804,34.6,M,European,European,,False,True,0.0012241440385658674,0.956006059977687,0.001644825340602623,0.02328774210746258,0.017837228535681874,-0.2708027967600268
IND002805,48.7,F,European,European,,False,True,0.027155794451754308,0.9652798465818897,0.0003545909412047568,0.0013360267717099485,0.005873741253441352,-0.17023798303162813
IND002806,64.9,F,East Asian,East Asian,,False,True,0.050098848981785286,0.0034004798350721222,0.9422397577461898,0.003296323854338356,0.0009645895826144373,-1.1806573980198776
IND002807,36.4,M,South Asian,South Asian,,False,True,0.18776026431502066,0.0984940454602896,0.3090750131371916,0.4043631826062449,0.0003074944812532095,0.08436112911168042
IND002808,38.9,M,American/Indigenous,American/Indigenous,,False,True,0.23176474325556373,0.20798964994581376,0.09557204338239474,0.0235271908432458,0.44114637257298184,0.7813007462106251
IND002809,33.8,F,American/Indigenous,American/Indigenous,,False,True,0.05101801164670917,0.3318789719896285,0.0004566948922201675,0.0010731095320230977,0.615573211939419,-0.26230980522936187
IND002810,79.5,M,American/Indigenous,American/Indigenous,East Asian,True,True,0.0005253617006455826,0.00029450862733292353,0.43796791377897876,8.82208312593937e-06,0.5612033938099167,0.9816471253793893
IND002811,23.1,F,South Asian,South Asian,American/Indigenous,True,True,0.0005626204982650844,0.12089411930444958,1.641055056956001e-05,0.5852157007377968,0.2933111489089191,0.03774986394986796
IND002812,61.4,M,South Asian,South Asian,East Asian,True,True,0.0003689886860931955,0.0018165163861312255,0.3794064635614691,0.5617030467161178,0.056704984650188604,-0.49105017522740435
IND002813,50.8,M,African,African,,False,True,0.8161333733993279,0.07891891519755373,0.005399425561490183,0.09915406027936054,0.0003942255622677346,0.2040172904451997
IND002814,85.0,M,South Asian,East Asian,American/Indigenous,True,False,0.09161482031807441,0.003375281644919347,0.1539896810455019,0.428532685646611,0.32248753134489344,0.15459741044735265
IND002815,57.3,M,European,European,East Asian,True,True,0.0011184874843161766,0.421974901081202,0.3210028028498088,0.12988040081086466,0.12602340777380833,0.7833944824913792
IND002816,53.8,M,American/Indigenous,American/Indigenous,,False,True,0.0005929446377214696,0.09451951481012318,0.010904641175366221,0.16014599846705496,0.7338369009097343,0.5966885261836321
IND002817,65.7,F,American/Indigenous,African,,False,False,0.03746087708687157,0.2237490701607397,0.1665391675093352,0.2226586795369593,0.3495922057060942,0.6730894364570676
IND002818,65.9,F,American/Indigenous,American/Indigenous,,False,True,0.13745319164643532,0.024008226467173283,0.1608479147169529,0.007200761510052542,0.670489905659386,0.05708666517953803
IND002819,54.7,F,African,African,,False,True,0.539284826984973,0.24262372763555273,0.0002484951306994825,0.08543763018494402,0.1324053200638306,-2.867630283566588
IND002820,77.0,F,European,African,,False,False,0.42741667468171995,0.5455069698838443,0.014269338670642426,0.011386842153289823,0.0014201746105033258,0.983978629678731
IND002821,56.8,F,South Asian,East Asian,,False,False,0.00606450395950073,0.002123900068468614,0.3643259994861045,0.6153851726080273,0.012100423877898897,0.04110830456010128
IND002822,19.5,M,East Asian,East Asian,,False,True,0.0024835451137142197,0.07255855294459561,0.8901715799124048,0.018111803597927387,0.01667451843135813,-2.134230907186838
IND002823,24.4,M,African,African,European,True,True,0.5814513329098799,0.2551539658782065,0.1451771090781946,0.004897129235816514,0.013320462897902409,0.0661813400231672
IND002824,38.3,F,European,European,,False,True,0.3631447044756911,0.42794153181537464,0.1882058444939961,0.0023821992043120085,0.018325720010626184,-1.047318247211252
IND002825,55.3,F,European,East Asian,,False,False,0.012687858832300022,0.8713337517946069,0.09680783737032947,0.019168434399969528,2.1176027942347074e-06,0.6785619774714752
IND002826,79.2,F,African,African,,False,True,0.943820207084687,0.0002973502102161283,0.055879458952815174,1.9943053172282447e-06,9.89446964515306e-07,-0.5728545516744039
IND002827,49.9,F,East Asian,East Asian,,False,True,0.16601432162959348,0.004366135775455038,0.7572097161440676,0.06404296705247917,0.008366859398404678,-0.9616901782708496
IND002828,39.0,M,South Asian,South Asian,,False,True,0.0008888308986715253,0.26608004500410753,0.046222085951920414,0.6867048145272078,0.00010422361809266822,0.3233387404542276
IND002829,61.7,M,European,African,,False,False,0.1549204363295766,0.8331615463969702,8.201078500189705e-06,1.0406999225490912e-06,0.011908775495030355,0.37246073516486816
IND002830,21.8,M,South Asian,South Asian,,False,True,0.030874059601884624,0.1280675423839669,0.12220431977011302,0.6738416895259424,0.045012388718093294,0.4981531226445735
IND002831,63.8,F,European,European,,False,True,0.037162726756136,0.65948496969553,0.06552110432079283,0.23729399278033994,0.0005372064472010087,0.2690745773255966
IND002832,71.2,M,European,European,,False,True,0.14970567754321815,0.6806490745164843,0.0004881953972504969,0.02899944381524696,0.1401576087278003,0.11852667941502737
IND002833,18.0,F,East Asian,East Asian,South Asian,True,True,9.96718474346848e-07,0.01848881810025905,0.7269089172891398,0.2504408289614641,0.004160438930662793,-1.023756836323264
IND002834,42.6,M,South Asian,European,,False,False,0.1069009147437148,0.18920015687283623,0.0030316666782853217,0.700866870013019,3.9169214472793236e-07,-0.413600957433253
IND002835,59.9,M,American/Indigenous,American/Indigenous,,False,True,0.3570978228993791,0.09882476876964585,0.17214212115437327,0.0033091242097555286,0.36862616296684636,0.09832422246086359
IND002836,23.9,M,East Asian,East Asian,,False,True,7.1679118373284674e-09,0.005989197347250068,0.8448472494543369,0.02785033363652007,0.12131321239398118,0.059140127537272935
IND002837,54.4,F,European,European,,False,True,0.0005603611334468027,0.9493454424173443,0.012138752207427545,0.03708775610808417,0.0008676881336972479,0.3357060073826104
IND002838,23.0,M,East Asian,European,,False,False,0.06342867497962676,0.04990533004545493,0.8861914141628762,0.00010487983556167336,0.0003697009764805606,0.08266414773423802
IND002839,45.5,M,South Asian,South Asian,,False,True,0.0953153730932491,0.18720313774535613,0.10613251343731221,0.6111715541711361,0.00017742155294653386,-0.8648038032581897
IND002840,43.0,M,African,African,,False,True,0.715141498251455,0.16300035674986899,0.06920228312583344,0.04978385750130734,0.0028720043715351378,2.5698745665157263
IND002841,33.5,M,European,European,African,True,True,0.3356932038216611,0.41483267688233544,0.1977018003090356,0.00610127507469824,0.045671043912269574,-0.47490686061915866
IND002842,22.0,M,African,East Asian,,False,False,0.38258999095182705,0.3321790050979675,0.2781034526722246,0.00026867892993034725,0.006858872348050635,0.28409210707830085
IND002843,29.6,M,European,European,East Asian,True,True,0.0006617078795069226,0.42544352272858926,0.34582607788492825,0.16231313660341623,0.06575555490355924,0.15622400455128826
IND002844,45.5,M,African,African,East Asian,True,True,0.6063888550461974,0.0027772011774817684,0.33517420630141104,0.05230630688283122,0.0033534305920783557,-0.02208911955015702
IND002845,18.7,F,African,African,East Asian,True,True,0.5569031104346429,0.0046170832292723955,0.31115916486837486,0.10088147340580003,0.026439168061909848,-2.061507398226273
IND002846,83.7,F,American/Indigenous,American/Indigenous,,False,True,0.0004336374945256383,6.903070339430388e-06,0.0007794056356913278,0.16784434165870313,0.8309357121407405,1.1063134128460308
IND002847,44.8,F,American/Indigenous,American/Indigenous,,False,True,2.9664704510073373e-05,0.11287940336268915,0.14218421960091,8.101561872925752e-05,0.7448256967131615,1.167589235280859
IND002848,25.7,M,South Asian,South Asian,,False,True,0.17475986296304982,0.15708750541588676,0.15924941885676963,0.5088998834037646,3.3293605293126294e-06,0.7351397661092846
IND002849,48.3,M,African,African,,False,True,0.9053781184195161,0.05354468949216747,0.0006858370487228159,0.038387320841140465,0.002004034198453248,-1.164102232967041
IND002850,69.1,M,African,African,,False,True,0.5639123671010761,0.3638421832827315,0.0006399716076028794,0.07146499662638989,0.00014048138219970675,1.4665815072921187
IND002851,70.6,M,East Asian,East Asian,European,True,True,1.8224430101433324e-05,0.33083562519236787,0.581036185889253,0.01742646783494649,0.0706834966533313,1.2613542345428272
IND002852,44.6,F,African,African,,False,True,0.8436439667178278,0.009680587293005565,0.019548284718037608,0.06419867863331404,0.06292848263781498,-0.7209517020670148
IND002853,85.0,F,East Asian,African,European,True,False,0.09486625246866076,0.38798538614045963,0.4721178188388882,0.014073017873177607,0.0309575246788138,-0.22287318968291592
IND002854,77.5,M,South Asian,South Asian,,False,True,0.020412822528423073,0.027041170185747698,0.014199261512450344,0.8220127832891068,0.11633396248427214,0.89981406993837
IND002855,18.0,M,African,African,,False,True,0.8860415816240097,0.07297623630309331,0.01691358139036537,0.0059974599090728475,0.01807114077345871,0.39604061484170194
IND002856,56.9,F,European,European,East Asian,True,True,1.4896250749571729e-06,0.7055283442497636,0.29422505757934336,3.5952332072360518e-06,0.00024151331261072488,1.8501078272266154
IND002857,56.7,M,American/Indigenous,American/Indigenous,African,True,True,0.32338905774748217,0.00024849979529394724,0.09982511837373004,0.004385196787876403,0.5721521272956174,1.0737691298836907
IND002858,24.3,F,African,African,,False,True,0.9836005861654382,0.01253144679289834,0.002955425310760974,0.0006362836959658872,0.0002762580349366016,-0.29081032070402574
IND002859,37.5,F,East Asian,East Asian,,False,True,0.04591232172198821,0.00033634309883909106,0.9397184730733948,0.012963927737856018,0.0010689343679218363,-0.6950209905010387
IND002860,24.1,M,East Asian,East Asian,African,True,True,0.4515806285320292,0.023215307010750332,0.4677548029697376,4.776286079836413e-05,0.05740149862668453,0.2742687474801201
IND002861,59.4,F,East Asian,East Asian,American/Indigenous,True,True,0.0004202243507831555,0.19711998336776151,0.4996663201971638,0.0028066431806385806,0.29998682890365275,-2.275674107128289
IND002862,62.3,M,European,European,,False,True,0.3470366036699231,0.42591245196975247,1.071577245551153e-05,0.21283769254440296,0.014202536043465887,-0.1877487183571005
IND002863,23.8,F,South Asian,South Asian,,False,True,0.015093249711015852,0.013985452126281151,0.00012017530386642654,0.9693519445650707,0.001449178293766105,-0.417242100803494
IND002864,49.7,F,European,European,,False,True,0.153780941856542,0.7255070131856927,0.09778418600295291,2.3161462384881737e-05,0.022904697492427444,-1.1340392848690306
IND002865,42.9,F,South Asian,South Asian,,False,True,0.08477972740229353,0.01168433021610581,0.00029797999109124377,0.8321945292392253,0.07104343315128413,0.21809393492170004
IND002866,63.2,M,American/Indigenous,American/Indigenous,East Asian,True,True,0.0407819692677946,0.2737284063137567,0.2927034497128312,0.003193441823156626,0.38959273288246093,2.20931415804246
IND002867,64.7,M,South Asian,South Asian,,False,True,0.14291584062644638,0.06911093713785192,0.197949349066989,0.589454234269464,0.0005696388992487984,0.46950885759098687
IND002868,29.7,F,African,African,American/Indigenous,True,True,0.7289212904129094,1.01254039877767e-06,0.002839179709665607,0.001277957116008518,0.26696056022101783,-0.6864966434938253
IND002869,40.4,M,American/Indigenous,European,,False,False,2.5339962804033554e-05,0.10667133898468058,0.0042783610780339565,0.3758128354753779,0.5132121244991034,1.1182865439196201
IND002870,18.0,M,African,African,East Asian,True,True,0.5916742910997961,0.027244713620746874,0.3265945676956791,0.05443442378664495,5.20037971329767e-05,-1.0462284792908987
IND002871,32.3,M,European,European,,False,True,0.23080718830024258,0.6031205776898076,0.13587768870005001,0.003574435661302932,0.026620109648596825,2.0640150600311387
IND002872,78.3,M,American/Indigenous,East Asian,,False,False,0.04034382895698952,0.03251419813925994,0.0956800752275209,0.1981500984352648,0.6333117992409648,-1.9530109451249094
IND002873,38.8,F,American/Indigenous,East Asian,African,True,False,0.306733949807768,0.0003728191773119887,0.23298601909139818,0.10783165105388093,0.35207556086964076,-0.09473666796803859
IND002874,24.2,F,East Asian,East Asian,,False,True,0.10326661945978888,0.06514817690370908,0.7282904144953779,0.03777714362332951,0.06551764551779476,1.3717958374100987
IND002875,55.2,M,American/Indigenous,American/Indigenous,,False,True,0.018396209829383777,0.004131270443064554,0.05686075391948967,0.06023066621112519,0.8603810995969368,-0.8804287739099365
IND002876,53.1,M,African,Other/Unknown,,False,False,0.7097996144630777,0.00019725690483583997,0.10870849342525876,0.10979070170745368,0.071503933499374,-0.5922737352202742
IND002877,85.0,F,American/Indigenous,American/Indigenous,,False,True,0.025210525305449847,0.18992410342744628,0.11431886347687713,0.001979582316535056,0.6685669254736917,1.0569393047588687
IND002878,35.8,M,East Asian,East Asian,,False,True,0.0547324758313746,0.0008263871232102642,0.6857787229590726,0.024523662968147564,0.23413875111819493,0.15083445181952543
IND002879,85.0,M,American/Indigenous,American/Indigenous,African,True,True,0.3797397358580877,0.11254060907772344,0.0006269923574811041,0.08648348060594,0.42060918210076775,2.12118030018262
IND002880,18.8,M,East Asian,American/Indigenous,,False,False,2.2397329430365642e-05,0.02997963001864173,0.5961457696108144,0.006627043482745911,0.36722515955836765,-0.5766751134445225
IND002881,80.1,F,African,African,American/Indigenous,True,True,0.5895510271495917,0.08520405059922671,2.744982596457671e-05,0.012189072787751146,0.31302839963746587,-0.3821031693862673
IND002882,57.1,M,East Asian,East Asian,,False,True,0.14694860118693237,8.609154437647212e-05,0.7914511635757332,0.061369401489702956,0.00014474220325508044,-0.59551529194262
IND002883,55.3,F,African,African,,False,True,0.5298869996459239,0.18205905182167226,0.0005762565974008154,0.2548595425802389,0.03261814935476432,0.13470677323513958
IND002884,74.1,M,East Asian,East Asian,,False,True,0.012926300403737953,0.012497758879430419,0.9739365417933581,0.000638159627428051,1.2392960453946577e-06,0.41865160821134584
IND002885,75.8,M,African,African,,False,True,0.7691629704487831,0.1308286211611032,0.08886683303763099,3.669756533870384e-07,0.01114120837682932,-1.3738994370537085
IND002886,80.4,F,American/Indigenous,American/Indigenous,,False,True,0.0011619822358094627,0.0289501514186285,0.01588809744620641,0.14939439158095935,0.8046053773183964,0.9060843810509109
IND002887,72.8,F,South Asian,South Asian,European,True,True,0.027329365277843846,0.39835010693726625,0.053722651290066044,0.5130873621480128,0.007510514346811103,-0.7552743180133419
IND002888,64.8,F,American/Indigenous,American/Indigenous,East Asian,True,True,0.24580967490935296,0.10037117888357237,0.2894087907792475,0.02234212491179925,0.342068230516028,0.8019282236271728
IND002889,32.3,M,East Asian,African,,False,False,0.27692084292467667,0.0006174166011838492,0.7144426791083104,0.008018668209198897,3.9315663019257036e-07,-0.110886575621582
IND002890,79.4,F,European,European,,False,True,1.0370817647666284e-09,0.9358490504765768,0.00020787237257152103,0.04996541767413138,0.013977658439638382,2.5278286835419728
IND002891,45.2,F,American/Indigenous,American/Indigenous,African,True,True,0.34236351443644264,0.09704430182490012,0.03222858834837352,0.0001003914968406974,0.5282632038934431,-0.7738357267597394
IND002892,85.0,M,South Asian,South Asian,American/Indigenous,True,True,0.00040920351291536173,0.00026713256827167484,0.04560271909652372,0.6774325503252835,0.27628839449700565,-0.025013941015688657
IND002893,41.1,F,African,African,European,True,True,0.5176849724327989,0.31150614025840506,0.11024037113070242,0.059184474496840174,0.0013840416812533885,0.2253038365608721
IND002894,48.8,F,African,South Asian,,False,False,0.6754557286382661,0.02250377493085325,0.0321898701463063,0.24587496491465613,0.02397566136991834,-0.048128336992898535
IND002895,55.3,M,African,African,,False,True,0.7649575295412019,0.06805429035071102,0.021137241204752168,1.0381218088707419e-07,0.14585083509115412,-1.7666020322593128
IND002896,62.1,M,African,African,,False,True,0.5092031448007979,0.10436359095303122,0.026898873613784624,0.33856709509325356,0.0209672955391326,-0.01351814718406933
IND002897,43.3,F,European,European,,False,True,0.15953960466798528,0.677215673983125,0.13508959941932672,0.0274690877363558,0.0006860341932070885,0.21945546551053077
IND002898,35.6,M,American/Indigenous,American/Indigenous,,False,True,0.19679353914092906,0.0002452638981469906,0.22379591489152026,0.0015616989713475513,0.5776035830980563,-0.22476825917015536
IND002899,63.0,F,East Asian,East Asian,,False,True,0.3270834096025992,0.177530318438789,0.37244552376829165,0.07390885811472256,0.049031890075597835,-1.3104952370827694
IND002900,46.9,M,African,African,,False,True,0.8772697597227515,0.019292420100853816,0.09827430341882974,0.0039940764665723355,0.0011694402909926142,-0.4636684040851119
IND002901,72.3,M,South Asian,South Asian,,False,True,0.22407667090626598,0.007325283104162865,2.270418534746835e-07,0.6793058328421605,0.08929198610555727,0.7396873820934294
IND002902,79.3,M,European,European,,False,True,0.06542448099655124,0.41186581098261493,0.21697666785167194,0.2780313535843773,0.027701686584784644,0.06417128535128491
IND002903,61.4,F,African,African,,False,True,0.39003069618970093,0.18896740738828094,0.2305626525462349,0.019979156094391808,0.1704600877813915,1.021198033708098
IND002904,75.6,M,American/Indigenous,American/Indigenous,,False,True,0.0694036106793692,0.00035448348308835865,8.080764854604162e-06,0.32464478901048616,0.6055890360622016,-0.01247870361458131
IND002905,23.5,M,American/Indigenous,American/Indigenous,,False,True,0.06512940052518851,0.00017653742704865755,0.0012470808260581201,0.3614773964326938,0.5719695847890109,0.28528138814495163
IND002906,60.1,M,African,African,,False,True,0.8641308283257011,0.0006056278207995581,0.005272507106587917,0.10665726634568505,0.023333770401226465,0.2950507099374059
IND002907,49.6,F,American/Indigenous,American/Indigenous,East Asian,True,True,0.001674137316112425,0.003901796121181856,0.2674200854038118,0.04701580571512906,0.6799881754437648,-0.5988416558420315
IND002908,44.9,M,East Asian,East Asian,,False,True,0.0011238577678303375,0.31358022392595086,0.6316825357563562,0.0523556716592426,0.0012577108906201553,-0.41667762941884773
IND002909,32.2,M,African,South Asian,,False,False,0.37387964667492285,0.02011484182200016,0.0370480301610504,0.356240418131585,0.21271706321044148,0.8535759745129152
IND002910,60.7,M,American/Indigenous,American/Indigenous,East Asian,True,True,0.05019456430407021,0.14404405942864953,0.35880264362020864,3.825029927512472e-06,0.446954907617144,0.17274321178486346
IND002911,26.6,M,American/Indigenous,American/Indigenous,,False,True,0.190230143426322,0.003006266267224821,0.09258184239036017,0.0044632717290595,0.7097184761870334,-0.4626289794980132
IND002912,81.8,F,American/Indigenous,American/Indigenous,,False,True,0.00039867508498642493,0.12733015345859408,0.0010138530122316518,0.1781993043142342,0.6930580141299537,0.5304950497910987
IND002913,69.7,M,African,African,East Asian,True,True,0.6033959217643547,0.0522134258093729,0.3083748989113982,0.03512765634205515,0.0008880971728190019,-1.2277187939252778
IND002914,32.7,M,East Asian,East Asian,American/Indigenous,True,True,0.002566930316698311,0.19635277492592276,0.29355406303554976,0.22982450705168703,0.2777017246701423,0.2295360491233001
IND002915,19.0,M,European,European,,False,True,0.009253473297886623,0.7235879521075179,0.032355744994458494,0.03741639715579177,0.1973864324443452,0.2726828736437185
IND002916,52.4,M,East Asian,East Asian,,False,True,4.677203294934952e-06,0.15870089320700387,0.759651717209314,0.08153658240877484,0.0001061299716123185,1.0115482862720007
IND002917,21.9,F,South Asian,South Asian,,False,True,0.1801924084149702,0.08063770532541172,0.0007515713452843545,0.7363632485355542,0.0020550663787795268,0.7134784194259245
IND002918,79.4,M,American/Indigenous,American/Indigenous,,False,True,0.3313068999086255,1.6981751026659817e-09,0.20132906721878083,0.03984172007182462,0.4275223111025941,-0.5445993020306662
IND002919,34.4,F,South Asian,African,,False,False,0.199448479305183,0.03043860026604528,0.00014832507055391562,0.7063632493114107,0.0636013460468072,-0.84403500472613
IND002920,34.2,M,South Asian,South Asian,,False,True,0.13937293101015372,0.004007817510757884,0.00306003914728633,0.4464074902422631,0.4071517220895389,-0.9832526700219019
IND002921,30.7,M,South Asian,American/Indigenous,,False,False,0.10806835346267915,0.050095760960085514,0.041643159674878624,0.7134327903402375,0.08675993556211908,-0.10460902424435603
IND002922,59.9,M,East Asian,East Asian,European,True,True,0.14477683517456977,0.27560346692896215,0.5295496919955901,0.02080129011255319,0.029268715788324854,-0.7228644699440188
IND002923,45.8,M,African,African,,False,True,0.4393375137528471,0.27818434646025403,0.008901924459097299,0.2734028224352867,0.00017339289251497772,-1.1851339750201073
IND002924,49.0,F,American/Indigenous,American/Indigenous,,False,True,0.0003580277943755078,0.053013506830143345,0.008851080948598287,0.1766686173827896,0.7611087670440932,-0.050529125281659815
IND002925,72.4,M,East Asian,East Asian,,False,True,0.000406775601104743,0.0016689956751147546,0.9839415203362437,0.013813981213220522,0.00016872717431613962,0.5302029561276467
IND002926,21.7,F,East Asian,East Asian,European,True,True,0.04774521633511087,0.39233690695127915,0.5163386082824275,0.02891868971027314,0.01466057872090934,-0.7210394369539175
IND002927,23.2,M,African,African,,False,True,0.9447114498247943,0.0030512898136361767,1.74056257524441e-07,0.00791250349433396,0.04432458281097818,0.18740621872429725
IND002928,33.5,M,South Asian,South Asian,African,True,True,0.25492377350026474,0.000877074880622886,0.003133455841822694,0.7410606835690934,5.012208196343409e-06,1.1363711333666073
IND002929,65.7,M,European,American/Indigenous,,False,False,0.2013673649385264,0.46893442937170304,1.2400541303548507e-05,0.00946245936543464,0.3202233457830321,0.27605587671064746
IND002930,52.3,F,European,European,East Asian,True,True,2.8574952925222445e-06,0.5098033647490254,0.47310738712726663,0.013344627600552014,0.0037417630278635356,-1.031507042081125
IND002931,81.8,F,American/Indigenous,American/Indigenous,,False,True,0.016856402692439994,2.5344210509240763e-06,0.019330912366553918,0.047772785640316624,0.9160373648796385,0.49641695897720106
IND002932,52.4,F,African,African,East Asian,True,True,0.44906094863899443,0.015422695817196595,0.3624224697497658,0.039447736478091355,0.13364614931595167,0.3609636171552462
IND002933,68.9,F,East Asian,East Asian,American/Indigenous,True,True,0.011978051704083486,0.1190702788504229,0.44611945988712226,0.16587357368362868,0.25695863587474266,-0.9723098544416
IND002934,65.8,M,South Asian,South Asian,American/Indigenous,True,True,0.0016861901863227668,0.0029937618868180987,0.008355008144567083,0.608555567747962,0.37840947203433006,-0.42339188189102195
IND002935,57.3,F,South Asian,South Asian,,False,True,0.11806524047120351,0.006482413440910423,0.09693256099079768,0.7380563666529038,0.04046341844418462,-0.74785867024357
IND002936,85.0,M,American/Indigenous,East Asian,,False,False,0.20996058559096137,2.2127250863544798e-05,0.15900214644447547,0.000469428605929077,0.6305457121077704,-0.5984733994330982
IND002937,52.9,M,American/Indigenous,American/Indigenous,,False,True,0.0026382119775933575,0.03049301317335527,0.005932217193460988,0.23194970835134832,0.7289868493042421,0.09908833155285485
IND002938,36.1,M,European,European,,False,True,0.17490896932963942,0.6939691219515871,0.13030743406067144,0.000259291727688834,0.0005551829304132372,-0.21076611124675326
IND002939,32.7,M,European,European,African,True,True,0.41132103687782706,0.5622086617756542,0.024393114456974983,3.00580130755949e-08,0.002077156831530666,-1.0947165891928379
IND002940,58.2,M,European,European,,False,True,0.12929415835143188,0.5346355159240995,0.332496276109814,0.0034680748426280227,0.00010597477202654106,0.2148073752421408
IND002941,78.4,M,African,African,East Asian,True,True,0.49496550162492486,4.8160060357800094e-09,0.4530386490905891,0.05165675078560154,0.00033909368287858457,0.17831938950631349
IND002942,23.2,M,American/Indigenous,African,European,True,False,0.04032282937223077,0.2704214201733102,0.003639689032517528,0.00450143901242202,0.6811146224095194,0.8778177243578369
IND002943,20.2,F,South Asian,South Asian,East Asian,True,True,0.0007498075224328611,0.00038312441484539674,0.4113732359694878,0.5831225195268289,0.004371312566405225,0.04291531690099093
IND002944,81.2,M,South Asian,South Asian,American/Indigenous,True,True,0.0008351906177446201,0.10833133232205648,0.027132127285934192,0.5296661063767044,0.33403524339756013,-0.9403935044731423
IND002945,47.8,F,African,American/Indigenous,,False,False,0.9443507365516336,0.007760711914750277,0.0045125508735761755,0.006481344482330616,0.0368946561777094,-0.2607081598630652
IND002946,39.4,M,South Asian,South Asian,East Asian,True,True,0.2864272531643657,0.001193499130194111,0.3501200438530818,0.35830177738065333,0.00395742647170513,-0.472902319555006
IND002947,31.2,F,European,European,American/Indigenous,True,True,0.26207246071996493,0.44774820872808346,7.57094079548455e-05,0.02157884943447039,0.26852477170952627,0.45614370300210527
IND002948,39.1,M,East Asian,East Asian,South Asian,True,True,0.15706178388446154,0.2190361226640216,0.32468115245111473,0.25463317058261103,0.044587770417790995,0.7752465429867001
IND002949,78.5,M,African,African,,False,True,0.8188097429716301,0.09881649861915788,0.07347334491057114,0.00015656072375591417,0.00874385277488512,0.04380388857913922
IND002950,19.9,F,European,European,East Asian,True,True,0.003013510439484,0.5524269366627401,0.31593089753627934,0.004159945633299706,0.12446870972819676,-1.118505875107868
IND002951,27.7,M,American/Indigenous,American/Indigenous,,False,True,0.0030098398638548555,0.17745111095045435,0.010298706637005486,0.08159313078997092,0.7276472117587143,-1.3248225904806445
IND002952,38.5,M,South Asian,South Asian,American/Indigenous,True,True,0.06816337647196095,0.09673481687398314,0.013506916229276907,0.5402233605280203,0.2813715298967586,-1.9019746854921138
IND002953,60.7,F,East Asian,European,,False,False,0.1428345628983893,0.019582659381286244,0.7667233165395785,0.04570469244439365,0.025154768736352334,-2.718905244710737
IND002954,69.3,M,European,European,,False,True,0.14015089728440128,0.7760905725529443,0.0002388556892275839,0.03174833689378391,0.05177133757964286,1.368046962097444
IND002955,76.5,M,African,African,American/Indigenous,True,True,0.44619746020210965,0.16032088071916464,0.005715846920759174,0.025549491857438968,0.36221632030052753,0.8566452994189697
IND002956,43.6,F,African,African,,False,True,0.9617487787961079,0.002703419750206131,0.031562337949027186,0.0021215672904878026,0.0018638962141711531,-0.23516528970976724
IND002957,23.5,M,East Asian,European,,False,False,0.08239970670429358,0.28987715468465536,0.525637221817992,0.09415580654009012,0.007930110252968933,-0.542586157903288
IND002958,50.3,F,African,European,,False,False,0.887476886374286,0.10665673392518372,2.449847948495395e-07,0.00016313544942613635,0.005702999266309357,-0.05761590766191152
IND002959,58.1,M,African,East Asian,,False,False,0.8714742188290222,0.0062925867701040285,0.11828040727600764,0.00016553771082596344,0.0037872494140400986,-0.09344513596352053
IND002960,80.4,M,European,European,,False,True,0.02700836979179334,0.964696653299196,0.008037998986426646,6.039400940970005e-06,0.00025093852164304053,1.430516469377066
IND002961,31.3,F,South Asian,South Asian,East Asian,True,True,0.017626972031197896,0.0003545414576612062,0.3894013278536782,0.5926078663968689,9.292260593727222e-06,0.3593339612673272
IND002962,41.2,F,South Asian,South Asian,,False,True,0.10405935904933739,0.05260741536359114,0.02954318953354865,0.4906136101510513,0.3231764259024715,1.3498794303472985
IND002963,23.1,M,East Asian,East Asian,,False,True,4.422528741959508e-05,0.04736154488375262,0.6793982500043454,0.1283137410081189,0.14488223881636345,0.05777884583262671
IND002964,60.3,M,American/Indigenous,American/Indigenous,,False,True,0.016131090009055417,0.37382062978309766,0.0020162802131771795,0.0353870214874305,0.5726449785072392,0.2625989140210544
IND002965,55.2,F,East Asian,East Asian,,False,True,0.048604335509878555,0.1475393195713959,0.7775021645904667,0.005709047642885848,0.020645132685372766,-1.3137652983994463
IND002966,71.5,F,East Asian,East Asian,,False,True,0.00962317689600433,0.0472262330383231,0.833800140521678,0.0005675615604710725,0.10878288798352365,-0.8149713054642386
IND002967,61.4,F,East Asian,Other/Unknown,,False,False,0.19162943926713025,0.08644765635540877,0.6936398161742167,0.02710497279069688,0.0011781154125473736,-2.0347448538764357
IND002968,80.1,M,East Asian,East Asian,,False,True,0.001608702171650415,0.003612751687292849,0.7478972625485399,0.10119384185237724,0.14568744174013945,0.5844061513600322
IND002969,60.6,M,East Asian,East Asian,,False,True,0.03838056586506143,3.818670762536033e-06,0.9274440816040874,0.032487441465594236,0.001684092394494376,-1.0361900846044223
IND002970,67.5,F,South Asian,South Asian,,False,True,0.0009870142129568616,0.10503525311149202,0.043410943480038114,0.7749194991668716,0.07564729002864128,1.2213522096554652
IND002971,70.7,M,African,African,South Asian,True,True,0.4068362403085842,0.04372998784503685,0.0004574268236697681,0.28040979672941746,0.26856654829329174,0.41495303290265756
IND002972,76.8,M,European,South Asian,,False,False,0.0003745746745368848,0.4454366756931809,0.1741483365504365,0.38002639713632314,1.4015945522375094e-05,0.43468163226575496
IND002973,18.4,M,African,African,,False,True,0.6775101253742458,0.0937748225623399,0.0009077778150620908,0.22623825239144404,0.0015690218569081504,-0.685304287928421
IND002974,51.2,F,East Asian,American/Indigenous,,False,False,0.18077831863672936,0.2060781402451062,0.3759959792482225,0.08806413920811253,0.14908342266182942,-0.8333264056494949
IND002975,63.5,F,East Asian,East Asian,,False,True,0.0012594179576084598,0.01541110704839178,0.9832657857752782,1.3182785173172815e-07,6.35573908696703e-05,0.25535341056369043
IND002976,59.5,M,American/Indigenous,American/Indigenous,,False,True,0.06349259002043231,0.09492420470301366,0.05091745423674024,0.05312169892772643,0.7375440521120873,1.493941925043416
IND002977,20.7,M,South Asian,South Asian,,False,True,0.05325523233247901,0.0016691335058913372,0.06938861310011571,0.8746190670216055,0.0010679540399085132,0.05105448406428259
IND002978,64.0,F,South Asian,South Asian,,False,True,0.037083543653320825,0.0018370212517375905,7.235253634528767e-07,0.4931621809887485,0.46791653058082966,1.822256422698187
IND002979,29.2,M,East Asian,East Asian,,False,True,0.05261400494035422,4.063017374234569e-05,0.6704738027410418,0.00039465871233131946,0.2764769034325303,-0.4550128355567854
IND002980,72.9,F,African,African,,False,True,0.6170006373177755,8.631677796004744e-07,0.00017201002349573165,0.16392080921211005,0.21890568027883905,-1.6282587485088573
IND002981,24.5,M,American/Indigenous,American/Indigenous,,False,True,0.1496612082344723,0.2370533802437689,9.451480045071248e-05,0.05774097544765755,0.5554499212736506,-1.0495636000894464
IND002982,51.0,F,South Asian,South Asian,European,True,True,0.003237753781909007,0.328142610366283,0.0004819875721008398,0.5563821656764272,0.11175548260328005,0.5065738718513788
IND002983,23.9,F,South Asian,South Asian,,False,True,0.15579020442380528,0.030403754213785928,0.06441429785289758,0.7459243259163439,0.0034674175931671642,1.5777262946989281
IND002984,42.4,M,South Asian,European,,False,False,0.0015628802151633528,0.31209769802541343,0.018000135594103014,0.6163806307823149,0.05195865538300511,0.13361949119650374
IND002985,79.0,F,American/Indigenous,East Asian,,False,False,0.209965399524312,0.016418863771333867,0.15853937638078436,0.005676626208754785,0.609399734114815,0.8721659102752833
IND002986,74.9,M,East Asian,East Asian,,False,True,0.04522671060008872,0.2292093511257923,0.7000360949435497,0.0190693300283409,0.006458513302228251,0.8714248898598869
IND002987,30.4,F,East Asian,East Asian,,False,True,0.2485516580729667,0.034120362115105565,0.6439542462198443,0.005309529971930632,0.06806420362015299,0.25042320315517663
IND002988,18.0,F,African,European,,False,False,0.6200023915803626,0.35768016374163597,0.010371689261253935,0.011945529704296643,2.2571245067905617e-07,0.5109884821657491
IND002989,70.9,F,South Asian,South Asian,,False,True,0.16583321227942682,0.03926325940440791,0.0033690523973243292,0.5959740914951981,0.19556038442364287,0.5440915423675144
IND002990,59.8,F,South Asian,South Asian,,False,True,0.015896135773556166,0.2806233835838515,0.11811682484571637,0.5804989192053936,0.004864736591482135,-0.754385477879047
IND002991,42.8,F,European,European,,False,True,0.061658161265581976,0.6148074159967973,0.10655507306111522,0.02016776277252857,0.19681158690397685,-0.41344887839509115
IND002992,36.4,F,South Asian,South Asian,East Asian,True,True,0.00026999556398695103,0.001804873607838507,0.3932632777167506,0.5611738330005986,0.043488020110825185,-0.837326572463501
IND002993,48.4,M,East Asian,East Asian,,False,True,0.0005953645101379865,0.006973269874499039,0.960622207411744,0.02938086548017141,0.0024282927234476667,-0.22993445475645913
IND002994,69.3,M,African,African,,False,True,0.9111932077679871,0.06405023055361105,0.01995611542153113,0.004438045860388904,0.000362400396481757,-1.302422955750485
IND002995,48.7,F,American/Indigenous,American/Indigenous,,False,True,0.17344853809935165,0.007709057943715017,0.011025907913085773,0.04611064499489261,0.761705851048955,0.09104102211272014
IND002996,18.5,M,South Asian,South Asian,East Asian,True,True,0.028028988753281865,0.051457039812773775,0.35455567998140153,0.562895135894263,0.0030631555582799337,-0.17789178660977353
IND002997,50.8,M,American/Indigenous,American/Indigenous,,False,True,0.04966432218065947,0.0016469490991974046,0.012452771779646387,0.24857939316451189,0.6876565637759847,-0.08458177671867484
IND002998,85.0,F,American/Indigenous,American/Indigenous,,False,True,0.08977922301315008,0.13114840285540436,0.3487952555218796,0.010698033285269483,0.4195790853242964,-1.3480332248382183
IND002999,38.3,F,American/Indigenous,American/Indigenous,,False,True,0.03314605706543372,0.013088987524667388,0.05403791646096839,0.00040949479283654424,0.8993175441560939,0.836212707872958
IND003000,18.0,M,African,European,,False,False,0.7137508602397304,0.2770308757896101,0.0006303479622731844,0.003781025913090129,0.0048068900952958835,-0.8754200409387345
IND003001,85.0,F,South Asian,South Asian,African,True,True,0.25911976147641547,0.09078045462941985,0.040402458003044275,0.6096279795167789,6.934637434126363e-05,2.00026208460592
IND003002,65.9,F,South Asian,South Asian,,False,True,0.2845100872999656,0.08270080372397053,0.11578517080377876,0.5154269298598665,0.0015770083124184975,-0.03147046199808343
IND003003,77.2,F,East Asian,East Asian,,False,True,0.26582582805216914,0.0113508038484593,0.43291568935449504,0.28971900707141673,0.00018867167345995524,-0.8457307545724301
IND003004,85.0,M,American/Indigenous,American/Indigenous,,False,True,0.03334469118692382,0.0003399209750399889,2.8322122293246023e-05,0.0020633669278886436,0.9642236987878542,1.2107467847836486
IND003005,33.7,F,South Asian,South Asian,American/Indigenous,True,True,0.0003208509248884216,0.08709971380319796,0.22542229368241337,0.4342076563425085,0.2529494852469918,1.501712991384585
IND003006,84.6,M,East Asian,East Asian,South Asian,True,True,0.027022719580993535,0.010585106809190933,0.6017777109170701,0.3543517840004136,0.0062626786923318,-0.8710664943245272
IND003007,79.4,M,South Asian,South Asian,European,True,True,0.04562230156063711,0.3872963892480261,0.0020373077853014145,0.5649472410667163,9.676033931905491e-05,-0.7569185162913283
IND003008,71.7,F,African,African,European,True,True,0.5708206451827635,0.26368637534981737,0.12633434028205293,0.038754223946326216,0.00040441523904009326,-0.2489547191127855
IND003009,75.0,M,East Asian,East Asian,,False,True,3.31590886553014e-05,0.008195620614258417,0.9641606755549023,0.027245893623956897,0.00036465111822702004,-1.489339415095331
IND003010,85.0,M,South Asian,South Asian,,False,True,0.09541454389956024,0.02285735747055329,4.516690868823318e-05,0.869976938003116,0.0117059937180822,-1.5882797584091777
IND003011,61.9,F,American/Indigenous,American/Indigenous,,False,True,0.24343273214951427,0.00015080393969602339,0.024321310103208975,0.0019136218847853692,0.7301815319227953,0.4107376773371788
IND003012,47.8,M,South Asian,South Asian,,False,True,6.849805398098284e-13,0.000750708885704309,0.3988386004493653,0.425387099551635,0.17502359111261037,0.13202880221936306
IND003013,47.6,M,South Asian,South Asian,,False,True,0.006511481403552309,0.0026248040722187584,0.01001889484182994,0.9496235357573091,0.031221283925089886,-0.8538070236177601
IND003014,36.9,M,European,European,,False,True,0.036668582128314524,0.7351734213149725,0.034321707670522325,0.15989521146523084,0.03394107742095984,1.4095923631824285
IND003015,54.1,F,East Asian,East Asian,South Asian,True,True,0.000225846038485658,0.04579399330017567,0.5649076796901886,0.38904212416376677,3.035680738319562e-05,-1.8001419720468146
IND003016,28.1,F,African,African,,False,True,0.3621293232396502,0.19568397016663167,0.22494448221866697,0.0040416445876018245,0.21320057978744944,0.7748088258652621
IND003017,74.9,F,American/Indigenous,African,,False,False,0.27061186044555263,0.001412022099721969,0.0065495472229555735,0.017785337595581038,0.7036412326361887,1.0254480732638014
IND003018,44.6,F,South Asian,South Asian,,False,True,2.5346701711963174e-09,0.050821556129355176,0.0006153770270436139,0.8380868762446636,0.11047618806426739,-1.0419294777948056
IND003019,44.6,F,South Asian,South Asian,,False,True,0.05060045807257218,0.12354941376084684,0.19776190016177703,0.6155489489306354,0.012539279074168547,-0.3569775138745304
IND003020,39.3,F,African,African,,False,True,0.9377991514131122,0.007077481335126347,0.006062263389074253,0.0033119124542625024,0.04574919140842444,0.6441790763066859
IND003021,41.0,F,American/Indigenous,American/Indigenous,,False,True,0.048945380594872585,6.325321252064465e-06,0.00022418921636212574,0.031559973681237294,0.919264131186276,0.4396603080839789
IND003022,78.6,F,East Asian,South Asian,,False,False,0.005345663887751563,0.017530442853213004,0.591639640595903,0.377991797194637,0.007492455468495378,-1.6970951538665902
IND003023,67.2,M,European,European,,False,True,4.386787948656944e-06,0.895004751550951,0.02689485417473903,0.024546761133531544,0.053549246352829726,0.33912405940631674
IND003024,62.0,F,European,European,,False,True,0.009247851849399679,0.9484113637852627,0.02113178666747033,0.005878877998966941,0.015330119698900248,-0.40600845964018817
IND003025,42.8,F,South Asian,Other/Unknown,,False,False,0.035692267944320705,0.016694303672247245,0.0024232530697845707,0.9436696961667127,0.0015204791469348136,0.7041693851033342
IND003026,47.2,F,European,African,,False,False,0.10487258845190259,0.881729674583288,4.5268168920530274e-05,0.005170360695973905,0.00818210809991496,-0.8140217936953527
IND003027,69.9,F,East Asian,East Asian,,False,True,0.0019892212389282004,0.19304845883292895,0.6779850160379656,0.06594297288861063,0.06103433100156659,0.2898269929816165
IND003028,71.2,M,European,European,,False,True,0.16592525759526636,0.7997065029908783,0.028095969096235004,0.0062652114789088055,7.058838711836835e-06,-0.8586490177859146
IND003029,69.5,M,East Asian,East Asian,South Asian,True,True,0.09953766694060594,0.10137616245644143,0.45338732334093346,0.3327325822892539,0.012966264972765262,0.11647530903359443
IND003030,79.4,M,American/Indigenous,American/Indigenous,,False,True,0.010453751114528603,0.4280884396222381,0.00013050050510101863,9.494030592339981e-05,0.5612323684522089,-0.41182993877219953
IND003031,74.5,M,East Asian,East Asian,African,True,True,0.3327111417069049,0.01614970972515256,0.5805567609395841,0.0197696146322099,0.05081277299614875,-1.0951146604941466
IND003032,21.9,F,African,European,,False,False,0.6429039030218003,0.34071536051865897,0.010867354879054027,0.0023508625347518075,0.003162519045734878,0.15566862638709195
IND003033,73.2,F,East Asian,East Asian,,False,True,0.00012845649718327837,0.0030464064787638955,0.8266582933121942,0.0004370833668872888,0.16972976034497136,0.17522284920343112
IND003034,51.8,F,African,African,,False,True,0.7030502506859194,0.006329502254228198,0.07885409178790029,0.05790892085334693,0.1538572344186052,-1.1850950810206449
IND003035,41.2,M,American/Indigenous,American/Indigenous,South Asian,True,True,0.18702669454721765,0.04157317347834258,0.023978833249265648,0.2531224232693598,0.4942988754558143,1.4084783659090256
IND003036,85.0,F,European,European,,False,True,0.04912523155931123,0.38175740839873507,0.21046313810273196,0.23087842702165623,0.1277757949175657,-1.3455352330928823
IND003037,18.8,F,East Asian,East Asian,,False,True,0.015840192770205316,0.005677496013282789,0.941139917664201,0.03649096521185633,0.0008514283404544135,-0.792606454152981
IND003038,20.3,M,African,African,,False,True,0.6137652693212255,0.0001216753699146662,0.04803978739474359,0.18790886534249515,0.15016440257162095,1.6440560210302464
IND003039,70.0,M,African,African,South Asian,True,True,0.597418559764213,0.13385584222637356,0.008431340871783112,0.2602782815523667,1.5975585263644255e-05,0.7182723697081553
IND003040,21.7,F,African,American/Indigenous,,False,False,0.6062082444079757,0.03674833988457197,0.02012793226023628,0.015443079561421021,0.321472403885795,-1.0503479998830851
IND003041,85.0,F,American/Indigenous,American/Indigenous,East Asian,True,True,0.001873855822403366,0.024794269121359944,0.34084967029318014,0.007276731166377947,0.6252054735966787,0.4139731314945009
IND003042,79.0,M,American/Indigenous,American/Indigenous,South Asian,True,True,0.05407397816903205,0.00017587810325898483,0.052274788368698095,0.33337600038827125,0.5600993549707396,0.969887329144016
IND003043,61.1,M,South Asian,South Asian,African,True,True,0.3149899675584746,8.132820665584541e-10,0.19721987772336788,0.4875166971587099,0.0002734567461657954,0.5311597995798035
IND003044,37.8,F,South Asian,South Asian,,False,True,0.23054491285393303,0.06729444823756468,0.026736845548879267,0.6715846848824112,0.003839108477211803,0.20303282492367025
IND003045,85.0,M,American/Indigenous,South Asian,,False,False,0.00022959581568877295,0.19137069843810375,0.01096416002548164,0.20651463515696689,0.5909209105637588,0.7559623226446113
IND003046,50.5,M,African,African,European,True,True,0.38675193741264935,0.32703065044852686,0.17772550463226833,0.005051685001209629,0.10344022250534597,0.6994724974549072
IND003047,77.5,F,South Asian,South Asian,,False,True,0.027341552082402517,0.12691705832003686,0.05479740857449833,0.4009073485429942,0.39003663248006804,0.6888672282688011
IND003048,37.2,M,American/Indigenous,American/Indigenous,,False,True,0.13889063664857002,0.11994572865138975,0.0015775605961037542,0.22391337981061435,0.5156726942933223,-1.4896557536445711
IND003049,80.1,F,South Asian,African,,False,False,0.0022156483756487597,0.000362378740753275,0.000997277823243926,0.9951669277063926,0.0012577673539613398,-0.45426543547251236
IND003050,61.4,M,European,European,,False,True,0.00045922337451090095,0.9576689053937947,6.320933105924343e-05,0.017551548731830777,0.02425711316880444,0.5164375474567193
IND003051,53.9,F,American/Indigenous,American/Indigenous,African,True,True,0.25702955082157897,0.006810216690150097,0.05029310071272092,0.04783186222863109,0.6380352695469189,1.3220070921272127
IND003052,50.4,M,European,European,,False,True,0.20257617731796237,0.6801408816020396,0.011056990699876996,0.03554326572817013,0.070682684651951,-0.06826264246524047
IND003053,26.8,F,East Asian,East Asian,American/Indigenous,True,True,2.0717904531754367e-05,0.00017024079418847765,0.5243083211769574,0.0001239128932663243,0.47537680723105613,0.17560290457708191
IND003054,53.5,M,American/Indigenous,American/Indigenous,European,True,True,0.2051774433739501,0.3452937336603438,0.005970277746123915,4.2205382610768494e-05,0.4435163398369713,-1.9481090269131862
IND003055,64.4,F,American/Indigenous,American/Indigenous,,False,True,0.033976466672591965,0.03972842404290688,0.24238576486952218,0.11851201980230189,0.5653973246126771,-0.23483647903665006
IND003056,84.4,F,American/Indigenous,American/Indigenous,,False,True,0.0007400860075717682,0.018837481770657718,0.46378840974192603,2.470429548827325e-06,0.5166315520502958,-1.2386980038225062
IND003057,19.9,F,South Asian,South Asian,East Asian,True,True,0.15280605183274124,0.04816993226020952,0.271238835767283,0.5277806826696675,4.497470098784377e-06,-0.03638204893952307
IND003058,45.5,F,American/Indigenous,American/Indigenous,,False,True,2.5613715415929374e-10,0.002284694458214294,0.00431426099492641,5.166044313795808e-07,0.9934005276862907,0.33239538614184005
IND003059,50.9,M,African,African,European,True,True,0.5739792524050886,0.31576030520026954,0.00016341589226282502,0.1041712644810647,0.005925762021314296,-0.9661963067696345
IND003060,71.4,M,South Asian,American/Indigenous,,False,False,0.1232287105308093,0.0219594085799677,0.23996694975575822,0.600946675226786,0.013898255906678692,1.159498071733409
IND003061,32.1,M,East Asian,East Asian,,False,True,0.15881309349674252,2.025708963945659e-06,0.4924375212030229,0.34273198276833267,0.006015376822937996,0.18873739270291517
IND003062,43.6,F,East Asian,East Asian,,False,True,0.10571667492234889,0.0014617369597353478,0.4642817577856525,0.04696247720125951,0.38157735313100366,-0.189323870544882
IND003063,54.4,M,American/Indigenous,American/Indigenous,,False,True,0.04546831317566463,0.2163975323910006,0.07794923435984075,0.09753949079158193,0.5626454292819121,-0.08686014666813258
IND003064,45.1,M,East Asian,East Asian,South Asian,True,True,0.061828031595444824,4.954694666501384e-06,0.4515356152860025,0.3731523183126226,0.11347908011126362,-1.7130267187775434
IND003065,52.6,M,African,American/Indigenous,,False,False,0.6718050383505503,0.008900964254154046,0.0828853011763757,0.0022673238006746086,0.2341413724182454,-2.939016147566098
IND003066,49.7,M,European,European,,False,True,0.09587799618991884,0.5962727974789448,0.13647406283413463,0.14596108472912114,0.025414058767880457,-1.3744370587361736
IND003067,56.8,M,East Asian,East Asian,African,True,True,0.3600317965949238,1.600458597798669e-05,0.6366088197468924,0.003227449892226105,0.00011592917997975401,-0.6773133870011411
IND003068,49.0,M,South Asian,South Asian,,False,True,0.001008294166903399,0.00013284243620989163,0.018472653163587788,0.9595397958842158,0.02084641434908305,0.2549270163163679
IND003069,81.5,F,East Asian,East Asian,European,True,True,0.0012296044939074274,0.2866844801462498,0.5773807590090553,0.13438764899374933,0.0003175073570382268,1.0784158139587672
IND003070,57.1,F,South Asian,Other/Unknown,,False,False,0.034251860442715575,0.0050997767379479175,0.22023967109109663,0.7034199510161839,0.03698874071205582,0.991978782518158
IND003071,71.4,F,European,European,,False,True,0.0673508971303021,0.4083076904973191,0.051478651372849016,0.09367169177295329,0.37919106922657636,2.0001388915985787
IND003072,75.9,F,African,African,,False,True,0.758792387574686,0.00013218784401157756,0.12791950145404873,0.1131558663180711,5.6809182497768025e-08,-0.026160064158718077
IND003073,69.2,F,European,European,,False,True,8.662346013453131e-05,0.8611275921002802,0.04992516712130515,0.02519483425470858,0.06366578306357168,1.2021955141822462
IND003074,70.6,M,European,European,African,True,True,0.34483166609443416,0.4286460829777902,0.07521224831175609,0.0007254758517214124,0.15058452676429818,0.4767294445002977
IND003075,33.6,F,East Asian,East Asian,,False,True,0.12204630036682969,5.231014226098897e-06,0.8298116737643396,0.006466796628884625,0.04166999822572002,-0.20933715426885746
IND003076,35.6,F,European,European,,False,True,0.19015879927466853,0.5893071001226698,3.379839014675913e-05,0.21833760314575953,0.0021626990667551467,0.7344627899578704
IND003077,67.2,F,African,African,,False,True,0.8331085875032138,0.1386762229590319,0.004030323806127094,0.0018443590445732779,0.022340506687053972,0.45454540664119003
IND003078,61.3,M,African,African,American/Indigenous,True,True,0.6173267028463556,0.05400880010118332,0.0006343557245418573,0.0021890711294763063,0.3258410701984429,1.4511184452537376
IND003079,22.3,M,South Asian,South Asian,,False,True,0.004562545631174434,0.17416436205746677,0.11420277745153963,0.531320657733088,0.17574965712673124,-0.5941812390943806
IND003080,46.9,M,East Asian,East Asian,European,True,True,0.11502631694175751,0.27911694410033316,0.5501786608435708,0.04711811279447404,0.008559965319864582,0.051430617869441864
IND003081,36.4,M,American/Indigenous,American/Indigenous,,False,True,0.006521461294114091,0.11611282088257444,0.03157501471135887,0.0031886223775650477,0.8426020807343876,0.22881542583745978
IND003082,57.3,M,African,African,European,True,True,0.37636216126998345,0.29410154059755655,0.22131306469856132,3.8462869562180554e-05,0.1081847705643364,0.6311682938913168
IND003083,44.2,F,African,African,,False,True,0.8203721492883892,0.04932669396847673,0.0034084901673899154,0.12670795019553618,0.00018471638020789677,0.5510107421303534
IND003084,22.5,F,African,African,,False,True,0.6855246342252513,0.0795955191369312,0.0005070582067425117,0.07160177570716625,0.16277101272390873,-0.4283702578543501
IND003085,79.6,M,American/Indigenous,American/Indigenous,East Asian,True,True,0.2853091454597687,0.007598749701487345,0.2895480441431419,0.018197803225547537,0.39934625747005453,1.6734412766931126
IND003086,43.0,M,African,East Asian,,False,False,0.8278694286498453,0.005057843672968022,0.13348489206412234,0.027372437961908285,0.006215397651156009,0.7422807199919934
IND003087,20.5,F,East Asian,East Asian,,False,True,0.020290205584984396,0.00032296877722921597,0.8563124251087272,0.04231777455080404,0.08075662597825521,-0.5128653059246703
IND003088,30.8,F,East Asian,East Asian,,False,True,0.001895926774396134,0.025313959969300547,0.7765729569405057,0.08686753749482874,0.10934961882096887,-1.8192425205512948
IND003089,29.0,F,African,African,,False,True,0.7504968903619393,0.047454327635345434,0.042167912535950564,0.0721736066823279,0.08770726278443666,-0.12014726190826303
IND003090,18.0,F,African,African,,False,True,0.8327279068166399,0.07753627546934948,0.013197697061535486,0.000627312933196002,0.07591080771927923,-0.3625823839628582
IND003091,76.4,F,South Asian,South Asian,,False,True,0.16269675870866734,0.0007533380762123927,0.270211348717679,0.4372057165189126,0.12913283797852873,-1.3653281935633577
IND003092,24.9,M,South Asian,South Asian,,False,True,0.0632925762538389,0.23829435694078532,0.10875340855776666,0.589593518064056,6.61401835531421e-05,-0.6681582542698759
IND003093,40.5,F,American/Indigenous,American/Indigenous,,False,True,0.2993501137692385,0.15106247033152542,0.07012719005902245,0.005390277370262823,0.47406994846995076,1.2279551946545584
IND003094,48.1,M,European,European,,False,True,0.039397072820451615,0.7635017276839495,0.11906921214945344,0.009747180116843071,0.06828480722930241,-1.0113382138630884
IND003095,23.7,M,East Asian,East Asian,South Asian,True,True,0.029290890847944263,0.06763309638582501,0.5346403982599885,0.33530317944571975,0.033132435060522526,-0.6556651447539713
IND003096,41.2,F,European,European,American/Indigenous,True,True,4.17204929626416e-12,0.6468806537936973,0.01222684544207362,0.045270063271512506,0.29562243748854444,-0.037319278855663995
IND003097,21.7,F,South Asian,South Asian,,False,True,0.0034963919748583704,0.18514824576986164,0.10517290668720712,0.5897002220194167,0.11648223354865636,-1.220079220576252
IND003098,73.3,F,South Asian,South Asian,,False,True,0.1518412941363157,0.15087299581097374,0.0001180403594688907,0.6128292629752599,0.08433840671798187,0.01795594656783367
IND003099,54.9,M,American/Indigenous,European,,False,False,0.0029679398077311673,0.015135003370234967,0.002563752152539796,0.006547789485423524,0.9727855151840704,0.17439332014201772
IND003100,67.6,M,East Asian,East Asian,African,True,True,0.3842072770070464,0.0957321860513865,0.43614395140324097,0.009485855063601518,0.0744307304747247,0.2314271648831327
IND003101,81.2,M,South Asian,South Asian,,False,True,0.042094716928502085,0.0020948042373874006,0.029501791519342856,0.913997173992995,0.012311513321772494,-0.32067658847941793
IND003102,41.8,M,East Asian,East Asian,,False,True,2.8725207726738863e-05,0.15286837615121454,0.5778493970861402,0.002853268884326581,0.266400232670592,-1.298035829363387
IND003103,44.6,F,African,African,,False,True,0.3442895425629084,0.00047241715170514285,0.23390820964604742,0.19102493602851753,0.23030489461082163,-0.1040504935531012
IND003104,34.2,M,African,African,,False,True,0.49618461248695195,0.14829383925715198,0.0030477587738769385,0.3489794193274611,0.003494370154558015,-0.3325007024603564
IND003105,81.7,F,European,European,,False,True,2.5937797183472098e-06,0.9266494741862153,0.002541035772206195,0.0556447670959688,0.015162129165891223,0.40037694133839485
IND003106,85.0,M,American/Indigenous,American/Indigenous,,False,True,0.040215204708083485,0.001955998134836202,0.06472785719446854,0.0006038732998521709,0.8924970666627596,-0.826922680967674
IND003107,51.5,M,European,European,African,True,True,0.2930260366734972,0.6839190858681635,0.016310601414701996,0.006728403283521431,1.5872760115893276e-05,1.0306329611742255
IND003108,39.4,F,East Asian,East Asian,,False,True,0.3069921705554558,0.05160386929899741,0.6321320326652429,0.00040650317756106726,0.00886542430274286,-0.6547725541540628
IND003109,22.0,M,European,European,,False,True,1.337236134336787e-07,0.7641681534835535,1.2808205207579052e-09,0.08978276344224875,0.14604894806976387,2.3666499265419763
IND003110,60.3,M,East Asian,East Asian,,False,True,0.07951540676454116,2.497953608842616e-06,0.7281249592582203,0.05879239270201644,0.13356474332161325,-0.40096468854890344
IND003111,64.0,F,European,European,,False,True,0.009037601816657092,0.7509835804848773,0.006599775022257023,0.008845838607748388,0.22453320406846014,1.8124317043807525
IND003112,66.4,M,South Asian,South Asian,,False,True,1.7479077774283355e-05,0.01883412463974459,0.10966594812227637,0.8650979526581757,0.006384495502029053,1.9889595280784322
IND003113,72.2,M,African,African,,False,True,0.8758298433485913,0.048372155487730946,0.07047365088400695,0.0018510733897249133,0.003473276889945988,-0.25022423702697516
IND003114,23.4,M,East Asian,East Asian,,False,True,0.05585631435142559,0.005045328830976483,0.429509588660156,0.11151082114684731,0.3980779470105946,0.7729246082558536
IND003115,40.4,M,African,African,,False,True,0.707429521641199,0.0001369470215694773,0.08990293627738076,0.0045258710161421,0.19800472404370859,-0.01799213476894268
IND003116,70.8,F,African,African,,False,True,0.9823787249010583,0.007235509509179392,0.0002821332572274385,0.010023493555046814,8.013877748802613e-05,-1.3237603536580798
IND003117,45.6,M,African,African,European,True,True,0.6208339366657396,0.3703125466431146,0.0005997310874109665,0.0023449231353376027,0.005908862468397158,-0.448796555947518
IND003118,60.9,M,American/Indigenous,American/Indigenous,European,True,True,0.10440119823884186,0.27376060015370196,1.877537738943503e-05,0.0051727064085451335,0.6166467198215215,-1.0786865089203617
IND003119,44.1,M,American/Indigenous,American/Indigenous,,False,True,0.16383450472473637,0.28701653201660227,0.005024478946339232,0.0519776497417263,0.49214683457059594,-0.9736176909057296
IND003120,85.0,F,South Asian,South Asian,,False,True,0.00020992127368280088,0.00037733966033050623,0.1519280776559027,0.8469747203182999,0.0005099410917840244,-0.6707852137640898
IND003121,53.3,F,American/Indigenous,American/Indigenous,,False,True,0.07707489997007433,0.004133858397850127,0.047949937838083635,0.044115406977978035,0.8267258968160139,-0.6774293416882275
IND003122,45.8,M,American/Indigenous,American/Indigenous,,False,True,0.0038080742573223894,0.00024627903192371326,0.28220989922696305,0.17899096449308224,0.5347447829907085,-0.09942978272051076
IND003123,34.8,F,American/Indigenous,South Asian,,False,False,0.0025073766091631244,0.005230286404685772,0.06544276054341355,0.028451822631464858,0.8983677538112727,1.438081704553709
IND003124,37.6,M,East Asian,East Asian,European,True,True,0.027787474538986893,0.29140528726249776,0.5920600179665352,1.5183716451572882e-05,0.08873203651552856,-0.8180139623137366
IND003125,69.2,M,European,American/Indigenous,,False,False,0.12611497366386765,0.3527381792363347,0.018289851951659886,0.16757695030711559,0.33528004484102214,0.2320409925975817
IND003126,18.0,F,East Asian,East Asian,,False,True,0.0011468918246386446,0.03856680778065893,0.9543754816663792,0.0018289679024639605,0.004081850825859303,-0.7893815609383068
IND003127,58.8,M,American/Indigenous,American/Indigenous,South Asian,True,True,0.16189487846270706,0.00019931264697081597,0.031739457008829956,0.3449224955988591,0.461243856282633,0.03349827496563629
IND003128,26.2,F,East Asian,East Asian,,False,True,0.1633289284266472,0.282363858400196,0.3566708288131824,0.07315545897791173,0.12448092538206275,-0.868457577844943
IND003129,26.2,M,European,European,East Asian,True,True,2.140019659801237e-05,0.4220708120728903,0.33538902905562334,0.15148351149892378,0.0910352471759645,-0.4957432433141089
IND003130,24.8,M,European,European,African,True,True,0.39813064290203615,0.4339831478367423,0.1669072612023985,3.4702382180364315e-08,0.0009789133564407182,0.2239958543994648
IND003131,36.8,F,European,South Asian,,False,False,0.0005289192027523653,0.6918618947025824,0.03693841962234863,0.2706014944963032,6.927197601332285e-05,0.485751855937839
IND003132,34.7,F,South Asian,South Asian,,False,True,0.00037744232237682047,0.166253565050202,0.034364648568975656,0.7990035038575786,8.402008669901767e-07,1.1420207505327928
IND003133,77.1,M,East Asian,East Asian,,False,True,0.02725744084624712,0.030101973470687222,0.8199987102548072,0.0029729134320605616,0.11966896199619804,-0.8607579319578886
IND003134,46.5,M,South Asian,South Asian,American/Indigenous,True,True,0.00890291136071369,0.0218985261844698,0.12039491852930966,0.5279460743932956,0.32085756953221145,-1.1270816110379838
IND003135,18.0,M,European,European,,False,True,0.002908689280972482,0.5216488018664224,0.02407374347829597,0.15638013705040843,0.2949886283239007,-0.054690790451529525
IND003136,23.4,M,African,African,,False,True,0.8049845885969766,0.1491731442183819,0.033608661178916616,2.2653326957673302e-05,0.012210952678766998,-1.3259644619238256
IND003137,42.7,M,South Asian,African,,False,False,0.1616664087778477,0.0002688214060751704,0.009477148018762085,0.8284332883553812,0.00015433344193394974,-1.0874548952640772
IND003138,81.5,M,American/Indigenous,American/Indigenous,,False,True,0.014588354167451472,0.16366628486616583,0.09354758709491504,0.015255205679334157,0.7129425681921335,0.952220777390719
IND003139,70.5,M,African,African,,False,True,0.7267090637805174,0.08163951765254471,0.03915608631392977,3.6362038298628576e-08,0.15249529589096994,-0.3113156415232646
IND003140,18.0,M,European,European,,False,True,0.00188328054392644,0.7549499522536299,0.034208439083734665,0.0679862354284794,0.14097209269022956,0.7222803894492966
IND003141,67.7,M,East Asian,East Asian,South Asian,True,True,0.03052989258994839,0.010624835092474468,0.5074412988886478,0.4513604664082193,4.350702071005861e-05,-2.0374411084017834
IND003142,22.9,M,East Asian,American/Indigenous,,False,False,0.0015585363003724766,0.2372286485873321,0.40747625887277306,0.043212412763925734,0.3105241434755965,0.8289358951747645
IND003143,19.2,F,East Asian,South Asian,European,True,False,0.02380157588440378,0.33645189524808816,0.49330946567884126,0.14625872196110204,0.000178341227564739,-0.6326137622817245
IND003144,55.9,F,African,African,East Asian,True,True,0.6044833827931525,0.04895455195945142,0.32214343333638684,0.006651069451595866,0.01776756245941342,-0.7454128109359615
IND003145,42.8,F,African,African,South Asian,True,True,0.45311760166598075,0.0840793400953888,0.010504948298974177,0.43742277011208247,0.014875339827573766,1.6942858918213641
IND003146,34.8,F,South Asian,South Asian,,False,True,0.023543208560354953,0.4154439144237214,0.013630533948985404,0.5408557425900161,0.006526600476922237,-0.7206311458565658
IND003147,18.0,F,African,African,,False,True,0.39770903512528694,0.22083616200850628,0.0998775135834443,0.1615705468854089,0.12000674239735351,0.4523549394873866
IND003148,36.9,F,American/Indigenous,American/Indigenous,,False,True,0.009708834540657567,0.021450868067155827,0.012216795667524013,0.001443257957891496,0.9551802437667711,0.545573839756065
IND003149,57.8,F,European,African,,False,False,0.032157375438563916,0.6688551733436767,0.11766079607943714,0.1813266549373417,2.0098025961068794e-10,0.538613973792261
IND003150,68.4,M,African,African,,False,True,0.5543693062373997,0.040209546784696557,0.08291236943174633,0.3123652653352071,0.010143512210950357,-0.26970670463778035
IND003151,28.9,M,American/Indigenous,European,,False,False,0.11713905187474075,0.21611657940758733,0.0056609294478375755,0.20810642757931752,0.45297701169051696,0.4818471947230765
IND003152,24.1,F,American/Indigenous,American/Indigenous,South Asian,True,True,7.8368017404643e-07,0.006700670530035811,0.00020099430110905977,0.35773755046985595,0.6353600010188251,0.81596544461028
IND003153,30.1,M,American/Indigenous,American/Indigenous,,False,True,6.596006693949941e-08,0.1380388185490203,0.00020006394680281115,0.2301564560005054,0.6316045955436045,-1.0360844766891446
IND003154,51.7,M,East Asian,East Asian,,False,True,0.009730502248514744,0.006164434604523469,0.5301239302288566,0.24904185815511018,0.20493927476299495,0.5920152092020992
IND003155,70.3,M,European,European,South Asian,True,True,0.05552086805318789,0.40041085694553913,0.00831502754684895,0.39006557397851893,0.14568767347590514,1.9418039202314756
IND003156,83.6,F,East Asian,East Asian,African,True,True,0.4223752704904869,0.014470114477813014,0.5626197658405674,0.0003658131286701789,0.00016903606246249504,-0.9793383113468086
IND003157,64.2,M,European,European,,False,True,0.017870351057460206,0.8859107651998381,0.0007420036567854349,0.005110156900601239,0.09036672318531502,3.185921013971245
IND003158,85.0,F,East Asian,European,,False,False,0.26836989194747934,0.05204859122174262,0.6153190781113156,0.00011192721717596878,0.0641505115022863,-1.1726847237546254
IND003159,19.8,F,African,African,European,True,True,0.4351892334862537,0.2710380101337895,0.09012346197243237,0.009994136445686915,0.1936551579618374,-0.2657659882685841
IND003160,63.9,M,American/Indigenous,African,,False,False,0.05895214123574805,0.01541787687732675,0.1541076706429309,0.015302432009164419,0.7562198792348298,-0.8364198177689268
IND003161,62.8,F,African,African,,False,True,0.5949861189425634,0.01851707551318067,0.32145895374875,0.030309262027077833,0.034728589768428166,0.3022837320435986
IND003162,30.6,F,East Asian,East Asian,African,True,True,0.3244566484877018,8.585005990277688e-05,0.46968039568844333,0.16550889304903724,0.04026821271491497,-1.8255961451684324
IND003163,78.3,F,European,European,,False,True,0.032357754081014205,0.7915153456633699,0.14997029840951132,0.0261565952970332,6.549071280699989e-09,0.15312638993473826
IND003164,45.2,F,African,American/Indigenous,,False,False,0.6060605286892203,0.10105993116345391,0.0009248186254622108,0.04086922274468212,0.25108549877718145,-0.46907800684655854
IND003165,18.0,F,European,European,South Asian,True,True,1.5193525715849153e-07,0.5197371043996731,0.0635362609924781,0.27894868322365723,0.1377777994489342,1.7334864238769467
IND003166,67.8,F,African,Other/Unknown,,False,False,0.6176115678062177,0.2623989493098874,0.09922427971139526,0.006916661808254743,0.013848541364244751,-1.407398975411049
IND003167,18.0,M,American/Indigenous,American/Indigenous,European,True,True,0.10941945118511394,0.2809721515679308,1.108947192307652e-05,0.16947906926913053,0.44011823850590165,0.18882752436015465
IND003168,71.9,F,European,European,South Asian,True,True,0.026299664074225553,0.4639829707640938,0.23864394676720252,0.27107341839169485,2.783173740501849e-12,-1.405239996366686
IND003169,55.8,F,European,European,,False,True,0.27958380106971015,0.5374071650677625,5.222296551665161e-05,0.17600231274133485,0.006954498155675749,-1.0074606041874408
IND003170,50.7,M,South Asian,South Asian,,False,True,0.0910204323052337,0.013665856192945925,0.28239309484397257,0.6080526855826913,0.004867931075156446,-0.15220369336449469
IND003171,39.7,M,American/Indigenous,European,,False,False,0.21498686450650123,0.20152224911966543,0.1758230621696289,0.08176822328556953,0.32589960091863496,-0.8649063966187411
IND003172,25.3,F,European,European,,False,True,0.13251676738197135,0.6477123188526877,0.0006318160428828773,0.08432851761391737,0.13481058010854077,-1.5246504872825248
IND003173,19.4,M,European,European,South Asian,True,True,0.0004128771394123845,0.3780972304785589,0.10504129026422394,0.34511986095856856,0.1713287411592361,0.8631490889502964
IND003174,65.6,F,American/Indigenous,American/Indigenous,,False,True,1.2775539092967594e-05,0.05542208136951012,0.0013700116801708758,0.09714183047928435,0.8460533009319416,0.42404382078344105
IND003175,55.3,M,East Asian,East Asian,,False,True,0.004029169491695923,0.15067053801476626,0.523620116657614,0.08605202841100826,0.23562814742491564,0.11836798614357535
IND003176,37.9,M,American/Indigenous,American/Indigenous,,False,True,0.14599838793831654,0.1805670813037598,0.05178060578062124,0.030453231809957397,0.591200693167345,0.2584952389610343
IND003177,26.2,F,European,European,,False,True,4.3986860286625305e-05,0.9192570715570058,0.00022696031258388096,0.07835229868392223,0.002119682586201277,-0.46217613145496483
IND003178,69.8,F,South Asian,South Asian,European,True,True,0.004406802613681945,0.37526909825983507,0.01341698670905409,0.39954120384760744,0.20736590856982154,1.0085123073868458
IND003179,18.7,F,European,European,East Asian,True,True,0.0007909672636213535,0.5708749566744219,0.3877282940044303,0.0013818741380224387,0.03922390791950409,0.2642209663083543
IND003180,53.1,F,European,African,,False,False,0.253960476925887,0.5696894931900592,0.08205122939918909,0.09276648480965448,0.0015323156752102417,0.2547611396800237
IND003181,47.9,F,European,European,,False,True,0.003031844981438259,0.9686363071107303,0.026706206562510014,6.689823722850105e-05,0.0015587431080928316,0.8822267628588372
IND003182,76.1,F,South Asian,European,,False,False,0.005897466821169066,0.34336998364219257,0.0014953804806309375,0.623038012647411,0.026199156408596453,0.7719779493576654
IND003183,31.9,F,East Asian,East Asian,,False,True,0.19089863180442213,3.1404993596453416e-07,0.7654975139583553,0.0214898089821219,0.022113731205164765,-0.69173389050157
IND003184,68.0,F,East Asian,East Asian,American/Indigenous,True,True,0.09119884257781805,1.4182460910014222e-07,0.4574313055935635,0.0025966999930525565,0.448773010010957,-0.3386901459798088
IND003185,37.3,M,East Asian,East Asian,European,True,True,0.06354151237866443,0.28033135578559176,0.5233058066127263,0.018739881054190298,0.11408144416882708,1.1009638769309318
IND003186,79.0,M,European,European,African,True,True,0.4642901860804254,0.46496211806905896,0.025352317690298137,0.011225319156413036,0.0341700590038045,0.41297864121928873
IND003187,64.8,M,South Asian,East Asian,,False,False,1.686487628719676e-05,1.7992603189634833e-05,0.3653149461335288,0.6346479704250237,2.2259619706800885e-06,-0.3913054261271545
IND003188,43.1,M,American/Indigenous,American/Indigenous,,False,True,0.0019630593526595848,0.08746318798180185,0.013572384472511308,0.21734521277658114,0.6796561554164462,-0.8597648338677274
IND003189,85.0,F,European,American/Indigenous,,False,False,0.00010283524005982609,0.9765700671307842,0.009842335688863703,0.000347134000632006,0.01313762793966023,-0.4162792222600564
IND003190,78.7,M,European,European,,False,True,0.05191028232266337,0.8311613528321729,0.005312309019682633,0.09167144568845911,0.019944610137021892,1.2175456802578175
IND003191,41.8,F,European,European,,False,True,0.04357750308551627,0.5470342521639067,0.00013233970043646334,0.3071009230063215,0.10215498204381909,-0.5055341175865065
IND003192,37.7,F,South Asian,South Asian,,False,True,0.23681314341079945,0.022390346002056923,0.3149341133381412,0.41006524551023793,0.015797151738764496,-0.5981315161495184
IND003193,18.7,F,African,African,,False,True,0.7157355036471572,0.2189942382585697,0.014777837063667868,0.0006073812656540743,0.04988503976495111,0.6490773936148788
IND003194,32.8,M,European,European,,False,True,9.546782797271477e-07,0.9991642021347789,5.293851345475765e-05,4.665781290493886e-05,0.0007352468605815507,-1.4707595899934807
IND003195,84.6,F,American/Indigenous,American/Indigenous,,False,True,2.7664625871870556e-07,0.00011989894219723939,0.0023487442242144463,0.07890875338723365,0.9186223268000959,0.4780970846854051
IND003196,31.9,F,East Asian,East Asian,,False,True,0.008486529235459088,0.005893906208569459,0.5329022879133448,0.45258867739993475,0.00012859924269174628,-0.4805954660371351
IND003197,55.8,F,African,African,,False,True,0.9179364514148528,2.0341974901118052e-05,0.0007909649432372052,0.07030596840316644,0.010946273263842378,-0.05717221760114727
IND003198,34.2,F,African,African,,False,True,0.6109407855937701,0.15250544612735548,0.017643451980443075,0.20855782847023627,0.010352487828195008,-0.21020472999768364
IND003199,38.1,M,African,East Asian,,False,False,0.9576201197752731,1.5925863549193535e-05,0.009037480067297043,0.00011018272026758316,0.033216291573613076,-0.6076922724490197
IND003200,78.9,F,South Asian,South Asian,East Asian,True,True,0.17663357813149563,0.011352151323571032,0.3949547846523871,0.4151373961087663,0.0019220897837800102,-1.5071427967417224
IND003201,84.3,M,American/Indigenous,South Asian,,False,False,0.0006376436399236941,0.010272344000713467,0.19647624817556023,0.32520499806198927,0.4674087661218133,-0.5580936900115154
IND003202,74.7,M,European,European,,False,True,0.2062766788028954,0.4983845191875462,2.2933623366257337e-07,0.002045596754275481,0.2932929759190494,-0.321786252040014
IND003203,57.7,F,South Asian,South Asian,East Asian,True,True,0.040614118675862114,0.02027909709487592,0.29777981708372664,0.6055649435791064,0.03576202356642886,-1.0418010300170903
IND003204,34.4,M,American/Indigenous,American/Indigenous,,False,True,0.16307334180063426,0.0061325513089989635,0.04571872511806496,0.0020653150795328415,0.783010066692769,0.13176801138909594
IND003205,83.3,F,East Asian,East Asian,,False,True,0.18874955183311107,0.13622631817911054,0.3830649286454109,0.18255016976475844,0.10940903157760914,0.12470205229533371
IND003206,38.6,F,European,East Asian,,False,False,0.03462820469223822,0.5128427051500204,0.32776884615791424,0.1237226448557485,0.001037599144078753,-0.16070313841862438
IND003207,51.9,M,European,European,,False,True,0.05601426600338126,0.4544679902211935,0.030418169560290746,0.24499614514411283,0.2141034290710217,-1.3858890624790614
IND003208,81.0,M,American/Indigenous,American/Indigenous,,False,True,0.004209676718854929,0.007683185385373265,0.0025857618808117428,0.0007787719813253407,0.9847426040336348,0.05024221976260945
IND003209,20.8,M,South Asian,South Asian,American/Indigenous,True,True,0.00010249751671618192,0.007085105952763259,0.022791796760045335,0.6461247034986298,0.32389589627184545,0.8324873591991208
IND003210,21.7,M,African,African,,False,True,0.4434286215682625,0.04765069686352766,0.14133062249403278,0.015952145193487706,0.3516379138806894,0.10214240581214654
IND003211,29.5,M,South Asian,South Asian,,False,True,0.11087446056690452,0.0003791920451147255,0.001160319944278468,0.7602697178008521,0.1273163096428501,-0.27917992869648023
IND003212,53.0,M,East Asian,East Asian,South Asian,True,True,0.0007500966404972005,0.013190728189147505,0.5571100872660124,0.4288573704098521,9.171749449073589e-05,-0.899029951017954
IND003213,67.9,F,European,European,South Asian,True,True,0.08692203129169156,0.5793598326656823,0.001451233486405761,0.33211287401450296,0.00015402854171747896,0.7729803401163393
IND003214,48.5,M,African,African,,False,True,0.5176977986376533,0.00017711177756767155,1.5085013118479399e-05,0.23366715365189217,0.24844285091976834,-0.020353929004164106
IND003215,40.2,F,South Asian,South Asian,,False,True,0.0034430095619890837,8.117237442963744e-08,0.026732428893156954,0.49460159686020194,0.47522288351227765,0.2801617135920772
IND003216,59.4,M,South Asian,South Asian,,False,True,0.0014264947770282349,0.13931492328830583,0.010873408252144098,0.6295071098867526,0.21887806379576902,-0.28571907464921253
IND003217,32.1,M,African,African,East Asian,True,True,0.41362308081638316,0.007762048084208743,0.36127804440877676,0.0021730287790605795,0.21516379791157073,-0.3474024074518369
IND003218,37.8,M,European,European,South Asian,True,True,0.004155907529048428,0.5448759052342542,0.0004359583801168695,0.2918997182943859,0.15863251056219452,-1.0211259363596095
IND003219,28.3,F,American/Indigenous,American/Indigenous,,False,True,0.007043035147869053,0.021212323812714998,0.07570383363661881,0.00934481499063805,0.8866959924121591,0.24628869746409365
IND003220,51.1,F,European,European,South Asian,True,True,4.644759623852591e-07,0.6779699094985306,1.1394121733278295e-05,0.3079847971889395,0.014033434714834111,0.24053720974191367
IND003221,57.1,M,South Asian,European,,False,False,0.01853067736810623,0.3202691722962106,0.3077873165858148,0.3485209346485981,0.004891899101270091,0.03501022996570602
IND003222,52.7,F,African,African,,False,True,0.9172193172726116,5.722962664805377e-05,0.023236332546741366,0.04526983623069048,0.014217284323308451,0.19177104438805512
IND003223,48.4,F,East Asian,East Asian,,False,True,0.0032200194671701105,5.032340846498719e-05,0.9116222934622422,0.07594027263754828,0.0091670910245745,-1.6186106718867055
IND003224,68.0,F,East Asian,East Asian,,False,True,0.0016340045721481566,0.0014629675310322385,0.9950352706431053,0.0011285567715402067,0.000739200482173948,-1.9377776609127957
IND003225,62.0,M,European,European,,False,True,0.0018606048771820506,0.8130361081564949,0.06129345769590715,0.06726729589953925,0.05654253337087667,-0.0010259760427028253
IND003226,78.4,F,East Asian,East Asian,American/Indigenous,True,True,0.0016008220669414784,0.06155016923484876,0.6587217988245886,0.00331197770015074,0.2748152321734703,0.569836286248715
IND003227,59.8,M,South Asian,South Asian,,False,True,0.004742610418719863,0.07603530248837913,0.0473562520389636,0.4687846495434075,0.40308118551052996,-0.18763563343754314
IND003228,41.9,M,East Asian,East Asian,European,True,True,0.002087966454205734,0.36941003854837906,0.39126722466957015,0.21127218348309337,0.025962586844751764,-0.10231491783414798
IND003229,27.4,F,American/Indigenous,American/Indigenous,South Asian,True,True,0.0008831095665566645,3.060662931837412e-05,0.22181551820171175,0.3448941566760773,0.432376608926336,1.1778399433586113
IND003230,68.6,F,European,European,,False,True,0.006744424694347796,0.4744958058432445,0.06540101544180209,0.4533565266790648,2.2273415408376e-06,3.1528354989231517
IND003231,73.5,F,African,African,,False,True,0.5061193113616621,0.04114070179189642,0.23443677711729227,0.024634393577168262,0.1936688161519809,0.17259678399634726
IND003232,62.2,M,European,European,,False,True,0.01664093665569925,0.5965480949131539,0.3823259763311278,0.002740757312301071,0.0017442347877179955,0.39988815633567537
IND003233,36.9,F,American/Indigenous,South Asian,,False,False,0.0021984089577800044,0.15537926446326955,0.015771260264355345,0.28375964091802003,0.5428914253965751,1.67529850184338
IND003234,20.8,F,East Asian,African,American/Indigenous,True,False,0.2232798003320537,0.004512092235477887,0.4074497279642172,0.033065631868316486,0.33169274759993467,-0.4455468222302643
IND003235,61.7,M,European,European,,False,True,0.11918758172239903,0.7000771638011357,0.07738208035520447,0.08179641007746583,0.02155676404379487,0.09158610420077204
IND003236,74.8,M,South Asian,South Asian,African,True,True,0.2957811486735137,0.2172954162672833,0.011350170496462446,0.4613288435064897,0.014244421056250813,0.17473181385284303
IND003237,44.7,M,European,European,American/Indigenous,True,True,0.0005165376345555307,0.7156519115238852,0.00744676424104828,5.793006642740969e-06,0.2763789935938681,1.37880663075821
IND003238,43.4,F,South Asian,South Asian,,False,True,0.2136470404418231,0.009153203191242394,0.14768315277357266,0.43598127731345426,0.19353532627990763,0.48551557422667413
IND003239,40.3,M,American/Indigenous,American/Indigenous,,False,True,0.00458104471612699,0.0015082140591620994,0.056631689150469414,1.3155626893811603e-08,0.9372790389186146,-0.7976648883535872
IND003240,20.5,F,East Asian,East Asian,South Asian,True,True,0.014536132848850584,0.053083060361080424,0.46531361608087085,0.36779777288281096,0.0992694178263872,1.4000127203299615
IND003241,51.2,F,African,African,American/Indigenous,True,True,0.5683075937420843,0.00024987123103528415,4.965707244048363e-06,0.006715713465398595,0.42472185585423794,0.42928822325439003
IND003242,71.4,F,South Asian,South Asian,,False,True,3.4526435855301624e-06,0.09239461864095522,0.1677829331012832,0.735043398115455,0.004775597498721078,-0.2924114911735459
IND003243,34.9,M,South Asian,South Asian,,False,True,0.08842849476330136,0.15674826378566417,0.0935428385365935,0.6612186657750124,6.173713942837218e-05,-0.06136407253985189
IND003244,84.3,M,South Asian,South Asian,,False,True,0.098751851411366,0.06572281846877842,0.00023029798601013166,0.8349750569632475,0.00031997517059804503,1.04060733649117
IND003245,30.7,M,American/Indigenous,American/Indigenous,,False,True,0.004594190765726754,2.0223003001299853e-09,2.9830292770296498e-05,0.2301779380585861,0.7651980388606165,-0.18921163894331272
IND003246,79.3,F,African,African,,False,True,0.9275835946918839,0.06683172090439124,0.00013800093259787246,0.00012537841024036074,0.005321305060886692,-1.9857422922402361
IND003247,22.4,F,East Asian,East Asian,,False,True,1.034262094922973e-05,0.0009747149009649625,0.9708337301696147,0.0011811335732082719,0.027000078735262816,-0.1659265396733961
IND003248,71.2,M,African,African,,False,True,0.941688885366146,0.010791206772055636,0.012645501959318111,0.00098892625694647,0.03388547964553347,0.5818612877083251
IND003249,30.0,M,American/Indigenous,South Asian,,False,False,0.17861900131292807,0.01641673676419498,0.048174491352387605,0.3299056674152273,0.42688410315526204,1.3404943486814491
IND003250,70.0,M,American/Indigenous,American/Indigenous,,False,True,0.31402126427731264,0.023374505525852986,0.0022284392422863264,3.1649701641613626e-05,0.6603441412529064,0.7701063634762583
IND003251,79.3,F,East Asian,East Asian,,False,True,0.0025893533093083888,0.23690741687635372,0.7287828684663823,0.0029972443705098646,0.028723116977445725,1.1607527002469604
IND003252,43.8,M,African,African,,False,True,0.9442470783500696,0.007795013111178967,0.0022265136499354707,0.02831939434024799,0.01741200054856819,-0.8512459922334318
IND003253,80.2,F,American/Indigenous,American/Indigenous,,False,True,0.03728597145013288,0.20405177190826335,0.15283647961003488,0.002664151555096907,0.6031616254764719,0.8867062834658144
IND003254,38.6,M,South Asian,South Asian,East Asian,True,True,0.11192128698004994,0.08073573793274182,0.29027838931179967,0.42363442743012275,0.09343015834528577,-0.02530938421073395
IND003255,33.0,M,African,African,,False,True,0.8600239984467091,0.01658207695593741,0.012734255365126812,0.04995385783761221,0.06070581139461455,0.7929841766107562
IND003256,71.7,M,European,European,East Asian,True,True,0.17051397713345073,0.5174701332105235,0.27383811111459233,0.0025587945321157756,0.03561898400931774,-1.3540532475434395
IND003257,57.3,F,East Asian,European,,False,False,0.0005889493581845053,0.2146875329209226,0.6970653355526027,0.05890242743338422,0.028755754734905936,-1.2802182765742711
IND003258,75.8,F,East Asian,East Asian,,False,True,0.0006528954384242408,0.05790167352783302,0.9409322847118168,0.0005009275582048539,1.221876372116229e-05,-1.812809180237627
IND003259,29.9,M,East Asian,East Asian,,False,True,0.24769557623079363,0.002449901396460403,0.5326857288591735,0.0007087335133395537,0.21646006000023274,-0.857385525162055
IND003260,19.6,F,African,African,South Asian,True,True,0.5969240176073054,0.05128850078116765,0.0014384081457833003,0.28999569184439034,0.060353381621353376,-0.7015469453933155
IND003261,38.4,F,East Asian,American/Indigenous,South Asian,True,False,0.009125309080335924,0.11893474038653998,0.3950102729811591,0.2802919225447658,0.1966377550071991,0.4373203029839976
IND003262,73.1,M,European,European,South Asian,True,True,0.005773312416766666,0.694550504109953,0.0011940956316322847,0.2594099537116944,0.039072134129953584,-0.9782549565919871
IND003263,35.8,F,African,African,,False,True,0.90162798119104,0.008904448185506042,0.00024093169105960247,0.01289294005651582,0.0763336988758786,-2.2530663752444617
IND003264,42.6,M,South Asian,South Asian,European,True,True,0.06630860635706882,0.26307452378411217,0.0012035699602007202,0.6623698933082194,0.007043406590398796,-0.06266782999236786
IND003265,83.6,M,South Asian,European,,False,False,0.0006738774854573226,0.20376719353190006,0.1686731911978588,0.6030699937282771,0.02381574405650663,-0.0400910652973994
IND003266,18.0,F,European,European,,False,True,0.014031509177313784,0.8617337946413611,0.000792431281324695,0.0008844028579050713,0.12255786204209525,-0.8196043544415188
IND003267,66.7,F,American/Indigenous,American/Indigenous,,False,True,0.01192706281807974,0.052130699748808774,0.0022767727534951693,0.07264628695992985,0.8610191777196865,0.38961032489661734
IND003268,85.0,F,American/Indigenous,American/Indigenous,African,True,True,0.26271487288477197,0.11403288743091067,0.04465151450050389,2.278023187909788e-05,0.5785779449519344,-0.15497358192259852
IND003269,85.0,F,South Asian,South Asian,,False,True,0.06238524021578465,0.00013112463409876472,0.22972111710180398,0.6927752819519829,0.014987236096329563,0.4253131731400902
IND003270,84.4,F,East Asian,East Asian,,False,True,0.0026991392337439293,0.0009325654428888734,0.9832306002203028,0.013012295355992985,0.00012539974707154186,-1.4353770474966256
IND003271,81.9,F,South Asian,South Asian,African,True,True,0.35683470431976216,0.005748679799893709,0.22548884791906293,0.4115905537460971,0.0003372142151841596,-1.8704607150593322
IND003272,23.3,M,South Asian,South Asian,,False,True,0.24186262660894509,0.002798911117541863,4.703741596566969e-06,0.5701753348681848,0.18515842366373172,0.49438059457959893
IND003273,36.0,F,American/Indigenous,American/Indigenous,,False,True,0.01708068138505379,0.00029085715242200573,2.807288563179865e-07,0.01751218431481071,0.965115996418857,1.3609855421736485
IND003274,66.4,F,African,African,American/Indigenous,True,True,0.59278317868325,0.009632524361252765,0.0007699373817006703,0.014989063318400893,0.3818252962553956,0.7849337473934679
IND003275,25.6,F,African,South Asian,,False,False,0.7103479289429904,0.004113155068503944,0.06756680782451249,0.10598479984317227,0.1119873083208209,0.019092312481852725
IND003276,75.4,M,African,African,South Asian,True,True,0.4942048595354276,0.034489247553502585,0.1630801735755046,0.2512523905000109,0.05697332883555428,-0.057350969652015416
IND003277,74.5,M,European,European,,False,True,0.06210416897926084,0.881330871287352,0.0041848141681144445,0.020778194251994477,0.031601951313278226,0.5740312230835097
IND003278,69.8,F,American/Indigenous,American/Indigenous,East Asian,True,True,0.005434974038868983,0.1504305288116972,0.2955180295013364,0.06166926750157434,0.486947200146523,0.8551631119669421
IND003279,48.7,F,East Asian,African,,False,False,0.17070224904209072,0.1233632387914526,0.7004702445144306,0.0012750066933329826,0.004189260958693106,-1.527500470056967
IND003280,75.0,M,East Asian,East Asian,African,True,True,0.27335107406220027,0.03897389534777737,0.47307255963344164,0.21187773744998956,0.0027247335065911427,-0.0038615296707394525
IND003281,52.8,F,South Asian,South Asian,,False,True,0.20898559827052532,0.0004550903858320568,0.0009196355785149776,0.6783745890795267,0.11126508668560095,0.40166098982296616
IND003282,62.3,M,European,European,,False,True,0.029133431324628156,0.9442458694678397,0.0019028145647370903,0.024717623146793315,2.614960016724639e-07,-0.07262572353951746
IND003283,38.8,F,European,European,,False,True,0.0004883193157886569,0.6250068102777716,0.049337125452161346,0.018393750539635136,0.3067739944146435,0.8578714749568256
IND003284,43.5,M,East Asian,East Asian,,False,True,0.08144442987264994,0.013033480754633139,0.6955604181255772,0.2035058406479218,0.006455830599217825,0.9106035978740289
IND003285,34.0,M,African,African,,False,True,0.906817926261055,0.08226240958771676,0.0006530020017218015,0.005861610674159828,0.004405051475346885,-0.3648927680188683
IND003286,60.3,F,African,African,,False,True,0.8439327023762409,0.041651329473667655,0.05679250799177833,0.009209124099345425,0.048414336058967576,-0.4878486793046031
IND003287,28.2,M,European,European,South Asian,True,True,0.22190366711584666,0.3847765650918563,0.0942072342252114,0.27357437655132744,0.02553815701575812,0.9934917479600072
IND003288,40.9,M,African,African,,False,True,0.7518080683309596,0.19808382504495894,0.03980740859714275,0.0037956061613266317,0.006505091865611976,0.9461736401648071
IND003289,43.2,M,African,European,,False,False,0.5334223146930277,0.15912784555442847,0.0009308343880943122,0.23703412508323382,0.06948488028121572,0.06542166541899919
IND003290,24.8,F,European,European,,False,True,0.02502055298848705,0.7812807854337408,0.00040650913069298567,0.19327504245876853,1.710998831061093e-05,0.6993223054661413
IND003291,41.7,M,European,European,,False,True,0.24479168459131698,0.6211535091752648,0.0016291903095097917,0.1264846593936123,0.005940956530296122,0.3933698415716004
IND003292,65.6,F,European,European,,False,True,0.13061715509635866,0.6365695565037764,0.022958518198531223,0.13293271400362255,0.07692205619771111,0.18249023782828871
IND003293,37.9,F,European,European,,False,True,0.028829112212016644,0.8510472973434552,0.007189158761235677,0.11292633102540521,8.100657887357927e-06,0.7571462028863823
IND003294,20.5,M,East Asian,East Asian,American/Indigenous,True,True,3.495936802406866e-05,0.006769313015675504,0.6023445977625583,0.007008493305796877,0.3838426365479453,-1.0827896803457688
IND003295,75.2,M,South Asian,South Asian,American/Indigenous,True,True,1.0620769115839705e-08,0.0012368035728195113,0.0824175342053898,0.5177450455163466,0.39860060608467496,0.1577090523610868
IND003296,19.9,M,East Asian,East Asian,,False,True,0.0001024497326653822,0.00038185142357642177,0.8336137132698062,0.1657479160421024,0.0001540695318497212,0.8872072127726882
IND003297,85.0,F,South Asian,South Asian,,False,True,0.13575466725636864,0.07772957038520377,0.18191606080976544,0.5101975313999637,0.09440217014869834,-0.2406570859845723
IND003298,76.2,M,South Asian,South Asian,,False,True,0.04483404092792414,1.3028586484363035e-08,0.1686308966083628,0.7056606209693376,0.08087442846578907,0.468026593208093
IND003299,41.5,M,African,African,,False,True,0.5198286113801277,0.022593029820277687,5.844681786036796e-05,0.00020957103224870694,0.4573103409494855,-1.0809643457204077
IND003300,35.7,F,South Asian,South Asian,,False,True,0.3803826973568052,0.00776438563548351,0.11944431906228427,0.48598716251955393,0.006421435425873157,0.5458981965309737
IND003301,34.5,F,African,African,European,True,True,0.5963052190621487,0.3747157745087154,0.004304080896555099,0.000731540182050953,0.02394338535052994,-2.280729269957322
IND003302,41.0,F,American/Indigenous,Other/Unknown,,False,False,0.06319011022072463,0.002968282888431503,0.3028005447249089,0.18865522891894462,0.4423858332469904,0.19503648261110718
IND003303,67.3,F,East Asian,East Asian,,False,True,0.297934690986308,0.16848426173220632,0.43273303095947685,0.0004589401032639399,0.1003890762187449,-0.5614820064861398
IND003304,55.5,M,European,European,,False,True,0.2071850401700064,0.7073071062460984,0.0003870052269475587,0.05631889941074551,0.028801948946202267,-1.2889172917978202
IND003305,65.5,M,African,African,,False,True,0.8944373459482066,0.014435064649104346,0.003779514453859532,0.07861771340844088,0.008730361540388495,-0.7537190210179568
IND003306,35.7,F,European,European,,False,True,0.0006739648260231123,0.9575705472168416,0.00984156880766424,1.3597957079591307e-05,0.03190032119239126,1.79005540093697
IND003307,45.9,M,American/Indigenous,American/Indigenous,,False,True,0.04285394813659578,0.06905119454608932,0.0009455279933652488,8.810062784824682e-05,0.8870612286961014,1.9229132426172455
IND003308,47.3,F,South Asian,South Asian,,False,True,0.23358665829150452,0.05578937700561559,0.22474697108091257,0.48587684360353234,1.5001843506848802e-07,0.7389018270175702
IND003309,44.0,M,South Asian,South Asian,,False,True,0.010955743178787967,0.0012954673105819326,0.019709934267441737,0.9623316968284942,0.005707158414694046,-1.4030504328311513
IND003310,45.4,F,African,European,,False,False,0.6587462649222906,0.3289998735611491,0.0022736307283666656,0.004855735619224163,0.005124495168969524,0.06288361278048038
IND003311,79.9,M,East Asian,East Asian,South Asian,True,True,0.1345556602696309,0.09666885100294688,0.35755793607235453,0.3439213630354339,0.06729618961963378,-1.9047423062298985
IND003312,52.0,M,European,American/Indigenous,,False,False,0.0020387811166258014,0.5487823570420323,0.12630803240591718,3.525368546656001e-08,0.3228707941817393,0.21831051355748285
IND003313,44.5,F,American/Indigenous,American/Indigenous,,False,True,0.19918852393171457,3.315658682882182e-05,0.08597632720000899,0.0019217627628262,0.7128802295186213,0.13290523246010782
IND003314,63.1,F,American/Indigenous,American/Indigenous,,False,True,0.02557471258086712,0.0011000160107788686,0.06299318806789587,0.40101388476443006,0.5093181985760281,0.1579202064005122
IND003315,63.7,M,East Asian,East Asian,American/Indigenous,True,True,0.013085419849162507,1.1214966026467452e-05,0.5848089954193271,0.020449543454284493,0.3816448263111994,1.0494936886828992
IND003316,31.9,M,European,European,,False,True,0.0008808465891139642,0.6773393561652792,0.15738710204818884,0.01588177442548458,0.1485109207719334,1.2320223317640704
IND003317,81.8,M,East Asian,East Asian,,False,True,0.005745008594445488,0.011831632088868005,0.8719886944987818,0.0014626725030087856,0.10897199231489574,-0.7072577365279237
IND003318,67.9,F,South Asian,South Asian,,False,True,0.009891559615042256,0.00015049133873118676,0.05867173096440642,0.9312019455862725,8.427249554781221e-05,-0.8500815932991439
IND003319,77.1,F,American/Indigenous,American/Indigenous,,False,True,0.24610487473154205,0.16310825282378846,0.010908900409811571,0.16895561816266827,0.4109223538721896,-0.09178714987718573
IND003320,63.6,F,East Asian,East Asian,,False,True,0.05084732609122947,0.13164882783359177,0.8133373638233344,0.0003950358306108787,0.0037714464212336048,-3.113720440614981
IND003321,57.7,F,European,European,African,True,True,0.29084261452366905,0.4495222540776361,0.2220727406147997,0.03755005707328761,1.2333710607653497e-05,-1.2329983096724983
IND003322,26.9,M,American/Indigenous,American/Indigenous,African,True,True,0.38855417054088376,8.464814028180875e-06,1.6510660637986407e-07,2.860702603288626e-05,0.6114085925124486,0.39495085990928414
IND003323,26.0,M,European,European,,False,True,0.18684744380681703,0.7860683688229209,0.02603484739851485,2.5286020357362004e-05,0.0010240539513898612,-0.38311535191709634
IND003324,51.3,F,African,African,South Asian,True,True,0.522599734566444,0.04284787394178812,0.05086328706452123,0.25699302246083583,0.12669608196641086,0.07336783625332423
IND003325,45.3,M,East Asian,East Asian,,False,True,0.09497696480035732,0.15177319870647896,0.6454183873760401,0.08899749741603374,0.018833951701089972,-0.055647092791405506
IND003326,28.1,F,European,European,,False,True,0.00696138587504125,0.7134195896367238,0.03554827582676993,0.23674983991556448,0.00732090874590057,1.4385087590231707
IND003327,41.0,M,South Asian,South Asian,,False,True,0.00010430249603657245,1.560898124979466e-05,0.06508583644729182,0.9190584857455959,0.01573576632982593,0.5409461145817123
IND003328,34.1,M,American/Indigenous,American/Indigenous,East Asian,True,True,0.1337834173996481,0.03644449994609726,0.28272483616573163,0.003503819497644802,0.5435434269908781,0.42391093022777215
IND003329,79.6,F,American/Indigenous,African,,False,False,0.3206746453856762,0.24471219282956377,0.0001320977634932182,0.01922714602148393,0.415253917999783,0.35687634798673795
IND003330,80.0,M,European,European,,False,True,0.12876011100950102,0.5247171384689518,0.17037772613137017,0.004232416012281448,0.17191260837789568,0.2540139050744046
IND003331,61.6,M,East Asian,East Asian,,False,True,0.0010847249682309277,0.2557778904711683,0.671131409061973,0.05325345242486663,0.01875252307376134,1.2976563511301409
IND003332,29.5,F,European,American/Indigenous,,False,False,0.01446660654035017,0.49973878770131874,0.0003884815087114735,0.1492352972563492,0.3361708269932703,2.5709835215986265
IND003333,49.2,M,African,African,American/Indigenous,True,True,0.6309825603062876,0.00037464068363697725,0.05982902318147481,0.040752381704329745,0.2680613941242709,-0.7368257679628387
IND003334,74.2,M,European,American/Indigenous,,False,False,0.06982238262211139,0.41664225150634476,0.14741593552168225,0.15646287070684511,0.20965655964301644,0.35300104808320987
IND003335,42.0,M,African,African,,False,True,0.8911484003178722,0.019818537223901603,0.018916517177972412,0.0002490530318684496,0.06986749224838516,-1.3770459338503285
IND003336,23.0,M,European,European,American/Indigenous,True,True,0.007969084268467796,0.6345228930821649,0.011000349519972101,0.032886170855131916,0.31362150227426333,1.801358688956747
IND003337,18.0,M,European,European,,False,True,0.005713948182993111,0.4245309491901405,0.3900724217912793,0.1740744114068996,0.005608269428687361,0.5001318743419936
IND003338,71.3,M,South Asian,East Asian,,False,False,0.025976586241787943,0.04270127044425522,0.15540040690185974,0.7380864918521478,0.03783524455994923,-0.36148126055297
IND003339,49.0,F,African,European,,False,False,0.7855796328673263,0.18117552588642008,0.0044596250585169726,0.0175064832770784,0.011278732910658111,-0.4829651551988277
IND003340,43.9,F,East Asian,East Asian,,False,True,2.932366854538221e-06,0.06983637172038684,0.9237688992634183,0.0043272414849836,0.0020645551643567674,-1.5313424571133611
IND003341,63.9,M,European,European,South Asian,True,True,0.004425267467924388,0.4951612314685154,0.09617628526921256,0.4012683877856673,0.002968828008680369,-0.6116499856422557
IND003342,59.9,M,European,Other/Unknown,,False,False,0.031587657941185225,0.7422685611069996,0.028683916487051434,0.1859693767814545,0.011490487683309295,-0.9594067309087073
IND003343,68.3,F,African,African,,False,True,0.7922771682710503,0.09608158524413882,0.0003308908129966528,0.11130785171030202,2.5039615121227433e-06,1.799256387173305
IND003344,85.0,F,American/Indigenous,European,,False,False,0.04894925965514338,0.33132160038779446,0.0007600301321065043,0.014945915830522143,0.6040231939944336,-0.5747475435957389
IND003345,39.7,F,European,European,,False,True,0.29143289128080097,0.5460203996010763,0.048117990291389044,0.041190894284088196,0.07323782454264542,0.6961753781125646
IND003346,57.7,M,East Asian,East Asian,,False,True,0.00019020985591849658,0.08094866547855471,0.9065335907031931,0.01202587907223311,0.0003016548901006184,-0.6775406149397155
IND003347,70.8,F,South Asian,American/Indigenous,,False,False,0.0016473464431700367,8.062747522193144e-05,0.0715657626213578,0.46448855488770635,0.4622177085725439,-0.22893061819068594
IND003348,45.3,F,American/Indigenous,American/Indigenous,,False,True,0.03487604808293921,0.00048259959985757724,0.0025652675887697213,0.0017399626595242977,0.9603361220689092,0.33557038407512396
IND003349,34.1,F,African,African,,False,True,0.8737323337942846,0.1099513607213653,0.007520411796971438,0.008745638234056146,5.025545332262924e-05,-0.3458571857145576
IND003350,78.7,F,European,European,,False,True,0.06744044627427888,0.9124193836257729,0.00564397152255941,0.003582230928940692,0.01091396764844814,1.259600521012708
IND003351,76.9,M,African,European,,False,False,0.561578189809575,0.19883514533686755,0.23888627131881165,0.0006387406405749167,6.165289417104428e-05,0.44632687718526837
IND003352,25.5,M,African,African,South Asian,True,True,0.47651237475358316,0.00021447900235060742,0.0004809440691146436,0.4752446325612187,0.047547569613732826,0.7154787464290863
IND003353,53.5,M,East Asian,East Asian,,False,True,0.20239887247479446,0.08755278252565472,0.41714949767310794,0.2605778296373947,0.032321017689048215,-0.39047417186766414
IND003354,73.1,M,East Asian,East Asian,,False,True,0.23989452029159716,0.13910888609504846,0.2769012947256277,0.22862817727126625,0.11546712161646051,-0.7014951092199517
IND003355,43.2,M,European,European,,False,True,0.001101710948402194,0.82370723289967,0.10410817178433178,4.840140232192241e-07,0.07108240035357297,-0.6947541376845531
IND003356,43.2,F,African,American/Indigenous,East Asian,True,False,0.6444576557614149,0.0032509293317681993,0.25450866446866577,7.364760930046707e-07,0.09778201396205796,-0.6417004752749781
IND003357,74.2,F,American/Indigenous,American/Indigenous,,False,True,0.003381090051592854,0.010948433727783192,0.09320991123598867,3.352120391773466e-05,0.8924270437807175,-0.891489112607911
IND003358,83.5,F,European,European,,False,True,0.4043527099281366,0.4640856415001124,4.113064793239797e-05,0.11536575485649189,0.016154763067326657,0.6952882714031333
IND003359,44.8,M,American/Indigenous,East Asian,,False,False,0.008751660793563125,0.00037948158569063654,0.21270693630781914,0.0010675824402985013,0.7770943388726287,-1.1833118423622817
IND003360,80.6,F,American/Indigenous,European,,False,False,0.002889712186914677,0.15963220001754216,0.11577602640064603,6.2325837020374505e-06,0.7216958288111951,1.1877925980276833
IND003361,77.9,F,American/Indigenous,American/Indigenous,African,True,True,0.3128399707147684,0.30458555357897676,0.001213384713266409,0.00013483938660521343,0.3812262516063832,0.7779263339278493
IND003362,48.3,F,American/Indigenous,American/Indigenous,,False,True,0.0006633484525391302,0.04116908106754285,7.215601503120624e-05,0.06994389195610307,0.8881515225087837,1.5036999173515329
IND003363,77.2,M,American/Indigenous,South Asian,,False,False,0.14166646601414454,0.015652950065059745,0.08560577518207822,0.36393655145838444,0.3931382572803329,0.36568780209694834
IND003364,49.0,M,American/Indigenous,American/Indigenous,,False,True,0.335941480892735,0.0024057952101111738,8.608712134343347e-10,0.0069898212576676505,0.6546629017786149,1.063233608878956
IND003365,26.1,F,American/Indigenous,American/Indigenous,,False,True,0.06391830523296747,0.08338188207864616,0.06991473421462399,0.018425889722061585,0.7643591887517007,-0.5935649936369731
IND003366,71.4,F,American/Indigenous,American/Indigenous,South Asian,True,True,0.02585607296254536,0.030822441310710144,0.1267186841129852,0.26021826559954064,0.5563845360142186,1.3404230560483414
IND003367,77.8,F,American/Indigenous,American/Indigenous,,False,True,0.012900175938040529,0.23142672841426612,0.10976765062181194,0.13988570835627542,0.5060197366696059,1.7124600802975911
IND003368,41.6,M,European,European,,False,True,0.10860007134919406,0.6974715702204248,0.012799246399873808,0.11680027842525208,0.06432883360525526,-0.5988969795808093
IND003369,29.8,M,East Asian,East Asian,,False,True,0.013013078019444535,0.008485583656478427,0.7912352302563539,0.04705420163213849,0.1402119064355848,0.27187607142139647
IND003370,67.1,M,European,European,,False,True,0.0005869625671931816,0.8483570863658191,0.013390786177205457,0.12925543616190752,0.008409728727874825,1.40115262666883
IND003371,85.0,F,East Asian,East Asian,South Asian,True,True,0.14999176618374985,9.324268878574541e-05,0.43905312258385537,0.26018689661783523,0.15067497192577378,0.15130872183988983
IND003372,71.8,F,South Asian,American/Indigenous,,False,False,0.0049764330210709164,0.009259796866217362,0.11266079283896939,0.5974464549810772,0.27565652229266524,-0.14784857835467835
IND003373,47.1,F,South Asian,South Asian,,False,True,0.26291028896093366,0.0642862131396159,0.00022683124399888827,0.6709887986331086,0.001587868022343014,0.37216823594280707
IND003374,32.8,F,African,African,East Asian,True,True,0.532601461904237,3.7440006860848804e-05,0.39573046326505834,0.0005467229312572746,0.07108391189258634,-1.365176890583074
IND003375,18.0,M,East Asian,East Asian,,False,True,0.09499554832186986,0.1155241403819556,0.41027519272771346,0.21379027784132032,0.16541484072714077,-0.12358197128315673
IND003376,61.5,M,African,Other/Unknown,,False,False,0.5221268321486662,0.2602790059239586,0.0343183715157362,0.12513962720431138,0.058136163207327736,0.14473641409257643
IND003377,67.4,M,European,European,,False,True,0.07617164463637335,0.6935214916223201,0.011814422255626822,0.13714361473958128,0.0813488267460983,-0.5470594272905253
IND003378,83.0,M,South Asian,South Asian,,False,True,0.0015872238700828441,0.1945428771029241,0.07189559847242681,0.7288772449172286,0.0030970556373376154,-0.4098963687192616
IND003379,18.0,F,East Asian,East Asian,,False,True,0.12937667361643468,0.016215099962284738,0.850164245653411,0.0034970322499760682,0.0007469485178935932,-0.5404598606823253
IND003380,71.2,M,South Asian,South Asian,,False,True,0.0008990688004970749,0.06457171946361968,4.921413036905933e-05,0.7882023088797819,0.14627768872573238,0.2555702344011764
IND003381,64.5,F,East Asian,East Asian,South Asian,True,True,0.014413144998422093,0.03323875425526458,0.6375581424581134,0.31428050868908525,0.0005094495991146751,-0.6111713314372098
IND003382,58.3,M,South Asian,South Asian,,False,True,0.2868879554643787,0.14340892967482188,0.00046962662310286776,0.45260930692670054,0.11662418131099625,0.7466879876574584
IND003383,64.3,M,European,European,East Asian,True,True,0.008362884672610442,0.551372750759164,0.3411155472556394,0.028472996754131483,0.0706758205584546,-1.2799834302724047
IND003384,62.1,F,African,African,,False,True,0.47066152357683155,0.2173058866179647,0.03033326317565361,0.10392286053445039,0.1777764660950998,1.2248717074031394
IND003385,30.7,F,European,East Asian,,False,False,0.0445792355728135,0.42415929044972406,0.325716534242761,0.14337717722150886,0.06216776251319261,0.44596919384751393
IND003386,24.3,F,East Asian,African,,False,False,0.22991774716526778,0.20529952722844427,0.4166929757383976,0.014432453926641959,0.13365729594124845,-0.21459048350734367
IND003387,80.3,M,South Asian,South Asian,,False,True,1.5019933144430284e-09,0.044773620064887096,0.07890272432211595,0.8627499822992516,0.013573671811751823,0.9323961599187985
IND003388,85.0,M,American/Indigenous,American/Indigenous,,False,True,0.07310631940492529,0.021427085095353824,0.12958093054448397,0.000989880770033944,0.7748957841852029,0.020463996627781256
IND003389,49.0,M,South Asian,South Asian,,False,True,0.03262364219914829,0.23697482259064231,0.1331059654900551,0.5855407855317072,0.01175478418844716,0.5954491738670148
IND003390,40.1,M,European,European,,False,True,0.05193259532052284,0.5882837581050832,0.003945051668197842,0.3134251952129029,0.04241339969329317,0.5308060323673579
IND003391,79.1,F,African,African,European,True,True,0.5241008738338279,0.2863742576810287,6.316346240889478e-05,0.16513334512951855,0.02432835989321595,1.0562739833279777
IND003392,35.7,F,American/Indigenous,American/Indigenous,,False,True,0.000579967919195463,0.007714815034814217,0.04916062112571226,0.38465862046337673,0.5578859754569012,-0.06588066900784251
IND003393,35.4,F,European,European,,False,True,0.001096148864758366,0.8295541889382174,2.3269183238686157e-05,0.04156695568464785,0.1277594373291376,0.9126946109100007
IND003394,78.6,M,East Asian,East Asian,African,True,True,0.3653800239695008,0.08927086380297024,0.5452900329253836,2.3541770357967945e-09,5.9076947968350155e-05,-0.6900133924039938
IND003395,66.4,M,East Asian,East Asian,African,True,True,0.31416777166347204,0.004718205677067079,0.678012078151715,0.001273392184894926,0.0018285523228508734,-1.7280436311590948
IND003396,61.5,F,African,African,European,True,True,0.5132289834524677,0.46871284727190543,0.017964669331491746,8.517769189984031e-07,9.264816721601984e-05,-0.685522037822921
IND003397,69.5,F,African,African,European,True,True,0.6267195517404148,0.35504062036070005,0.004127673325523694,6.280314783299607e-07,0.014111526541882963,-0.48416816006031677
IND003398,55.8,F,American/Indigenous,American/Indigenous,,False,True,0.020468658433214375,0.22641804208122002,0.018931931363609263,0.2424810348769453,0.49170033324501117,0.7707810831402213
IND003399,21.6,M,European,European,American/Indigenous,True,True,0.015104411456099106,0.5564550318560194,0.006699950813785249,0.031391745977092524,0.39034885989700374,-1.0781483300354995
IND003400,33.6,M,American/Indigenous,American/Indigenous,,False,True,0.104054212818773,0.18160692835690198,0.07458509811750892,0.008798322224812206,0.6309554384820039,0.1660174973832192
IND003401,43.8,M,East Asian,East Asian,,False,True,0.17316185557595234,0.01185845193292243,0.7184018054981471,1.0357809723249006e-05,0.09656752918325477,0.06332689319183353
IND003402,61.3,M,African,Other/Unknown,,False,False,0.4670366144638375,0.1028947608899175,0.03133252192143305,0.08887165466904885,0.309864448055763,-0.4001632548305411
IND003403,33.0,F,African,African,,False,True,0.7508209153855258,0.02119853093375886,0.22435683944077833,0.0008515527491210634,0.002772161490816002,-1.0502701919963702
IND003404,57.5,M,East Asian,South Asian,African,True,False,0.4674853210103053,0.00026458193940373216,0.5001644973935033,0.032046736487060336,3.8863169727274624e-05,0.6386767208825008
IND003405,73.0,F,African,African,European,True,True,0.39217585316556397,0.3339961344431799,1.0275456487600443e-06,0.004519171508182616,0.2693078133374249,-0.23253834765441245
IND003406,56.8,M,East Asian,East Asian,,False,True,0.06071375310952009,0.1669949599156284,0.5433900814111866,0.06079892622413951,0.1681022793395254,-1.105949975301225
IND003407,18.0,M,African,African,,False,True,0.43005261342540824,0.3674186845179733,0.08936734738958259,0.11289668152526565,0.00026467314177024587,-1.0584878829957356
IND003408,22.5,M,South Asian,American/Indigenous,,False,False,0.026221428404031348,8.801610049169815e-05,0.03770032658483303,0.6169969574748861,0.31899327143575784,1.8187526112306087
IND003409,48.7,F,East Asian,East Asian,,False,True,0.24094466513109714,0.012445826525211678,0.7446140029472762,0.0019582311216211905,3.727427479383962e-05,-0.94540529329159
IND003410,71.5,F,East Asian,East Asian,European,True,True,0.032945786856661635,0.29740119846771307,0.6258831565619531,0.0401177655757063,0.003652092537965899,0.04901799267251361
IND003411,50.8,F,East Asian,East Asian,,False,True,0.011696662230101398,0.05495681562042214,0.807935795748938,0.026908715718704738,0.0985020106818337,-0.4500118602754177
IND003412,65.3,F,South Asian,South Asian,,False,True,7.344148833151576e-05,0.20657517463742592,0.010345436633112697,0.6374484328363812,0.1455575144047487,1.463220134870976
IND003413,52.8,F,European,European,East Asian,True,True,0.2163908750108737,0.3538119572912055,0.2891452732653024,7.316607613802077e-05,0.14057872835648033,-0.6253219127736847
IND003414,54.8,M,American/Indigenous,American/Indigenous,,False,True,0.03214925957882879,0.031033042741022653,0.1338422894269765,2.44038354029699e-06,0.8029729678696318,0.43614452398181647
IND003415,33.7,M,European,European,,False,True,0.11043619866109965,0.49410173106747024,0.10088051294485373,0.2902703055699849,0.004311251756591408,1.841032092008625
IND003416,79.5,M,American/Indigenous,American/Indigenous,,False,True,0.008371642994492908,4.184889926644481e-06,0.11756804993991185,0.056455504931837576,0.817600617243831,1.3855689688496826
IND003417,41.4,M,South Asian,South Asian,,False,True,0.20256229885453225,0.006982223047389971,0.11009226320175865,0.4984639976780586,0.1818992172182605,-1.0059560449345228
IND003418,73.3,M,American/Indigenous,American/Indigenous,,False,True,0.12599276625041886,0.037986106589155376,0.01863955591094259,0.0004473040131570934,0.816934267236326,-0.5673774656596539
IND003419,80.7,F,American/Indigenous,American/Indigenous,,False,True,0.0026948384346281735,0.23405029464852206,0.0009326677485691207,0.37311109560189176,0.3892111035663887,2.327177516659948
IND003420,36.2,F,American/Indigenous,American/Indigenous,,False,True,0.00425228905405966,0.03730007401668527,0.0004540634939417775,0.14447992802341084,0.8135136454119025,1.033227318132629
IND003421,65.8,M,American/Indigenous,American/Indigenous,South Asian,True,True,0.009149704883404204,0.0022411696883793504,0.027228105863067602,0.2565429387833624,0.7048380807817866,1.1570572726713535
IND003422,51.6,F,American/Indigenous,South Asian,African,True,False,0.4361771882747785,0.030519237831385798,0.019747808328296187,0.07002719541117414,0.44352857015436525,-0.05850553686158483
IND003423,51.6,M,American/Indigenous,American/Indigenous,,False,True,0.15554850655029828,0.008189425062517502,7.542148537609142e-05,0.028792424889080168,0.807394222012728,-0.12069238330463439
IND003424,62.1,M,African,African,,False,True,0.4565881972784771,0.043827708405725786,0.3080527000597016,0.11448590675320475,0.0770454875028908,-1.0755606829859925
IND003425,74.1,M,African,African,South Asian,True,True,0.6150976915157664,0.00411346936925423,0.007298766665948496,0.3203066754935286,0.053183396955502324,-0.39979285308517915
IND003426,27.4,M,European,European,,False,True,0.002000669655012371,0.5269206712981162,3.329375712513853e-07,0.3764566387482518,0.09462168736104852,1.3148750367610305
IND003427,18.0,F,African,African,,False,True,0.6474013961046802,0.09830952207984184,0.0008167575296995792,0.15378840890459186,0.09968391538118652,0.8305574221267384
IND003428,78.1,M,African,African,American/Indigenous,True,True,0.5654196236384338,0.002070617535278787,0.13964136238439345,0.006539596919881657,0.2863287995220123,-0.8754041158230939
IND003429,18.0,M,African,African,American/Indigenous,True,True,0.475579926200868,0.0014866220907679628,0.053484222139129615,0.05186573997489788,0.4175834895943365,-0.14888891344823543
IND003430,21.7,M,African,African,,False,True,0.8078144425038379,0.026811461313539342,0.0001258219341656174,0.0004429828464271382,0.16480529140202999,0.17585494203134738
IND003431,37.8,M,European,European,,False,True,0.0001268162726191335,0.6761892173688653,0.0019544729282914976,0.32150404008449424,0.00022545334572991697,-3.1053820085280823
IND003432,60.0,F,European,European,,False,True,0.06604359497615077,0.3864215232365423,0.25458959034367956,0.02247504690863078,0.2704702445349967,0.6250309400282574
IND003433,71.2,F,South Asian,South Asian,,False,True,0.0004113057774797717,0.006117270384601048,0.002522984417542929,0.890281335660238,0.10066710376013843,0.25990968681393145
IND003434,75.6,M,South Asian,South Asian,,False,True,0.02205969869148554,0.019935978265353035,0.039618459299515005,0.9146914624498107,0.003694401293835898,0.43158228382216235
IND003435,73.5,F,South Asian,South Asian,East Asian,True,True,0.019935445727284357,0.10380329250711745,0.2740882494667709,0.5671073175411521,0.03506569475767531,-1.5519223420402928
IND003436,51.3,F,European,European,,False,True,0.0024260419861073606,0.890381147591721,0.02991592122363226,0.06416740773718832,0.01310948146135096,0.9410492856953057
IND003437,43.5,M,European,European,,False,True,0.23448076951734725,0.6262471347779079,0.032051161522053416,7.799472136089757e-06,0.10721313471055537,-1.4229845490708524
IND003438,19.2,F,African,South Asian,,False,False,0.4559936460376133,0.023139585569427964,0.0003859276350927194,0.36681397550190326,0.1536668652559628,-1.795297966943581
IND003439,80.9,F,European,European,American/Indigenous,True,True,5.671302248712489e-06,0.49624512426635675,0.04579000049916115,0.003052172222987226,0.45490703170924607,-0.13473355688489147
IND003440,30.3,M,American/Indigenous,American/Indigenous,,False,True,7.515161444900062e-06,5.4309312419289696e-05,0.06771066356188894,8.138006508140805e-05,0.9321461318991655,3.2057432903895045
IND003441,41.3,F,South Asian,South Asian,,False,True,0.3705301095276573,0.22911967715949122,5.860465288721011e-05,0.38736497458842045,0.012926634071543793,-0.3093606080457621
IND003442,58.8,F,American/Indigenous,American/Indigenous,European,True,True,9.432974123693981e-05,0.3077178759692584,0.1660707041814419,0.1091666207374832,0.4169504693705795,0.0812961535708771
IND003443,56.8,M,East Asian,East Asian,,False,True,8.711775012362118e-08,3.325667055222146e-06,0.8190554578871009,0.04020363139630896,0.1407374979317848,-0.12416429734684253
IND003444,74.7,F,African,African,,False,True,0.4798819293538269,3.618617552940376e-08,0.3482568115025376,0.1447103291806885,0.02715089377677157,0.9510093265754217
IND003445,70.5,M,African,African,,False,True,0.6518870607321312,9.691207626583843e-06,0.057716525609827936,0.0961786403904172,0.19420808205999693,-0.9965183891794507
IND003446,27.5,M,African,African,,False,True,0.41114172437105695,0.3535928516289155,0.19797278429674925,0.03390748873654983,0.0033851509667286003,0.4704905452365251
IND003447,40.9,M,American/Indigenous,American/Indigenous,East Asian,True,True,0.020683586552978618,0.2047843225263942,0.3464985773329302,1.5475706875484365e-05,0.4280180378808215,-0.6956806098182687
IND003448,60.4,M,American/Indigenous,European,,False,False,0.12758907078583293,0.03868475845192941,0.00306498497516717,0.029325991071182878,0.8013351947158875,-0.49713262017518023
IND003449,82.8,F,East Asian,East Asian,,False,True,0.03858073035054786,0.009376112246598347,0.7547414206204716,0.0007275195506572387,0.19657421723172497,1.7597345038668322
IND003450,32.9,F,African,African,,False,True,0.7333931651052841,0.030594710475313997,0.0025682317360620484,0.000542604999135534,0.23290128768420432,1.2604535455965373
IND003451,29.3,F,American/Indigenous,American/Indigenous,,False,True,0.003437304981393186,0.005678055583454025,3.145563508231028e-05,0.023237938305151275,0.9676152454949191,-0.7629413901052029
IND003452,47.2,F,European,European,,False,True,0.03352998826430248,0.7746624747682143,0.006280729283149386,0.16613432375066078,0.019392483933673106,0.13672287396638963
IND003453,19.7,M,European,European,,False,True,0.17005221829435904,0.4849859114858588,0.23907443230112813,0.04932931454078511,0.056558123377868835,-0.6830011638166145
IND003454,60.3,M,African,African,East Asian,True,True,0.5080487626528201,0.0900066196322942,0.3481863378215862,0.05258068861475399,0.0011775912785453432,0.04093716464014524
IND003455,53.5,F,South Asian,South Asian,,False,True,0.0013429512237809916,0.0739370155785782,0.21141698813150595,0.6791788371909195,0.0341242078752152,-1.6017984911548626
IND003456,40.3,M,South Asian,South Asian,,False,True,0.20148911025738886,4.3066733848465086e-05,0.005264614897753847,0.5776483809049036,0.21555482720610533,-0.6013350782998335
IND003457,40.7,M,East Asian,East Asian,South Asian,True,True,0.00010055720310949333,0.01193501550904467,0.6684729884904,0.3143525597211995,0.005138879076246392,-0.33544883600695474
IND003458,33.8,F,East Asian,East Asian,South Asian,True,True,0.028696232629329306,0.04884902983094703,0.3994426573870078,0.38886489896802273,0.13414718118469315,-0.13847336806377034
IND003459,30.1,F,East Asian,American/Indigenous,,False,False,0.0014132510966755887,0.008491591228897536,0.8287620103082407,1.0945122964382033e-05,0.1613222022432218,-0.9617570310194725
IND003460,41.2,F,South Asian,South Asian,East Asian,True,True,0.002014875485723078,0.08113335199811912,0.3467714817225244,0.5661934553002559,0.00388683549337746,0.0331506515597364
IND003461,30.2,M,American/Indigenous,American/Indigenous,European,True,True,0.001900236542986123,0.4166029211857177,0.011964847350139298,0.00020020640724718845,0.5693317885139098,1.7141955798053414
IND003462,23.1,M,African,African,East Asian,True,True,0.5117891677065561,0.023851667819490528,0.4640701712546137,0.0002258997199243257,6.309349941541434e-05,-1.6115597846453713
IND003463,74.3,F,American/Indigenous,American/Indigenous,,False,True,1.15931242710398e-07,0.06882036615093182,0.000768254642242176,0.20087556954323627,0.7295356937323471,0.7539448239093531
IND003464,24.2,F,African,African,,False,True,0.4825867448339377,0.14733923691910547,0.09109025464126509,0.0057800436331664155,0.27320371997252524,0.4726927532186391
IND003465,32.5,M,African,African,,False,True,0.5197011519790513,0.08141158813709216,0.23622570608313748,0.15797294333761952,0.004688610463099585,-0.352160354907044
IND003466,44.2,F,European,Other/Unknown,,False,False,0.03173743715099915,0.9283647087619046,0.03365285975618411,0.0004367883721364482,0.005808205958775586,-0.44011665572846936
IND003467,58.3,M,East Asian,East Asian,,False,True,0.002474571733747252,0.1695696568834987,0.7347220125743148,0.0008567772548839138,0.09237698155355531,-1.3725998942846527
IND003468,72.5,M,East Asian,European,,False,False,3.803573696411103e-09,0.061387076002911774,0.5220444136997685,0.35517085416931765,0.06139765232442841,0.7980636854849361
IND003469,50.7,F,European,European,,False,True,0.14183189000292348,0.29650710799007546,0.23279369616204362,0.13626222985568287,0.19260507598927465,0.8901360127070546
IND003470,26.1,M,European,European,,False,True,0.010724834864433128,0.9875919882497012,0.0009728113243255956,0.0007103611120034094,4.449536591509468e-09,0.8056583650538441
IND003471,55.7,M,African,African,American/Indigenous,True,True,0.7306897294386355,4.3094805281188764e-08,0.01764754199210626,8.957846069637322e-05,0.2515731070137566,0.48500375233118204
IND003472,48.6,M,East Asian,African,,False,False,0.2668859321366733,0.2244242979018422,0.3094394559095355,0.0033909234682507256,0.19585939058369845,-0.6308701044505064
IND003473,32.8,M,European,European,,False,True,0.09244112021180106,0.8899120803617362,0.013872040657313952,0.0020848318180378194,0.001689926951110909,0.9546267039534453
IND003474,18.0,F,African,African,,False,True,0.4034009961980446,0.0007270006511946154,0.21653041059612,0.18650527469399,0.1928363178606507,-0.3872570537715091
IND003475,45.3,F,American/Indigenous,European,African,True,False,0.33526107358188506,0.10743325344099434,5.997720882157169e-06,0.08813858184362879,0.46916109341260964,0.3280968569950261
IND003476,71.4,M,South Asian,South Asian,East Asian,True,True,0.00028795240526763397,0.14955002892759403,0.2634808018725314,0.5866498291129003,3.138768170664309e-05,0.056221359810648464
IND003477,73.9,M,South Asian,South Asian,,False,True,0.037435611116845464,0.11098280463982226,0.07107498436561542,0.7776228134985177,0.002883786379199202,1.397019231474005
IND003478,51.2,F,European,Other/Unknown,,False,False,0.03279186689503557,0.9342166291752931,0.0005291631147438234,0.032318685177781574,0.00014365563714582015,1.04253364671299
IND003479,27.7,F,South Asian,South Asian,,False,True,0.0018651562543002724,0.120479775497839,0.05896729121727422,0.8023145755337534,0.016373201496833002,-0.6856198344407485
IND003480,63.3,F,American/Indigenous,American/Indigenous,,False,True,0.009426959715854317,3.228936371179811e-05,6.364525154720941e-07,0.10613174167284845,0.88440837279507,-0.10571599367280618
IND003481,40.6,F,African,African,,False,True,0.31555656407258537,0.21250830730273282,0.24611034384732006,0.22582477910210003,5.6752619689969624e-09,-0.8655083661032308
IND003482,59.5,F,American/Indigenous,American/Indigenous,,False,True,0.019292094426659526,0.0047316818618583275,0.39823688526987505,0.16647282579599204,0.411266512645615,0.0016279325971931824
IND003483,24.6,M,African,African,South Asian,True,True,0.4475879721366539,0.00028128067828182834,0.01184296379304556,0.2835133860461979,0.2567743973458207,-1.155798684893317
IND003484,38.2,F,South Asian,South Asian,,False,True,2.745354153269597e-05,0.09327959183525676,0.18394836148595697,0.7216805263020569,0.0010640668351966412,-0.5839007357858192
IND003485,27.2,M,American/Indigenous,American/Indigenous,,False,True,0.0008481413562879516,0.01640234185828348,0.30525589234156963,0.14340982530407087,0.5340837991397883,0.11380103921867574
IND003486,40.0,M,South Asian,African,,False,False,0.2993056881785746,0.004560925465369951,0.028765767701916523,0.6024456993774808,0.06492191927665811,0.7188602476191076
IND003487,41.6,M,American/Indigenous,American/Indigenous,South Asian,True,True,0.010213235576188024,0.03890829910189097,0.2905903712903071,0.31485362201397843,0.34543447201763544,-0.3073122177469338
IND003488,67.0,F,African,African,,False,True,0.9544102584623593,0.028316862418276734,3.3066568693034535e-06,0.0019536723544256954,0.015315900108068938,0.7208348139956724
IND003489,75.2,F,African,American/Indigenous,,False,False,0.7879810002231022,0.1904937817592706,0.0018851873980381014,1.4203454071063137e-06,0.019638610274181942,-0.02030742618756015
IND003490,25.2,M,African,African,,False,True,0.7069196710505595,0.0038169358036207134,0.013081737905862537,0.2342999191205337,0.041881736119423536,-1.1006477004674697
IND003491,20.1,F,South Asian,European,,False,False,0.010978568833545248,0.3196746145431052,0.0008241011452892515,0.6660158132051132,0.0025069022729471836,1.1759907989004619
IND003492,85.0,F,South Asian,East Asian,,False,False,0.3170368639972054,0.004625531664305395,0.25655059989550627,0.4217863150914671,6.893515158466699e-07,0.16840337720620024
IND003493,70.5,M,East Asian,South Asian,,False,False,0.01883747714412869,0.002370053403166517,0.8536072247213077,0.1206551026087446,0.00453014212265254,-0.9849063060328176
IND003494,52.3,F,American/Indigenous,American/Indigenous,,False,True,0.22896631325593425,0.24104953204892843,0.18485100183525258,0.011683733493525984,0.33344941936635875,1.4744717654400306
IND003495,51.0,F,American/Indigenous,American/Indigenous,European,True,True,0.004800835112868345,0.40153715600979734,0.0031141898284678077,0.11732959347914174,0.47321822556972487,0.6927413848691492
IND003496,65.2,F,American/Indigenous,American/Indigenous,African,True,True,0.3889859823332773,0.073109031511786,0.006987815858314965,0.07448909961088637,0.4564280706857354,0.22509834882242388
IND003497,23.0,F,European,European,East Asian,True,True,0.014290360097494272,0.449358731017999,0.3309475618448614,0.009151562203428101,0.1962517848362173,0.12220979928174175
IND003498,22.1,M,African,East Asian,,False,False,0.6531288045527055,0.14263264348506027,0.03882152420659609,0.11900610125010017,0.04641092650553786,-0.10338457353456243
IND003499,81.7,F,East Asian,East Asian,,False,True,0.06346867469185635,0.05377874656215146,0.8152876109886888,0.06629585985396076,0.0011691079033425182,-0.285728812012223
IND003500,85.0,M,American/Indigenous,American/Indigenous,African,True,True,0.2582971427910691,0.1318236495179584,0.10756391486498741,0.08464419653982953,0.41767109628615556,-0.16081804172492642
IND003501,62.0,F,American/Indigenous,South Asian,,False,False,0.11525951718840938,0.1668084420136873,0.000334637665152101,0.2184170861847415,0.4991803169480096,0.2032488895704272
IND003502,70.8,M,European,European,,False,True,0.11761348618614799,0.4760838613137349,0.17191279859586425,0.21289543959578086,0.021494414308472036,-1.5403280853845243
IND003503,44.1,F,East Asian,East Asian,South Asian,True,True,0.014897989841693172,0.05752515563036127,0.4287835125249957,0.27061628402653387,0.228177057976416,-0.4256497554985561
IND003504,69.2,F,American/Indigenous,American/Indigenous,,False,True,0.07071293418868156,0.19765075428116335,0.23807162206205668,0.21115046796278042,0.28241422150531814,1.2719925098817497
IND003505,80.5,F,South Asian,South Asian,African,True,True,0.4086014201268997,0.013808929504410499,0.00016867400965625047,0.577241427499283,0.00017954885975048413,-0.09178533791547605
IND003506,40.7,M,South Asian,South Asian,East Asian,True,True,0.0001744403208611237,0.24457459067010656,0.3209470136018323,0.4329255936650727,0.0013783617421273644,-0.18478280062500899
IND003507,62.5,F,East Asian,Other/Unknown,,False,False,0.08493297785206852,0.0077026588996757265,0.4947778918821801,0.16104210045573786,0.2515443709103379,-0.3739520412325803
IND003508,58.7,M,South Asian,South Asian,,False,True,0.015366289755668772,0.07096921488698071,0.15951484553241466,0.5218752019706565,0.23227444785427925,1.2905491445398798
IND003509,39.2,F,African,African,,False,True,0.7179971315812643,0.0006695396876364082,0.21570887101303016,0.0002416154716855402,0.06538284224638366,-0.7106856033300668
IND003510,42.0,M,European,European,,False,True,3.206792288505498e-08,0.9855566047823684,0.013844412685825622,3.0173349165851977e-05,0.0005687771147173362,0.7936964034399709
IND003511,23.7,M,European,European,,False,True,0.007599098854145328,0.6637266458503526,0.16848715571058598,0.07088418970104239,0.08930290988387383,0.5159455539761431
IND003512,35.6,M,European,European,,False,True,0.3412742190738711,0.5695803305672988,0.08881549779268262,0.00031125591141952403,1.8696654727892384e-05,0.5594117294403089
IND003513,58.3,F,South Asian,South Asian,,False,True,0.2233471765925062,3.3463141785125356e-05,0.0824921552864897,0.6562331843846918,0.03789402059452716,0.7741803084549701
IND003514,48.3,M,European,European,,False,True,0.006417398300199201,0.38964894908632747,0.3405398216007064,0.13891786675517562,0.12447596425759148,0.5568523612266172
IND003515,63.6,F,South Asian,East Asian,,False,False,0.141944934005966,0.03392701978760273,0.22736350051796622,0.5619757881698149,0.03478875751865019,0.054038450776273714
IND003516,67.6,M,East Asian,East Asian,,False,True,0.020424301396280972,0.10640928598751294,0.6501533591788219,0.16921282264809012,0.05380023078929405,-2.2538597969372547
IND003517,45.8,M,East Asian,East Asian,,False,True,0.10295481543245862,0.17214534977765583,0.5608000748235277,0.0013916539648851803,0.16270810600147276,0.5354982706742415
IND003518,50.2,F,American/Indigenous,American/Indigenous,,False,True,0.01197148801725772,0.0008935420667957458,0.02106528886770374,0.003435671464197376,0.9626340095840454,1.5556715137079706
IND003519,55.6,M,European,European,,False,True,0.005242038565203609,0.8321182697911319,0.15062952070595392,0.0087692328142759,0.003240938123434901,1.0828382930615774
IND003520,29.5,M,East Asian,East Asian,,False,True,0.003601174395188902,0.10046050567291603,0.8936898925439868,0.0003012848945158638,0.001947142493392424,-0.7449262575597869
IND003521,55.1,F,European,European,,False,True,0.03953828344655286,0.952849514282581,1.3942969602378036e-06,0.004956331903933098,0.002654476069972769,-0.7486102714920443
IND003522,29.7,F,European,European,,False,True,0.01435809964889783,0.591411354137972,0.04607354859042052,0.234713148802509,0.11344384882020055,1.1082459570134868
IND003523,29.4,M,East Asian,East Asian,,False,True,0.19361862803469168,0.0331628526566957,0.6753583705724024,5.77603060561892e-07,0.09785957113314969,-0.33256111891987367
IND003524,34.5,F,South Asian,East Asian,,False,False,0.03387798664739453,0.10751644495409414,0.06107238272538324,0.7068031242786591,0.09073006139446893,1.8062786310176977
IND003525,47.4,M,European,European,American/Indigenous,True,True,0.04379708405880976,0.46652081369502235,0.18512572236910607,0.005751284637301439,0.29880509523976034,-0.20199890868136505
IND003526,42.0,F,South Asian,South Asian,,False,True,0.006513587987682152,0.036192315092134573,0.0028258565945544537,0.9343214882729667,0.020146752052662243,1.4463412525073847
IND003527,41.5,F,American/Indigenous,American/Indigenous,,False,True,0.003422898903870805,0.017021277066174276,0.04082347724975219,0.003346229655472048,0.9353861171247307,-0.8932096055623976
IND003528,29.1,F,African,African,,False,True,0.7765930724308111,0.0006876661905232998,0.14554567374740532,0.07602551998345679,0.0011480676478036864,0.5925713581424126
IND003529,55.9,F,European,European,American/Indigenous,True,True,0.2570684277664132,0.27419206086704145,0.18440366640939826,0.012278756526537734,0.27205708843060944,-0.9371604392920662
IND003530,66.5,F,African,African,,False,True,0.3768066086341087,0.006161628102908444,0.3015918502325516,0.00039045272947762236,0.31504946030095377,-0.9777620171165322
IND003531,43.6,F,East Asian,East Asian,South Asian,True,True,0.018899366579703366,0.0006646736180029365,0.3781431696580092,0.335997381982243,0.2662954081620416,0.16619048165335912
IND003532,66.6,F,East Asian,East Asian,African,True,True,0.3362181821536402,0.0018281103221351406,0.646820106646699,0.0002644596098517525,0.014869141267673943,-0.23329346563595446
IND003533,50.8,M,South Asian,American/Indigenous,,False,False,0.005949873092721954,0.07889237938877505,0.007233702149786675,0.785946779351261,0.1219772660174553,-0.7742433169804549
IND003534,79.0,M,European,European,,False,True,1.3119367350730983e-07,0.7327999339589925,0.08985547204065138,0.1057116671551797,0.071632795651503,0.6885152775560018
IND003535,79.0,M,European,European,South Asian,True,True,0.08558828921939737,0.5984715425193649,0.004212664117071032,0.3047037672990069,0.00702373684515991,0.1817349491400698
IND003536,80.8,F,East Asian,European,,False,False,0.0022524106971284234,0.0016483754683742572,0.9954797943297898,0.00018453730273730546,0.0004348822019700587,-0.4653140181682841
IND003537,50.9,F,East Asian,East Asian,,False,True,0.0334210067655934,0.021875188231458113,0.7348987113339054,0.1757220069267072,0.034083086742336004,-0.08102471111593246
IND003538,31.6,F,European,European,,False,True,0.007199292638819014,0.7267147583380631,0.0024251461328211365,0.02919160282522655,0.2344692000650702,0.11810527539522836
IND003539,55.1,F,African,African,,False,True,0.5654124090001968,0.312719524093037,0.0722754937880757,0.023300885845440208,0.026291687273250385,-0.1919413231661698
IND003540,46.8,M,East Asian,East Asian,,False,True,0.2691590093333998,0.19336431354003145,0.3064574293683606,0.22932388448497185,0.0016953632732362234,0.7590615298971128
IND003541,69.2,M,East Asian,South Asian,American/Indigenous,True,False,0.027026314010982058,0.050977974090924215,0.33751698278937786,0.24812002458038981,0.33635870452832595,0.1429902341036765
IND003542,29.9,F,African,African,,False,True,0.6747224845208588,0.19225125066989396,0.11498409103364356,0.00048394960607746985,0.017558224169526182,-0.3957708876630683
IND003543,74.8,F,European,European,,False,True,5.771308135084848e-07,0.5654000079523344,0.37453004586481287,0.05998513462833095,8.423442370813537e-05,-0.0393946389958264
IND003544,25.7,F,African,African,,False,True,0.4536206631280651,0.0003175483609985033,0.1482420242762207,0.18212302598155347,0.21569673825316227,-0.017020850510860316
IND003545,64.8,M,African,American/Indigenous,,False,False,0.3856131756521657,4.142240355480855e-05,0.10988901632264708,0.15340188762138568,0.35105449800024674,0.7835476776344245
IND003546,61.5,F,East Asian,East Asian,,False,True,0.02052945008217078,0.01629906310423884,0.8017905306830817,0.06503197451441017,0.0963489816160986,-0.25432141048894874
IND003547,44.7,F,American/Indigenous,American/Indigenous,,False,True,0.0014784992023358433,0.0004037843800470314,0.001418660816508566,0.38561790634258636,0.6110811492585223,-2.225214607332234
IND003548,57.4,F,African,African,,False,True,0.9209546735982441,0.024544284670735952,0.04591503746542219,0.004875767668481342,0.0037102365971165936,0.18955080423617116
IND003549,27.2,F,South Asian,East Asian,,False,False,0.013759350966172352,0.018856792487041262,0.3773013608200855,0.5733288985664869,0.01675359716021396,0.29578773726528035
IND003550,74.0,M,South Asian,South Asian,,False,True,0.138383796972781,0.07138986176225272,0.2227172163858847,0.4589417913350473,0.10856733354403453,-0.6007460643075765
IND003551,85.0,F,American/Indigenous,American/Indigenous,African,True,True,0.33402092309593057,0.02985691575481105,0.215190691965598,0.06567064762063941,0.3552608215630209,-0.9524114402130871
IND003552,71.4,M,African,African,,False,True,0.8321259491054657,0.12787783485336898,0.022993775575203518,0.017002413279313938,2.718664787298324e-08,-1.6984128702739756
IND003553,75.2,F,American/Indigenous,American/Indigenous,,False,True,0.03019027918935418,0.0026982726112811904,0.07347974697501222,0.10778583153746864,0.7858458696868836,0.5182701988258215
IND003554,85.0,F,American/Indigenous,American/Indigenous,South Asian,True,True,0.003150275683924454,0.005499071585487656,0.007946587750291603,0.2980566904170083,0.685347374563288,0.2592098229812942
IND003555,32.0,M,American/Indigenous,American/Indigenous,African,True,True,0.29066074479180676,2.8617857507837697e-05,0.001328600500861916,0.00165999949183073,0.7063220373579926,1.0789631872021892
IND003556,85.0,F,South Asian,South Asian,East Asian,True,True,0.009037745856260885,0.007464524713598741,0.29440800848841525,0.5153070289110661,0.17378269203065902,-0.15426488245653858
IND003557,68.5,M,East Asian,East Asian,,False,True,0.009832701510326645,0.2908428161802588,0.41284856164881906,0.00029060194489930055,0.2861853187156962,1.3110954173395788
IND003558,28.7,F,European,European,,False,True,6.980408423506576e-08,0.769295003656787,2.273771849858862e-11,0.0010346298498297476,0.22967029666656116,0.7333226079748703
IND003559,44.3,M,American/Indigenous,American/Indigenous,European,True,True,0.16030244300177018,0.2784593811940564,0.022433031308438482,0.07541525161728818,0.46338989287844673,0.4567797574769788
IND003560,78.2,M,European,European,,False,True,0.004102702303012695,0.8263682133041896,0.1435169828846227,0.005153023388887457,0.020859078119287472,1.9646390723593543
IND003561,70.9,M,American/Indigenous,European,,False,False,0.12891414872910886,0.26856173403951156,0.20746817760831932,0.03887471562011048,0.35618122400294966,-1.667327137556301
IND003562,23.4,F,East Asian,East Asian,European,True,True,0.002856626561599945,0.4273940156696416,0.46682786943684274,0.09061473375464955,0.012306754577266366,0.424809599215318
IND003563,44.3,F,East Asian,East Asian,,False,True,0.015094478196552916,0.0474998154297126,0.9029965718479255,3.221967826776576e-05,0.03437691484754132,0.0759080124401395
IND003564,67.4,F,South Asian,European,,False,False,6.376664172230954e-05,0.2667651238736735,0.014054027561035654,0.5572539705038937,0.16186311141967477,0.5512008927392484
IND003565,75.3,M,American/Indigenous,American/Indigenous,,False,True,0.17717650033662538,0.0014245946410761517,0.04003569086293605,0.043731189431259254,0.7376320247281032,0.21879521594152906
IND003566,29.3,M,American/Indigenous,American/Indigenous,,False,True,0.143742177852745,0.10757764060751956,0.056667083543945417,0.02552478154812097,0.6664883164476689,1.0517217948229236
IND003567,70.1,F,American/Indigenous,American/Indigenous,,False,True,0.122712116288403,0.21137062283552385,0.0011848512064410112,0.23667380754351527,0.4280586021261168,-0.0902869098466785
IND003568,25.6,M,South Asian,South Asian,European,True,True,0.0025758821284650674,0.2808282942798961,0.2332554909555183,0.4801877266454273,0.0031526059906931514,1.6186672934105895
IND003569,61.2,F,South Asian,South Asian,,False,True,0.0957285325070753,0.020909599085126743,0.008578060745516803,0.8747709906113473,1.2817050933736132e-05,-1.410538594287058
IND003570,80.4,F,East Asian,East Asian,American/Indigenous,True,True,0.15163139211399934,0.008950335293126709,0.47316080284895456,0.020260425596111166,0.34599704414780824,0.8605927632222083
IND003571,62.2,M,South Asian,American/Indigenous,,False,False,0.050464907353978836,0.2655281995080574,0.009272819842256984,0.3394912332078363,0.3352428400878703,-0.20588617770382495
IND003572,40.5,M,African,African,,False,True,0.7202208381386646,6.40624581593082e-05,0.0066013801251549485,0.2676114454134845,0.005502273864536506,-0.6603725163676335
IND003573,30.8,F,South Asian,South Asian,,False,True,0.015504301173944572,0.0021136646069696086,0.09597192505285361,0.86282597339088,0.02358413577535219,-0.314149119831524
IND003574,45.4,M,American/Indigenous,Other/Unknown,,False,False,0.32730952395813206,0.06828477804220597,0.0031351169847548743,0.25354373878446596,0.3477268422304413,1.2898811757031734
IND003575,65.7,M,American/Indigenous,American/Indigenous,South Asian,True,True,0.0016856045032894737,0.0035766572749135737,0.1341958524614063,0.29581340571221026,0.5647284800481804,0.17460949709253998
IND003576,18.0,M,African,African,European,True,True,0.38026611847767877,0.28312229219205337,0.0754806151969309,0.007251865910654653,0.2538791082226822,-0.2777653632589707
IND003577,28.2,M,South Asian,South Asian,,False,True,0.09687802564509136,0.3635790579765562,0.12398773988787823,0.4155287998159387,2.6376674535494493e-05,0.5376407832691625
IND003578,30.9,F,American/Indigenous,American/Indigenous,,False,True,0.011037045144684917,0.0007115312291287152,6.209872035202835e-05,0.11333973509716588,0.8748495898086683,2.256536291276919
IND003579,38.7,F,African,African,,False,True,0.6781444557598822,0.15671103620404458,0.00012005299465642416,0.01474594147590292,0.15027851356551375,0.42332451123657433
IND003580,73.2,F,South Asian,South Asian,,False,True,0.0006150641673698401,0.03255914445038568,0.00022725915763750285,0.8896797277480748,0.07691880447653231,-0.747244001415751
IND003581,26.4,M,African,African,,False,True,0.9134213933747883,0.02486763031210214,0.016384868162892672,0.04489280817246301,0.0004332999777538675,-0.8655776609889672
IND003582,29.3,M,European,European,,False,True,0.0570753056205955,0.7362167047168111,0.00011920301727129026,0.15372479956923155,0.05286398707609055,-0.021408820002175172
IND003583,85.0,F,South Asian,South Asian,African,True,True,0.3570836729903099,0.0018029805215180352,0.0018338471299791592,0.6392578057168906,2.1693641302297142e-05,-0.7033626394965038
IND003584,41.4,M,American/Indigenous,American/Indigenous,East Asian,True,True,0.03585895382243204,0.0028287345189671794,0.3873545066909661,0.12597054637056687,0.4479872585970678,0.8023537903449933
IND003585,53.9,M,East Asian,South Asian,African,True,False,0.3346208222209631,0.07528277489544903,0.5043306150722028,0.08570791902337987,5.786878800498151e-05,-0.6399426090789513
IND003586,85.0,F,American/Indigenous,American/Indigenous,South Asian,True,True,0.22974481086216508,0.02049227314148302,0.07714575942542892,0.3178839016126889,0.3547332549582339,0.5972481770888094
IND003587,62.7,M,African,African,,False,True,0.9206369894652556,1.689424509108302e-05,0.0007580010178533695,6.119875249592672e-08,0.07858805407304734,0.1218076181751826
IND003588,51.7,F,American/Indigenous,Other/Unknown,,False,False,0.0005690485270309943,0.41630884701462234,0.002148416703710317,3.290440977823452e-06,0.5809703973136585,1.4998634269610618
IND003589,85.0,M,American/Indigenous,American/Indigenous,,False,True,0.10046479741492177,0.18108882892447686,0.02412060952738335,0.00932600926237921,0.6849997548708389,-0.8810178331103707
IND003590,64.6,M,European,European,African,True,True,0.28252793770905016,0.6956530137821405,0.009160923076483998,0.008906555865308132,0.0037515695670172584,-1.3372002406927068
IND003591,82.2,M,South Asian,East Asian,,False,False,0.007210016104365416,0.003983127651782421,0.46995938409410337,0.4962264256670818,0.022621046482667117,-1.9207665379691137
IND003592,83.8,F,European,American/Indigenous,,False,False,2.1260779370916447e-05,0.6986318622032186,0.012778453735687683,0.1978764415566742,0.09069198172504862,0.14370797803750746
IND003593,38.3,M,European,European,,False,True,0.08187527910756837,0.8399635019000334,0.0003589968301542048,0.0005821816934978801,0.0772200404687461,-1.6577853035603012
IND003594,68.0,F,East Asian,East Asian,American/Indigenous,True,True,0.00475798213423788,0.09988880557765371,0.41676445606359946,0.06735685514508749,0.4112319010794216,-0.6149646583396359
IND003595,49.9,F,South Asian,South Asian,East Asian,True,True,0.014677876542483759,5.984310282488579e-05,0.452408965885781,0.5009960426884545,0.031857271780455866,-2.060179330999102
IND003596,59.6,F,South Asian,South Asian,,False,True,0.00523651993523884,0.0017993469962318085,0.07797676233479867,0.9054134727943606,0.009573897939370182,0.8406441110761897
IND003597,81.9,F,East Asian,East Asian,,False,True,0.21301740938392844,0.11077190854721153,0.41456323387136984,4.630274768446794e-05,0.2616011454498058,-0.5747410664272059
IND003598,28.8,F,East Asian,East Asian,,False,True,0.12238620304747468,0.1747918508398757,0.4878512433121953,0.0001723283803408628,0.21479837442011346,1.8899224512347375
IND003599,44.6,F,South Asian,South Asian,,False,True,0.021167643626282914,0.03330275218633584,7.073791424073615e-06,0.9425576792490326,0.002964851146924721,-0.7718109008136003
IND003600,49.0,M,African,African,,False,True,0.7156577035759871,0.19201622444221428,0.0698794553047897,5.442826725578559e-05,0.02239218840975309,-0.7860796602868946
IND003601,50.2,M,European,European,,False,True,0.2428755926712593,0.6478665678380063,0.0004115209887268783,0.10813027126372358,0.0007160472382838535,0.19271804040934248
IND003602,73.2,M,East Asian,East Asian,South Asian,True,True,1.0688483725917959e-05,5.553990726902014e-06,0.5696832895548087,0.2761826165819922,0.15411785138874626,-0.32078161553630435
IND003603,80.5,M,African,African,,False,True,0.8886534728303283,0.015316130447476376,0.015649763780091672,0.042349835800933516,0.03803079714117027,-0.16287691372840207
IND003604,26.9,F,American/Indigenous,Other/Unknown,,False,False,5.501446194909334e-05,0.0036502204205364785,0.0570610103730696,0.0007308739956257915,0.9385028807488192,1.6696614268211305
IND003605,18.0,F,African,African,,False,True,0.9965461730336546,0.0008013090889594287,0.001951633138944986,2.6419092583104593e-05,0.0006744656458579027,1.759126863778015
IND003606,24.0,F,African,African,American/Indigenous,True,True,0.6545893189509155,0.05835240032580198,3.6335638212179235e-05,0.025721289293838368,0.26130065579123185,-1.3460301045441734
IND003607,68.0,F,South Asian,South Asian,,False,True,0.06599001830518425,0.002344157044472439,0.018943120090357597,0.8919298145511003,0.020792890008885376,-0.7562328049535714
IND003608,85.0,M,American/Indigenous,East Asian,African,True,False,0.29715809064484494,0.022010126370569753,0.26682560397288463,1.0825240274690483e-06,0.41400509648767314,-0.29708573271169847
IND003609,63.2,F,African,African,,False,True,0.5093209223930226,0.1748189467395519,0.09832587191864228,0.0015878160061983983,0.21594644294258467,0.1955457598606916
IND003610,50.9,M,East Asian,East Asian,South Asian,True,True,0.015238505011790556,0.26561414550854634,0.39802542127835056,0.32091978358820333,0.00020214461310922595,0.8838355231562922
IND003611,43.8,F,European,European,,False,True,0.0010030649023243558,0.8866859753443443,0.07939948831223417,0.0020382350363756583,0.030873236404721522,1.1347071319020194
IND003612,39.6,M,American/Indigenous,American/Indigenous,,False,True,0.026294417276435233,5.566367946563505e-05,0.12747071445530544,0.14320687156985332,0.7029723330189406,-0.648269023362121
IND003613,22.2,M,South Asian,South Asian,,False,True,0.029705862624687624,7.648535831763074e-05,0.006555041667466491,0.8815028613496474,0.08215974899988088,-0.12642347660677541
IND003614,36.4,F,East Asian,East Asian,,False,True,0.005622259747503892,0.05155687625813851,0.6247734601015869,1.4311011178470044e-05,0.31803309288159226,-0.02953051114891736
IND003615,81.0,M,African,African,American/Indigenous,True,True,0.6690683929599524,0.0058173873368117315,7.317456944315759e-05,0.04454011825928138,0.2805009268745114,0.1659357028346613
IND003616,35.8,M,African,African,,False,True,0.7120498016909012,0.08764494114617682,0.02990613854248248,0.12764164777147613,0.04275747084896361,-1.149573072588097
IND003617,47.8,F,African,African,,False,True,0.6547278538204784,0.14222238024165323,0.19970626660522778,0.00316773597365178,0.00017576335898876697,-0.539051791028517
IND003618,31.7,M,American/Indigenous,American/Indigenous,East Asian,True,True,0.0031129988232309913,0.043430673107584764,0.4368175038235718,0.04220237197316474,0.4744364522724477,1.1156103002314324
IND003619,49.9,M,East Asian,East Asian,American/Indigenous,True,True,0.005295209143692968,0.07697542834822856,0.4691449879998766,0.010130143540188518,0.4384542309680135,-0.4408936096028855
IND003620,52.1,M,South Asian,South Asian,,False,True,0.04124598673894853,0.05743718636160709,0.0012083586485645385,0.6855430765364885,0.2145653917143914,0.9305218697977484
IND003621,36.2,M,European,European,,False,True,0.05067911869217653,0.6030702284373839,0.1719014036160428,0.020263659943559904,0.15408558931083685,0.739277572738411
IND003622,73.4,F,South Asian,South Asian,,False,True,0.03862189401388366,0.1134107887067011,0.12106151199421435,0.7255589535367284,0.0013468517484725507,1.5834524107822152
IND003623,68.3,M,American/Indigenous,American/Indigenous,South Asian,True,True,0.11604857844533804,0.004200703297635996,1.2860013679049244e-05,0.2530668452355922,0.6266710130077547,0.9751759764017922
IND003624,35.3,M,East Asian,East Asian,,False,True,0.11094477318980703,7.509273097784724e-05,0.8847434406096177,0.0020896105946656128,0.0021470828749317592,0.008036960074473853
IND003625,27.0,F,European,European,,False,True,0.027496776278395956,0.37041684854269297,0.21329154349635648,0.3339142199445031,0.05488061173805138,-0.736244421553698
IND003626,66.8,F,East Asian,South Asian,,False,False,0.007038348172549694,0.12577295545703085,0.4892047461788958,0.22103195638500053,0.15695199380652305,0.21867337315521324
IND003627,22.5,M,East Asian,East Asian,,False,True,0.08972354026516136,0.045613039378803705,0.8108855392314075,0.00027167689370756216,0.05350620423091985,-0.9547339302141631
IND003628,72.3,M,American/Indigenous,American/Indigenous,African,True,True,0.33616779233212235,0.02117475437980011,0.005809039750809427,0.1381278587432403,0.4987205547940277,0.5932702996590636
IND003629,65.0,F,South Asian,South Asian,African,True,True,0.3731747703491507,0.010030769755013597,0.0901822069608316,0.48558830313553697,0.041023949799467024,0.617967434462646
IND003630,53.2,F,African,African,,False,True,0.9975538415836726,0.002313216423747045,7.047081344060393e-05,4.537935788776764e-05,1.7091821251938358e-05,0.09604739273006208
IND003631,52.9,M,American/Indigenous,American/Indigenous,African,True,True,0.4032827511974147,0.03156335480754374,0.0017418887565580957,0.00010291932739658636,0.5633090859110867,0.8275589193216133
IND003632,75.4,M,European,European,,False,True,0.0445476008076953,0.7044901970830892,6.503673419600996e-05,0.14324759221533925,0.10764957315968036,-0.4432479953294379
IND003633,67.5,M,East Asian,East Asian,,False,True,0.004088299040196926,0.018604109102600047,0.4752186499098996,0.4391345343848552,0.06295440756244809,0.5250775962395309
IND003634,53.5,M,American/Indigenous,American/Indigenous,,False,True,0.140343307820904,0.08345721126036588,0.15522631907291964,0.03444368826179499,0.5865294735840154,-0.17577273374678487
IND003635,45.9,M,African,African,,False,True,0.8241561740168913,0.014601850053230737,0.0026749432543055475,0.009101556051541027,0.14946547662403137,0.6089709259962585
IND003636,79.8,M,East Asian,East Asian,,False,True,0.22196831167364764,3.230889828393934e-05,0.46551488837006805,0.19881923556847725,0.11366525548952305,0.0171654252713217
IND003637,19.0,F,East Asian,East Asian,,False,True,0.07372629545793195,0.16977376842491618,0.5883371947782879,0.138503342759903,0.02965939857896097,-1.1419900057302923
IND003638,44.0,F,African,African,,False,True,0.6801875438616163,0.016534540477005054,0.0002312176533074082,0.14766575762514159,0.1553809403829297,1.6956847309290954
IND003639,40.2,F,African,European,South Asian,True,False,0.3188411585741163,0.1760485882652754,0.0026795006333373886,0.27105732856884324,0.23137342395842775,0.5294329384244532
IND003640,49.4,F,East Asian,East Asian,,False,True,0.21429303323474952,0.0011124801703903567,0.5743195003545977,9.965572835909052e-05,0.2101753305119034,-0.43255804617839244
IND003641,25.9,F,African,Other/Unknown,,False,False,0.7923416410566363,0.00026869288392902975,0.15132082356558216,0.05327599921041288,0.002792843283439759,0.6446573690600267
IND003642,78.9,M,African,African,European,True,True,0.6219413155557594,0.3025597358432899,0.061100621157422395,0.014193671958807804,0.00020465548472048945,1.0167631221536095
IND003643,43.2,F,East Asian,East Asian,European,True,True,5.4158062218380905e-05,0.2908198597198725,0.3973133110025788,0.06125572247228233,0.250556948743048,0.18418716048117784
IND003644,36.5,F,American/Indigenous,European,,False,False,1.024328027217201e-05,0.4412542649936691,0.0022574906518362282,0.10266596480186102,0.4538120362723615,-0.33598085581259574
IND003645,83.1,M,East Asian,East Asian,,False,True,0.0027479394554502895,0.0006681465512019191,0.5944605209562458,0.013008311690898425,0.3891150813462036,0.12984835127487526
IND003646,27.9,M,African,African,,False,True,0.39361074413819364,0.22726604817353846,0.12475547426421554,0.10677240354189188,0.14759532988216054,0.00576247195680768
IND003647,64.2,F,South Asian,South Asian,European,True,True,0.02043174767715265,0.30356401784574794,0.0036280511872418797,0.4933019524339739,0.17907423085588356,-1.3432233018604842
IND003648,45.9,F,American/Indigenous,American/Indigenous,,False,True,0.002006716544185176,0.18187100593670436,0.2042462035588545,0.2675134089070732,0.3443626650531829,1.6519740076785272
IND003649,48.7,F,European,European,African,True,True,0.4004181892580531,0.5280450458409264,0.06443182776165426,0.0014192689501651048,0.005685668189201141,-1.0046409914593541
IND003650,48.2,F,European,European,,False,True,0.12734690104776641,0.7757686374649247,0.08972183748571233,0.005354001084881846,0.0018086229167144886,1.156540690117989
IND003651,82.8,F,American/Indigenous,American/Indigenous,,False,True,0.21846211495346302,0.19490110946902284,0.012414659077930117,0.00010435716148936542,0.5741177593380947,0.18948911954120237
IND003652,45.4,F,East Asian,East Asian,,False,True,0.11853326800839138,0.0007379550434852787,0.575305669217039,0.29367315266635347,0.011749955064731015,-0.2972799736725962
IND003653,59.0,M,East Asian,East Asian,,False,True,0.008796833755237836,0.2017703243545081,0.7271972913518134,0.05299836238116346,0.009237188157277152,0.09353742221026173
IND003654,62.0,F,American/Indigenous,American/Indigenous,South Asian,True,True,0.22745561710409382,0.07286136854286983,8.065682097601278e-05,0.31748968945659367,0.38211266807546684,-0.046945830895124274
IND003655,71.1,M,European,African,,False,False,0.4181792679604372,0.46571735452475943,0.013275596792189643,0.10211161770513587,0.0007161630174778305,-0.3609214000767481
IND003656,72.3,M,South Asian,South Asian,European,True,True,0.0017276012357461848,0.35396127512610454,0.004605075795459301,0.3647298438313568,0.27497620401133316,0.9209649810011388
IND003657,47.8,F,East Asian,East Asian,American/Indigenous,True,True,1.623682051914744e-05,5.6499007895972236e-06,0.6184028336669707,0.014556699145173643,0.3670185804665469,0.6322908171554726
IND003658,27.3,M,East Asian,East Asian,,False,True,0.01817163417713105,8.680565686417389e-08,0.6855535590192189,2.3229677506383415e-06,0.29627239703024244,-0.8672615054757555
IND003659,82.6,F,South Asian,South Asian,,False,True,0.24674727742181238,0.06554144847686366,0.03719941044525899,0.6502266803804942,0.00028518327557070904,1.1212633330588162
IND003660,80.3,F,East Asian,East Asian,South Asian,True,True,0.04648455795720651,0.05037602625012022,0.5238648974253153,0.33799804454168203,0.04127647382567613,-0.315371708238171
IND003661,18.6,F,African,African,South Asian,True,True,0.42152762614235506,0.03562894111817217,0.12587310926115625,0.4163391582183468,0.0006311652599696623,0.11910073324955138
IND003662,61.6,M,East Asian,European,,False,False,1.6283254593293333e-05,0.4564473295372801,0.5212375470835096,0.012788346981821812,0.009510493142795205,-0.5102952321522709
IND003663,44.7,M,African,African,,False,True,0.8390667920394892,0.020213515041928257,0.0002042566708481269,0.000721559584732007,0.1397938766630025,0.023091299569064527
IND003664,78.3,M,South Asian,South Asian,,False,True,0.0023441454408622783,0.07325691162611066,0.11564352550552491,0.8087549564195551,4.6100794723890314e-07,-0.9709869941651208
IND003665,54.2,M,East Asian,East Asian,South Asian,True,True,0.24303053028423427,0.03529055272856444,0.3549637745838388,0.30272621947779904,0.06398892292556342,-1.5069014514940762
IND003666,55.1,F,African,African,,False,True,0.43666690309702005,0.018806778220694365,0.08399408038435124,0.18130404991800644,0.2792281883799278,1.626425888822487
IND003667,41.2,M,African,African,South Asian,True,True,0.5840231901368593,0.06964410625262546,0.07087011372093519,0.2750749343735117,0.00038765551606834565,0.05034151975708434
IND003668,36.2,M,East Asian,East Asian,,False,True,0.16979766232244198,0.07268799884045403,0.7379101525055919,0.00048476115218715985,0.019119425179324967,-0.9135917009817742
IND003669,33.5,F,African,African,,False,True,0.9019758394697363,0.01828315100191393,0.002635089067073907,0.07555952409625781,0.0015463963650180965,-1.4251221817536674
IND003670,49.8,M,East Asian,East Asian,European,True,True,0.08058277309494837,0.25257731275071305,0.5859496408793052,0.08055131836848634,0.000338954906547044,-1.0994341770587863
IND003671,50.1,M,African,African,,False,True,0.7354547694474928,0.0007487099879710343,8.05976779236193e-05,0.23969978387677737,0.024016139009835277,-1.4541695655427787
IND003672,25.8,F,East Asian,East Asian,,False,True,0.0019275357177757696,0.01349535673772144,0.5343237449678757,0.3098549741482509,0.14039838842837615,-0.11533123997626599
IND003673,42.9,M,American/Indigenous,American/Indigenous,South Asian,True,True,0.046512983860517755,2.411103525726945e-06,0.002337587031808261,0.46238614396870314,0.48876087403544527,-0.11282127675818832
IND003674,36.7,F,European,East Asian,,False,False,0.030703201477483483,0.7511702239232894,0.16995847920440832,0.0017065028651619331,0.04646159252965691,0.7318916368355489
IND003675,48.6,M,East Asian,African,American/Indigenous,True,False,0.0027432826297012184,0.02860859663357092,0.6076959794619472,0.0044815985745819634,0.3564705427001986,-0.6074646409867879
IND003676,27.1,F,African,African,,False,True,0.8244379503904397,0.004559318920875874,0.11755058333107993,0.013254359399336883,0.04019778795826778,0.5525001274879979
IND003677,66.4,F,African,African,,False,True,0.7362578859554608,0.03375515776800607,0.13958460439904172,0.04563661091317934,0.04476574096431206,-0.21648399473237676
IND003678,68.9,M,African,African,,False,True,0.9732257547867292,0.006761893379922196,0.008848775049778306,0.0007663101804461663,0.010397266603124077,-1.1755851487077762
IND003679,29.5,F,American/Indigenous,American/Indigenous,,False,True,0.0006486621460882948,0.005180957676563949,0.09240962406206077,5.956736092169955e-05,0.9017011887543654,-0.296629311719446
IND003680,76.1,M,American/Indigenous,American/Indigenous,South Asian,True,True,0.22777004450513347,0.004003728989461117,0.0001615995868592203,0.27944572045881266,0.48861890645973355,0.2130025847018675
IND003681,35.5,F,European,European,,False,True,0.14692467350222022,0.4539445499323185,0.035835503412244375,0.03884350033823219,0.3244517728149847,1.2214619437457195
IND003682,65.9,M,American/Indigenous,American/Indigenous,,False,True,0.03816248385084564,0.2627530209120038,2.20524926992241e-05,0.00029525319321978375,0.6987671895512315,1.2636029242852103
IND003683,33.2,F,American/Indigenous,American/Indigenous,South Asian,True,True,5.97239661582945e-07,0.0005631919320800235,0.03903450027138663,0.26047123015105256,0.6999304804058191,-0.36327175905723397
IND003684,25.6,M,African,African,,False,True,0.8542066650156214,7.76345939060834e-06,0.06514158308555663,0.08029720798194047,0.0003467804574910861,-0.8854084561064417
IND003685,62.5,F,South Asian,African,East Asian,True,False,0.08646923114620203,0.05678940305001551,0.34033786705129376,0.4297868450188545,0.08661665373363416,0.51816527111088
IND003686,31.6,F,European,European,East Asian,True,True,0.0006239691726360213,0.6505985333124065,0.34862496155569916,8.641857346189679e-07,0.00015167177352350312,0.6178842313343337
IND003687,30.8,F,American/Indigenous,American/Indigenous,,False,True,0.1234870727976957,0.17351550539755992,0.16295806041292837,0.22236606580965396,0.31767329558216195,-0.3791127698600545
IND003688,36.4,F,European,European,,False,True,0.05536115638377795,0.6386591063256765,0.2689937904580064,0.03282003119376741,0.004165915638771782,1.5095274433335792
IND003689,79.2,F,American/Indigenous,American/Indigenous,East Asian,True,True,0.002473867836889093,0.012464811440109703,0.3275991783905689,0.025585423518152264,0.6318767188142801,-0.8657737743115635
IND003690,68.8,M,South Asian,South Asian,,False,True,0.09331278747886528,0.01556068965071386,0.16208215152965846,0.7146529971586629,0.014391374182099457,-1.2560089290994865
IND003691,65.6,F,European,European,,False,True,0.007343409058879165,0.9547075289298737,3.6163574225630085e-06,0.016554133555702667,0.021391312098121902,0.9611480317631835
IND003692,29.9,F,South Asian,South Asian,,False,True,0.03334277385310983,0.0074830061690998925,0.0006827555233475457,0.906469412764212,0.05202205169023065,1.3738713337907633
IND003693,20.5,M,European,European,African,True,True,0.28997564377717816,0.3181350075314715,0.11769793810149722,0.27061256942154505,0.003578841168308225,0.3241550434986975
IND003694,47.4,F,American/Indigenous,American/Indigenous,African,True,True,0.27734524908734165,0.15537296441614623,0.046997813306257796,0.002427308085521721,0.5178566651047326,0.8934811915730301
IND003695,35.7,F,African,East Asian,,False,False,0.8662338201177855,7.879840264283507e-06,0.03341095892482332,0.01831905461019831,0.08202828650692842,-1.2216211369573204
IND003696,34.4,F,European,European,American/Indigenous,True,True,0.013948131050416573,0.6494032159965104,0.03580807390571169,0.013372464561061915,0.28746811448629944,2.127250911867997
IND003697,33.2,M,African,African,,False,True,0.8530492676746283,0.013045909795838041,0.001498982084644402,0.13240441489677243,1.4255481166223342e-06,-1.5582282596322234
IND003698,81.4,F,American/Indigenous,American/Indigenous,,False,True,0.0035422640853161216,1.8969921369467813e-06,0.03116169049860739,0.005878271005558664,0.9594158774183809,2.7852367015278587
IND003699,36.7,F,African,Other/Unknown,,False,False,0.7254781725024061,0.00033597775158344094,0.25212194524265163,0.0220638594596785,4.504368035636863e-08,-1.7098437660731494
IND003700,60.5,M,South Asian,American/Indigenous,,False,False,0.003166450276035687,0.0010495450902237692,0.06970706902747188,0.8192410274182684,0.10683590818800028,-0.6361606979967394
IND003701,42.2,M,East Asian,East Asian,,False,True,0.14944822727331927,0.005219752124215253,0.7082339944981804,0.03660116465466726,0.10049686144961782,-0.5696150916888328
IND003702,33.5,M,African,African,,False,True,0.6108914661972306,0.1627955777671993,0.02476629104818739,0.1996555756044857,0.0018910893828970215,0.6887349433886318
IND003703,63.7,M,European,European,,False,True,0.08520479667581968,0.8421107111037166,0.07135465435774785,0.0002595227104348245,0.0010703151522810249,0.3451537767012889
IND003704,31.0,F,African,African,East Asian,True,True,0.4072474624538123,0.06976158327432287,0.27848088119859676,0.0792486609451366,0.16526141212813147,-1.2863081180052631
IND003705,35.5,M,American/Indigenous,American/Indigenous,African,True,True,0.30021410779793317,0.13873483702096243,0.0038613096962802017,0.07852355714757653,0.4786661883372476,0.1052123620408224
IND003706,73.5,F,East Asian,East Asian,American/Indigenous,True,True,0.0019704912034724104,0.06424049833455281,0.4551007079406495,0.11239697399364763,0.36629132852767765,-0.22936056145853706
IND003707,69.6,F,East Asian,East Asian,,False,True,3.06232718412547e-06,0.004360777337795795,0.7546868690466325,0.016066788281874148,0.22488250300651333,-0.3587939936069233
IND003708,83.2,M,European,European,,False,True,0.030715697038411757,0.6833660512965284,0.1590955393443521,0.050376851138322,0.07644586118238568,0.612970282699224
IND003709,64.5,F,American/Indigenous,American/Indigenous,,False,True,0.20304858034272927,0.02582885368083886,0.0005191425542720989,0.2355676910341984,0.5350357323879614,-0.6001308866968179
IND003710,44.4,F,African,African,,False,True,0.48004635352174374,0.0021602614271235684,0.22659580355946307,2.4138308612184225e-11,0.29119758146753133,0.08725977877869245
IND003711,30.5,F,American/Indigenous,American/Indigenous,South Asian,True,True,0.06274334090488864,0.0015175305408786904,0.03134937864400465,0.34927083509169593,0.5551189148185321,-0.5516778068610925
IND003712,63.7,M,American/Indigenous,American/Indigenous,South Asian,True,True,0.015303154491429204,0.018693371522828208,0.02628627307410745,0.26210178318884003,0.6776154177227951,1.3537847029529428
IND003713,35.6,M,European,European,South Asian,True,True,0.037973054958754755,0.5274039932770201,0.022072802272632697,0.309437759850454,0.1031123896411384,-1.411176718726261
IND003714,67.5,F,African,African,American/Indigenous,True,True,0.4758889274923786,0.0722364341183065,0.0966821159092721,6.800450737347479e-06,0.35518572202930543,0.3427012166472106
IND003715,34.5,F,European,European,East Asian,True,True,7.965849667280109e-05,0.5789515770009852,0.2649069270821636,0.14871761494953287,0.007344222470645567,1.250859665479218
IND003716,27.9,F,American/Indigenous,American/Indigenous,,False,True,0.01097339156970402,2.5682552456243533e-06,0.0007051346337664456,0.07970222565105506,0.9086166798902288,0.7282862667692525
IND003717,42.5,F,African,South Asian,,False,False,0.5600001456540541,0.0026597110898996796,0.0932129358743612,0.34405522176113085,7.198562055421013e-05,-1.0725628558257845
IND003718,39.0,M,East Asian,East Asian,,False,True,0.2896281583522645,0.011990212980011732,0.6787100725534301,0.013534285925682977,0.006137270188610759,-0.2249249207963699
IND003719,44.4,M,East Asian,East Asian,European,True,True,0.027569326359702696,0.45752017649207033,0.47624654223939417,0.026012499154323843,0.012651455754508925,0.07994811422561421
IND003720,21.6,F,African,African,European,True,True,0.6120752827897233,0.3539149593845853,1.70327543450452e-05,0.008239256964465142,0.025753468106881294,-0.2944848446247066
IND003721,81.3,M,South Asian,South Asian,African,True,True,0.31129491711580864,0.056122353616782125,0.03810062312756503,0.5942449522869684,0.00023715385287570242,-0.5426170084258668
IND003722,33.3,M,American/Indigenous,American/Indigenous,,False,True,0.0008077501763405295,0.0003899305838642075,0.13286494228138301,0.00832256645353328,0.8576148105048789,-0.30625959456058116
IND003723,23.3,M,African,African,European,True,True,0.5634358110459164,0.32866897879267465,0.10097145118749616,0.005694537471572481,0.001229221502340214,-1.4886289881521158
IND003724,39.6,M,South Asian,South Asian,,False,True,0.01510450825464937,0.004964096671215813,0.007543107558431031,0.9715818758033548,0.0008064117123489636,-1.0936406895756807
IND003725,61.2,M,African,African,,False,True,0.4855994125232194,0.14393227242277934,0.36238465830183986,0.007904508236921612,0.00017914851523977482,-0.4318421871172712
IND003726,25.2,M,East Asian,American/Indigenous,,False,False,0.022979120328598796,0.0012722669919249807,0.6780043893941778,0.12156599134915404,0.17617823193614426,0.05939128054949333
IND003727,45.0,F,East Asian,American/Indigenous,,False,False,0.005040656708186836,0.14512172295589235,0.6033854870874698,0.14404785770595122,0.10240427554249974,-0.9337845481152967
IND003728,34.3,F,European,European,,False,True,0.3038786471616915,0.38486760737542486,0.2510692846867115,0.060170392836340895,1.4067939831310941e-05,0.07738097829439716
IND003729,54.1,M,East Asian,East Asian,,False,True,0.15506238861998328,0.1474518810915984,0.43637739697000577,0.24367725284721897,0.017431080471193454,0.4278930542328856
IND003730,37.6,F,East Asian,American/Indigenous,,False,False,1.1734997871155023e-05,0.0035392159335446765,0.8812865525790233,0.09872981571756251,0.016432680771998262,-2.1166792436735493
IND003731,18.0,M,African,African,,False,True,0.5091218552538032,0.2866317952895234,0.005484714378760021,0.16566236061732664,0.03309927446058668,0.01763167444662561
IND003732,75.4,M,American/Indigenous,American/Indigenous,European,True,True,0.013757633764099487,0.3021680578897812,0.010906728050068518,0.05158332856146041,0.6215842517345905,-0.30091010342019203
IND003733,84.1,F,American/Indigenous,American/Indigenous,,False,True,0.19956184182056622,0.0007372178958486105,0.07821432715271573,0.01317233996620359,0.7083142731646657,0.08508616665889744
IND003734,71.1,F,South Asian,South Asian,,False,True,0.14140823389575313,0.024819389894014894,0.02860595378481891,0.7575655634907921,0.04760085893462101,0.4706848772280658
IND003735,81.8,F,American/Indigenous,American/Indigenous,,False,True,0.22411692843841263,0.0006681423226693015,0.016798567048826114,4.732644700142421e-05,0.7583690357430904,-0.4607836413713182
IND003736,65.7,M,South Asian,South Asian,,False,True,0.01976223304493147,0.0349039427738323,0.35283799017921635,0.48352533200473785,0.10897050199728195,-0.6646047153998362
IND003737,77.5,M,East Asian,South Asian,,False,False,2.8236988508645577e-06,0.09998891465872574,0.4209039080620977,0.24759886107604998,0.23150549250427563,0.09895563330840143
IND003738,62.3,F,East Asian,East Asian,,False,True,0.006730190361445079,0.0016200764290260853,0.9872267541832711,0.0032792862784825,0.0011436927477753332,-0.5189801999636907
IND003739,49.9,M,African,East Asian,,False,False,0.7803415313670955,0.0672435909166883,0.11703383963140705,0.009309762931420757,0.026071275153388376,0.4700305045188667
IND003740,27.0,M,European,European,,False,True,0.09834184497417246,0.46147256887963933,0.2116455772124704,0.06607158361941921,0.1624684253142986,1.3469386099695804
IND003741,37.5,F,American/Indigenous,American/Indigenous,,False,True,0.04932849942439264,0.001099310290844547,0.00043313360248773813,0.0009665285747335318,0.9481725281075416,1.0729955657339139
IND003742,45.8,F,South Asian,South Asian,,False,True,0.18297219687448124,0.06761093122357469,0.002267601878286295,0.5916541234389496,0.15549514658470814,1.2531307904224538
IND003743,31.7,M,American/Indigenous,European,,False,False,0.07207748535372221,0.02210107255861328,0.030376075224397142,0.0007975331908454043,0.8746478336724219,-0.511537552095541
IND003744,42.4,M,East Asian,European,,False,False,0.0016272360336522969,0.4002858587702558,0.42563998729668817,0.172444325647845,2.5922515586263436e-06,0.3979494286668173
IND003745,30.8,M,South Asian,South Asian,,False,True,0.0006894543001669932,0.06844318323228922,0.004531117380411303,0.9263358087556712,4.363314611674849e-07,0.03452222405510608
IND003746,75.8,F,South Asian,South Asian,,False,True,0.15274919316133584,0.12962214300446367,0.00019914665634487294,0.6457361511212335,0.07169336605662222,0.7156577475559917
IND003747,55.8,M,European,Other/Unknown,,False,False,0.12241868992344984,0.6326960885640542,0.18668127621208397,0.0008304979975790531,0.05737344730283304,-0.29525415089953744
IND003748,49.5,F,African,African,,False,True,0.6370597283457808,0.2447929628994994,0.10095835860416179,0.003108130440680857,0.014080819709877221,0.5869395955884711
IND003749,39.1,M,South Asian,South Asian,European,True,True,0.049316533493856375,0.3830324202731941,4.2713880366470746e-05,0.5626128672678299,0.00499546508475315,-0.8945619124473373
IND003750,32.2,F,European,European,,False,True,0.10619189419398078,0.5788388121481942,0.11878069340326702,0.19486750078881077,0.0013210994657470452,-1.369197587909925
IND003751,37.6,F,African,African,European,True,True,0.4716416751561134,0.44599791808182315,0.01655087760856799,0.0292965069080269,0.03651302224546857,-0.3007742943014114
IND003752,44.2,M,East Asian,East Asian,,False,True,0.0017614379825531905,0.003826316713678193,0.993720928034885,0.0005271084603551038,0.00016420880852863524,-1.5160693171165467
IND003753,83.1,M,American/Indigenous,American/Indigenous,,False,True,0.06424711668562501,0.1410962231215631,0.13273711227482063,0.0020531883944303886,0.659866359523561,0.10864779620686316
IND003754,53.6,M,American/Indigenous,American/Indigenous,East Asian,True,True,0.0005685059591754789,0.00024878308216347105,0.3637752385512934,0.13186581723503482,0.5035416551723327,-0.2362739515936183
IND003755,40.9,F,South Asian,South Asian,American/Indigenous,True,True,0.016795655043670338,0.001404138151940304,0.0003406433348281515,0.6129835773295828,0.36847598613997845,0.941151662391604
IND003756,68.3,F,American/Indigenous,American/Indigenous,,False,True,0.027033100227550018,0.4101876233555737,0.03832052312133712,0.1016959882289754,0.4227627650665638,-0.01114939861032116
IND003757,52.7,F,American/Indigenous,American/Indigenous,,False,True,0.023422514099681976,0.22888520530673975,5.809557330874181e-07,0.0041472961526725,0.7435444034851727,2.001260220538644
IND003758,53.3,M,European,European,American/Indigenous,True,True,0.008889961013369514,0.633075255762209,1.7890314890403623e-06,0.020748224508876697,0.33728476968405596,1.2849285587988164
IND003759,38.3,M,African,African,,False,True,0.3613490858575278,0.3287511592853895,0.14785917145644198,0.13141346825064518,0.030627115149995738,0.416359105028534
IND003760,46.2,M,African,American/Indigenous,,False,False,0.3923925089364006,0.2670293505671728,0.0001710148966285206,0.007927220273830422,0.3324799053259675,0.20996257589752154
IND003761,35.6,M,South Asian,South Asian,,False,True,0.00045519425622150535,3.3793647276160235e-07,0.04658109720443027,0.8899300527874985,0.06303331781537694,0.7981025389882779
IND003762,29.5,F,European,European,,False,True,0.0009817623628454511,0.9760194501152807,0.017394291217340867,0.0055403503227755505,6.414598175734347e-05,1.2122211851775846
IND003763,48.0,F,East Asian,East Asian,,False,True,0.00045558065762237737,0.0003668882781016025,0.9344250560755865,0.003028322465936092,0.061724152522753574,-1.0032719641545
IND003764,58.9,F,South Asian,South Asian,African,True,True,0.39129354108808806,0.0543996407012033,0.08530728268780044,0.46580471975588733,0.0031948157670207413,1.7621968669161632
IND003765,24.2,M,African,African,,False,True,0.8759972951259524,0.02647303262598843,3.908972869147862e-06,0.09524972382482749,0.002276039450362476,-1.6707708938320862
IND003766,61.1,F,American/Indigenous,American/Indigenous,,False,True,0.002567150395915167,5.5807473135303966e-06,0.001954659539797604,0.011078222233039649,0.9843943870839341,1.470856725334328
IND003767,20.5,M,East Asian,African,,False,False,0.1113159728285173,0.007725568801343587,0.8357586146565383,0.006505776466821049,0.038694067246779894,-0.49572891357766247
IND003768,21.2,M,American/Indigenous,American/Indigenous,,False,True,0.002121167260633411,1.5803234130635081e-07,0.011902428305603332,0.027564340202726318,0.9584119061986957,2.3824843572800605
IND003769,38.3,M,American/Indigenous,African,,False,False,0.0012207390025297208,0.001883922740110481,0.0017924024846804956,0.0003049935531822034,0.9947979422194972,1.1260749421558784
IND003770,75.2,M,East Asian,East Asian,,False,True,0.197982613923083,0.019792608636356776,0.67328273755289,0.03286332036321768,0.07607871952445257,-1.0864476007914028
IND003771,20.4,F,African,African,,False,True,0.8712177391347427,0.0032450794637686638,2.9846190955198314e-05,0.10569812348279033,0.019809211727743324,1.0886923914375806
IND003772,71.1,F,South Asian,South Asian,,False,True,0.04404426957398512,0.0009747090236182655,0.24518796032805104,0.6629951175958821,0.04679794347846345,0.17708317520710132
IND003773,18.0,M,African,African,South Asian,True,True,0.3412705156144238,0.012697387505110668,0.1050072349176418,0.32806679692385887,0.21295806503896503,0.13972174793638426
IND003774,18.0,F,African,African,,False,True,0.5813651601594283,0.1476079506187332,0.07173263390502337,0.0018886504397228492,0.19740560487709236,-0.530595244588282
IND003775,63.6,F,East Asian,Other/Unknown,,False,False,0.0037265951915822783,0.02844156861420795,0.7540794962971757,0.02625871101127879,0.18749362888575533,-0.585533510862208
IND003776,47.3,M,European,European,,False,True,0.2022811673711169,0.5738377526081418,0.002507496291298162,4.921426837611933e-07,0.22137309158675955,-0.12908631674995197
IND003777,38.1,F,South Asian,South Asian,American/Indigenous,True,True,0.2641176307761873,0.0278231458718852,0.00021750587825217606,0.3836248421246035,0.32421687534907195,0.7605625993584691
IND003778,77.7,F,American/Indigenous,European,,False,False,0.010972009306071834,0.022122629497209043,0.0003131628621660178,0.0013801725379224824,0.9652120257966306,1.6887883093256542
IND003779,27.0,F,South Asian,South Asian,European,True,True,0.028145299583351442,0.38282746503461723,0.012060245219911638,0.5769314429040728,3.5547258046888176e-05,-0.49410126450075736
IND003780,40.1,M,South Asian,South Asian,European,True,True,8.55119072101512e-06,0.36757305496244325,0.08155889720079121,0.5482237452745921,0.002635751371452542,0.7448310049445325
IND003781,85.0,F,South Asian,South Asian,,False,True,0.0008280150426600845,0.08209836594887608,0.00015829542315596345,0.9169135481444481,1.7754408596623498e-06,-0.7908991564329493
IND003782,71.7,M,South Asian,South Asian,American/Indigenous,True,True,0.014934602652310862,0.002785430686707963,6.691618411581922e-05,0.5333199867580443,0.4488930637188212,-0.4553470168244535
IND003783,63.6,M,American/Indigenous,East Asian,,False,False,0.005935810695359498,0.00477181123083423,0.14091559377063592,0.0014244350183519351,0.8469523492848183,-0.36901270806992714
IND003784,82.8,M,American/Indigenous,American/Indigenous,,False,True,0.009685645222730431,0.0009149085834829221,0.21553257091492112,0.07960749237558415,0.6942593829032815,-0.49726971261495506
IND003785,57.4,M,East Asian,East Asian,,False,True,1.083630031385811e-06,0.007170473160820145,0.8327629983496098,0.152159545734402,0.007905899125136772,0.1102400962354566
IND003786,18.0,F,African,African,,False,True,0.8664857286715074,0.039788128362499384,0.09243612763421745,0.0001360141628905537,0.0011540011688851758,-2.2258548169975274
IND003787,18.0,F,African,African,,False,True,0.6079401761031987,0.23960541035027055,2.9474661723779805e-05,0.1116857330130529,0.040739205871754045,0.4113730971382525
IND003788,36.6,F,South Asian,South Asian,African,True,True,0.3940388197370901,0.05226469257152188,0.04286983910287084,0.5100735827615811,0.0007530658269360285,-0.9208998017657399
IND003789,29.7,F,African,African,East Asian,True,True,0.36176795658465427,0.06394909350071813,0.32304315353121044,0.20520983879403676,0.04602995758938045,-1.5183604999518474
IND003790,41.8,M,South Asian,South Asian,European,True,True,0.12965323255188896,0.40695542278840197,7.753167547435774e-05,0.4632846093285312,2.9203655703508683e-05,0.8847459229447554
IND003791,20.0,M,African,African,,False,True,0.7756967485051639,0.053495527443250514,0.014551699132580769,0.06757735996968248,0.08867866494932229,-0.5549099763751579
IND003792,78.5,M,East Asian,East Asian,,False,True,0.07851659559002074,0.015521274673502434,0.8325318429485572,0.05551414412955078,0.017916142658368748,-0.29104949855809137
IND003793,85.0,F,East Asian,East Asian,African,True,True,0.3415379856884601,0.12481675025306446,0.40605316136030023,8.276521843851258e-09,0.1275920944216534,-0.1362376497238981
IND003794,34.3,M,South Asian,South Asian,,False,True,0.0026868055729153567,4.965876415114433e-05,0.056491351769521,0.9407705472618525,1.6366315599210293e-06,-0.4070719692960062
IND003795,75.0,F,European,European,,False,True,0.2150372614557319,0.608214653416237,0.10238795847100719,0.07432346514182549,3.6661515198376636e-05,-0.07451382359179237
IND003796,46.9,F,European,European,African,True,True,0.3095821239506197,0.595890876931013,0.08993839035134257,1.419122875632348e-07,0.004588466854737299,1.3495484304395515
IND003797,28.4,M,European,European,,False,True,0.001885375818808269,0.918200337776033,0.002878545251505613,0.05777134216858241,0.019264398985070572,0.07808977447446985
IND003798,53.9,M,East Asian,East Asian,,False,True,0.00012364707387148345,0.04607597614465865,0.6202564364679379,0.3309745880220194,0.002569352291512635,0.5360404235045753
IND003799,73.4,F,European,European,,False,True,0.002586204045353734,0.9830904808552582,8.46980451639894e-07,0.0022018123742876313,0.012120655744648857,1.1717365324840012
IND003800,56.9,F,South Asian,South Asian,,False,True,0.004893065816884383,0.22956146700196603,0.015863758397700923,0.7463433220333257,0.0033383867501231186,-0.07707050480206623
IND003801,80.2,F,East Asian,East Asian,,False,True,0.1687617131048598,0.05659049422887177,0.7082719912164809,0.0036353646841230268,0.06274043676566457,0.4309236826145679
IND003802,66.7,M,African,African,,False,True,0.4495869855673089,0.001576786472404111,0.4163949627995243,0.05605951941602973,0.07638174574473267,-1.0156746798313572
IND003803,81.9,M,African,South Asian,,False,False,0.8363162947167616,0.021431599397781453,0.11280518391014885,0.029435619276739548,1.1302698568527317e-05,0.510090787715358
IND003804,59.9,M,American/Indigenous,American/Indigenous,,False,True,0.15777788366083095,0.17288240166275726,0.011708003922831944,0.08294876021320371,0.5746829505403761,2.906273908544065
IND003805,68.5,F,American/Indigenous,American/Indigenous,,False,True,0.2129173169789501,0.02104272076962048,0.03395279123571169,0.00029262350215771124,0.7317945475135599,2.373814754048599
IND003806,36.6,M,African,African,American/Indigenous,True,True,0.5512097706515173,0.0003019779409653382,0.0013201009471180548,0.02808809257603556,0.41908005788436387,1.386911417235892
IND003807,36.4,F,East Asian,East Asian,,False,True,4.695942699957094e-09,0.16784661915432722,0.7577587809848648,0.0027929293588351413,0.07160166580603015,0.5659589399382042
IND003808,34.3,F,American/Indigenous,American/Indigenous,,False,True,0.11686002917519546,0.008180043676692481,0.06549713992603992,0.05833073325174238,0.7511320539703299,0.9739759212176357
IND003809,29.6,M,South Asian,South Asian,East Asian,True,True,1.2441086532502401e-08,0.07777789478440204,0.44326869922210216,0.4694612882439939,0.009492105308415358,-0.7463698793216473
IND003810,67.9,M,European,European,,False,True,0.051970892765888094,0.5981492227277742,0.008695595634390907,0.13691736196053828,0.20426692691140846,-0.3109233336315397
IND003811,53.9,F,African,African,South Asian,True,True,0.5677957857358393,3.112682620808081e-08,0.03872700067074846,0.3934071505193753,7.003194721079867e-05,-0.12486427946488612
IND003812,52.7,M,South Asian,South Asian,,False,True,0.14714231027244049,0.14947704844658308,0.007175615349502011,0.6962029945267383,2.0314047360460375e-06,-0.4027067022880445
IND003813,18.0,F,African,African,,False,True,0.8620386155983415,0.011227911575125895,0.015779152768252935,0.1102905766571536,0.0006637434011259438,0.20495763134620051
IND003814,37.7,F,European,European,,False,True,0.00030160443126881907,0.8612403886037193,0.12898115941055932,0.00845384755587167,0.001022999998580713,2.0497290813575173
IND003815,42.3,F,East Asian,East Asian,African,True,True,0.2530602084825359,0.00044158601355169476,0.6542437719272989,0.021324909984660485,0.070929523591953,-1.2109138397134183
IND003816,31.3,M,European,European,,False,True,0.0003651801188819505,0.5692372886659718,0.023505096186889347,0.0001456492471705718,0.40674678578108636,-1.0869938066655358
IND003817,45.4,M,East Asian,East Asian,,False,True,0.21069974662425653,9.902930749707368e-08,0.42543442541371845,0.36381338419500303,5.234473771440023e-05,-1.2330795623396498
IND003818,85.0,F,South Asian,European,,False,False,0.24311312159992451,0.005581296299141998,0.015804133328360958,0.7347432363832981,0.0007582123892743139,-1.1650123135891173
IND003819,47.8,M,European,European,African,True,True,0.3414827264371098,0.3508678489411116,0.0019045725091432712,0.3037129119340521,0.0020319401785829755,0.9249043934773546
IND003820,83.8,M,American/Indigenous,American/Indigenous,,False,True,0.23326745361399887,0.17800780810158284,0.0030065522315534895,0.02641672115930323,0.5593014648935616,0.20462866138024574
IND003821,43.5,F,South Asian,South Asian,European,True,True,0.14102819578401296,0.29864468580180403,0.22412700440424643,0.3309956984632821,0.005204415546654587,-0.16771275433064403
IND003822,49.5,M,European,European,,False,True,0.0341758954116023,0.7302777148815105,0.018225094514686322,0.13245690748209302,0.08486438771010779,0.9266183570179538
IND003823,32.4,M,East Asian,East Asian,,False,True,0.02354316380005731,0.15417157203005355,0.7228968503550564,0.0993845829411172,3.830873715713276e-06,-1.209562089341696
IND003824,29.0,M,American/Indigenous,American/Indigenous,European,True,True,6.913573650975886e-06,0.2788317784549528,0.1597242642586587,0.0037024264472986417,0.5577346172654389,0.7698535849647214
IND003825,57.4,F,European,European,,False,True,0.13974663477734178,0.6719176186561674,0.09177515905911406,0.09526967075362716,0.0012909167537494847,-1.1151184938414123
IND003826,56.1,M,South Asian,American/Indigenous,,False,False,0.16198377469385913,0.0011504087912654372,0.057951367232780104,0.45243309567338535,0.32648135360870995,-1.008342829570676
IND003827,79.9,M,African,African,East Asian,True,True,0.7035763569702868,0.00126126331297797,0.27399724439270695,0.02108276264192333,8.237268210489819e-05,0.3025415797648885
IND003828,57.9,M,South Asian,South Asian,East Asian,True,True,6.699522485518415e-06,0.006099599642655312,0.33716450806778225,0.6403276310905227,0.016401561676554186,0.6068863585007245
IND003829,34.0,M,South Asian,South Asian,European,True,True,4.127483204180187e-05,0.3104712427731048,0.004196348056770901,0.4851289698564236,0.20016216448165888,0.38716027180694845
IND003830,53.7,M,African,African,,False,True,0.6475784418050744,0.0012038739529802293,0.1122090965674304,0.010478034401797232,0.22853055327271773,1.388333972892867
IND003831,25.4,F,European,European,South Asian,True,True,0.0021417761973920634,0.4884538719065626,0.10149986548921704,0.3091452721250654,0.09875921428176297,0.43244133068655016
IND003832,68.4,F,African,African,,False,True,0.4523836065380141,0.42270359157031184,0.09383586960794198,0.030953786295631766,0.00012314598810026325,-0.3758567047696775
IND003833,78.7,M,East Asian,South Asian,,False,False,0.0325713822421518,0.008774527175580468,0.7732780736170455,0.09475758351958376,0.09061843344563841,-2.015789453838326
IND003834,51.9,M,South Asian,South Asian,,False,True,0.0002328060397193024,0.138836996260684,0.00015847563305942768,0.6977323193402636,0.1630394027262738,0.1541343832162156
IND003835,22.2,M,European,European,East Asian,True,True,0.1360809873251931,0.5044861719300424,0.3363228190369848,0.00023480818074546737,0.022875213527034192,-0.35619642543447855
IND003836,33.1,F,South Asian,South Asian,East Asian,True,True,0.0020545924249255523,0.0809415937858052,0.2926700120439144,0.42415922848449655,0.20017457326085836,0.17469872373258785
IND003837,74.7,F,East Asian,East Asian,,False,True,0.05781773583720773,0.11671727743183377,0.7401428335823294,0.014771819034079913,0.07055033411454927,-0.6017407648815778
IND003838,73.5,F,European,European,,False,True,0.0009984397854132007,0.5586246307470178,0.09254517620666614,0.07707744570883976,0.27075430755206287,0.22131902038489648
IND003839,23.4,M,American/Indigenous,American/Indigenous,East Asian,True,True,0.18892921213604022,0.004159143970724394,0.3046847663829925,4.717474527140517e-05,0.5021797027649716,-0.6142385200902029
IND003840,53.7,M,African,African,,False,True,0.6135508380022898,0.004533450564431999,0.3805360864718649,0.0013424991244088585,3.7125837004367374e-05,1.9025138593286672
IND003841,65.9,M,East Asian,East Asian,,False,True,0.0040796042265564955,0.1766726522973049,0.573243008945354,0.16423273619045875,0.081771998340326,-1.227006273722726
IND003842,61.3,F,African,African,European,True,True,0.30754042451899516,0.30069872896377203,0.25450015787442015,0.019457390993158914,0.11780329764965372,-1.0146233790864625
IND003843,64.8,F,South Asian,South Asian,East Asian,True,True,0.14689493093304484,0.05675450681478579,0.33488341500248475,0.45865938186393573,0.002807765385748859,-0.22953792022758562
IND003844,26.4,M,South Asian,South Asian,,False,True,0.05701483124400966,0.01269669185504069,0.029417249107330408,0.7237687425973164,0.17710248519630276,0.8207515717871442
IND003845,72.8,M,African,African,,False,True,0.5285664689508149,1.9297046552641383e-06,5.734452210704735e-07,0.07526823508337888,0.39616279281592975,0.2823707703103844
IND003846,60.1,F,South Asian,South Asian,,False,True,0.15271039826955687,0.11093859307833191,0.0593497411440969,0.3547892055635074,0.32221206194450686,-1.2565111971040364
IND003847,85.0,F,South Asian,South Asian,,False,True,0.009757371251944652,0.17357956786055248,0.11631597104743731,0.6233659513970252,0.07698113844304026,-0.2688510984951584
IND003848,79.3,F,South Asian,South Asian,,False,True,0.05658939517725259,0.000159651078919133,0.1729299823295979,0.6421065597865835,0.1282144116276469,-0.17694149445443735
IND003849,62.1,M,European,European,,False,True,0.045118750470455056,0.5837791654917549,0.3230966863333387,0.04800524383566007,1.5386879122228683e-07,0.5073330207815252
IND003850,28.2,M,European,South Asian,,False,False,0.00366778025789286,0.9331714941572976,3.3224752337491034e-06,0.05204329116199972,0.011114111947576005,1.1343949402820357
IND003851,84.2,M,East Asian,American/Indigenous,,False,False,0.00012561862308768925,0.08615325381506131,0.4782135855600127,0.19094720057494816,0.24456034142689004,0.5475172211901007
IND003852,75.2,F,European,European,,False,True,0.0022662245876061107,0.8979764538017869,0.09050015229881542,0.0017436340899068478,0.007513535221884668,0.5129778219447291
IND003853,77.6,M,East Asian,East Asian,,False,True,0.042306046626583736,0.20375847625652346,0.6907469430669332,0.05556054068798021,0.00762799336197934,-0.04551271459943085
IND003854,80.2,M,East Asian,East Asian,European,True,True,0.0007405506731584585,0.2549692877794243,0.4735308011594328,0.16038457176479645,0.11037478862318796,-0.09622355339152727
IND003855,39.0,M,South Asian,South Asian,,False,True,0.0017912788538595231,0.0009504081520465139,0.42894533575604993,0.5623628922221287,0.00595008501591526,-0.16644005086774488
IND003856,85.0,F,South Asian,South Asian,,False,True,0.10666316017451051,0.004721367255534356,0.03789607846700921,0.7787544752785354,0.07196491882441051,0.7736312091874848
IND003857,75.3,M,South Asian,South Asian,,False,True,0.0020563853345953935,0.008414124778645712,0.030991248033424415,0.9532782449726545,0.0052599968806800595,1.3359075215630465
IND003858,59.9,M,African,African,South Asian,True,True,0.5382783157583539,0.02690502110088037,0.011259293726658763,0.42312651772361404,0.00043085169049275537,-0.3295148434044635
IND003859,43.4,F,European,European,,False,True,1.5686605388784688e-06,0.7775418869088024,0.20235215872137013,0.01982615363587,0.000278232073418495,0.345085281307146
IND003860,77.7,M,European,European,,False,True,0.0010555570176759407,0.5627233666053973,0.18538716559633311,0.0047469784924333925,0.24608693228816023,-0.4018082307238783
IND003861,62.6,F,African,African,,False,True,0.909401916859651,0.0797356734580902,0.0003506211593119533,0.009436213412140343,0.001075575110806674,0.08814819177443367
IND003862,36.7,F,African,African,,False,True,0.8566235153156171,0.01326265508567047,0.007676813520504972,0.048788899530215556,0.07364811654799192,0.5089264904395576
IND003863,22.0,M,East Asian,East Asian,,False,True,0.0212980980263916,0.01453113965736621,0.667383408716466,0.23321616722114813,0.06357118637862824,-2.0612821757477278
IND003864,43.7,M,East Asian,East Asian,,False,True,0.15290694102589533,0.15326740458719626,0.6452790107099712,0.036995021014511444,0.01155162266242563,-0.8016020598973819
IND003865,75.5,F,European,European,American/Indigenous,True,True,0.08308829325481913,0.6336436975051293,0.019405016890456487,0.007942165232607401,0.2559208271169878,-1.123938847331502
IND003866,23.9,M,East Asian,East Asian,,False,True,0.006849757222890475,0.08889582101484896,0.7280523332138041,0.16572271976226743,0.010479368786189004,-0.13854811881553802
IND003867,32.2,M,European,European,African,True,True,0.46409152037910417,0.4771738028683287,0.028621319220039278,0.029711975923292114,0.0004013816092358506,-0.2276169666744685
IND003868,79.3,F,South Asian,European,,False,False,0.04115787710312769,0.15557682632305392,0.013996800618823095,0.787858673454459,0.0014098225005361792,1.2679245609478653
IND003869,70.5,M,European,American/Indigenous,,False,False,0.014711062318076524,0.7090773827814383,0.07300608999997617,1.1116556006990113e-05,0.20319434834450215,0.40925014420477174
IND003870,52.1,M,American/Indigenous,American/Indigenous,,False,True,0.027044063939336435,0.0006713677975146602,0.006187649366658231,0.11094895961324032,0.8551479592832504,-0.07048702060929918
IND003871,31.4,M,East Asian,East Asian,European,True,True,0.00023098359112549302,0.44635475324912954,0.5326281866897061,0.02046166114186845,0.00032441532817031416,2.0388131221307404
IND003872,39.3,F,South Asian,South Asian,American/Indigenous,True,True,0.03683694326691677,0.021446718357305248,0.25845378868000085,0.3771264601438346,0.30613608955194244,-0.6345314247963506
IND003873,61.5,M,American/Indigenous,American/Indigenous,,False,True,0.20694226592851908,0.00014242781797897027,0.009894062224942842,0.15002567503894856,0.6329955689896107,-0.15420058958449356
IND003874,66.7,M,European,European,East Asian,True,True,0.007576639128758152,0.5780047134539061,0.41021673074374654,0.0041506244281504685,5.1292245438826404e-05,-0.07004814818245547
IND003875,85.0,F,South Asian,South Asian,,False,True,0.10482068144281717,0.05360004898526764,0.2038522392013624,0.601296901082521,0.03643012928803178,1.0802356269097506
IND003876,41.1,M,African,Other/Unknown,,False,False,0.7350852545807928,0.07621617301610284,0.11825125841467417,0.06601908256640028,0.004428231422030003,0.5722444065524182
IND003877,73.2,M,South Asian,South Asian,East Asian,True,True,0.01371565388766021,0.13594460683698803,0.26522951911393344,0.5851102004376899,1.97237284063559e-08,0.9006011038864384
IND003878,55.4,F,European,European,,False,True,0.20904790293448677,0.72186315714563,0.00021580960629533996,0.0685296803622388,0.00034344995134898213,2.172465638812278
IND003879,72.1,M,African,African,,False,True,0.7046811082626052,0.05700737095439425,0.17841757856594007,0.05987013377386238,2.3808443198097142e-05,0.5308428141586502
IND003880,70.8,F,European,European,,False,True,0.21730491391189313,0.7373564328663744,0.00058012708934111,0.002811571969606472,0.041946954162784995,-1.1152238992385524
IND003881,62.8,M,South Asian,South Asian,European,True,True,0.0019103514070468865,0.34917041665939486,0.0033951904098883973,0.42985460503879463,0.21566943648487527,0.9643126038143284
IND003882,43.4,F,South Asian,South Asian,,False,True,0.2997153408021654,0.1526831822541982,0.049233299599527665,0.467816806901769,0.030551370442339697,1.3225870615738322
IND003883,79.7,F,South Asian,South Asian,,False,True,0.0009161734745025237,0.04343139975386207,1.7071443454895098e-07,0.8366323924763701,0.11901986358083089,-0.754510564792283
IND003884,58.4,F,American/Indigenous,American/Indigenous,European,True,True,0.04667223453807989,0.4276971162683793,0.07159220306685248,0.0053757182809006316,0.44866272784578765,1.3621640150212844
IND003885,35.9,M,South Asian,South Asian,,False,True,0.012235910986039582,0.023546712319837033,0.01276804238759618,0.9084368651743523,0.04301246913217488,1.9173831555237635
IND003886,84.3,M,American/Indigenous,American/Indigenous,,False,True,4.653697447994926e-06,0.017782234352745976,0.0006466575632686583,0.007433335797619966,0.9741331185889174,0.11618908114864401
IND003887,51.2,F,South Asian,South Asian,,False,True,0.06988158625452182,0.0603713491205861,0.19423478392938676,0.6755105082153284,1.772480176902679e-06,-1.0826671468208686
IND003888,35.5,F,South Asian,South Asian,,False,True,5.913905910561103e-06,0.06388886029978122,0.1393174318123601,0.5499350227833284,0.24685277119861965,-0.5867486172195667
IND003889,34.0,M,South Asian,South Asian,,False,True,0.00025681625156150203,0.19751475373844551,0.2136617633466644,0.4567708406838246,0.13179582597950384,-0.731798129550846
IND003890,30.4,F,South Asian,African,,False,False,0.009399398683908504,1.542133205193501e-08,0.0001428386349542667,0.9631437760888241,0.02731397117098119,0.09563611384393689
IND003891,80.6,F,East Asian,East Asian,European,True,True,2.1258177944751536e-05,0.4720197658609057,0.49478410472431306,0.03317224853228721,2.622704549294262e-06,-0.22477367123820147
IND003892,55.2,F,South Asian,South Asian,American/Indigenous,True,True,0.0020414506412127905,0.0031489889572485874,0.07832099806517065,0.5613851163638763,0.35510344597249166,1.6263810352359707
IND003893,25.0,F,East Asian,East Asian,,False,True,0.3624046636311299,0.00020905513139645414,0.6362180531129094,0.0011095533569885365,5.867476757599553e-05,-0.04252446096722112
IND003894,68.3,M,American/Indigenous,American/Indigenous,,False,True,0.10628306299969242,0.0449813163982279,0.016889158261530254,0.08299727211649437,0.748849190224055,-0.6113375347894817
IND003895,47.3,M,South Asian,South Asian,,False,True,3.150873263927636e-07,0.14898835257994025,0.001725584627289471,0.7904606968141457,0.05882505089129819,1.7710177704811634
IND003896,69.6,M,European,European,South Asian,True,True,0.0029405794974706506,0.6085936184483238,0.04825215997190772,0.31919979964129946,0.021013842440998253,0.911432762409886
IND003897,49.2,F,South Asian,Other/Unknown,,False,False,0.011461448587527439,0.11522404491123558,0.23173424686957467,0.35189307387323376,0.2896871857584285,-1.229446844146965
IND003898,45.4,F,American/Indigenous,American/Indigenous,,False,True,0.15049989809617145,0.0006583802972664937,0.003528321730187708,0.022883215274779923,0.8224301846015944,0.41288311148111917
IND003899,46.5,M,European,European,,False,True,0.003103350962325646,0.8298452438506863,0.018183295113997078,3.991561635060726e-06,0.14886411851135598,1.2909523461186798
IND003900,73.9,F,European,European,American/Indigenous,True,True,0.07318030483651589,0.6607713012476963,0.0009591906884045825,0.008535760586802821,0.2565534426405804,-1.1410568021059646
IND003901,44.4,F,East Asian,East Asian,European,True,True,0.0001400429156933635,0.44489396266847764,0.5098082648419278,0.021253186175099085,0.02390454339880215,0.422383060052395
IND003902,35.2,M,South Asian,South Asian,,False,True,0.22925728878681736,7.7772990619371e-06,0.028351375604770385,0.3792431845432192,0.363140373766131,1.0369314545629562
IND003903,51.7,M,American/Indigenous,American/Indigenous,European,True,True,0.004514453717540352,0.43285431289101506,0.0008607559749919731,0.11446326396007273,0.44730721345637997,1.8125074348279222
IND003904,79.5,M,South Asian,South Asian,,False,True,4.906955512843639e-05,0.024596032668409287,0.0004849903167059417,0.9728720335777936,0.001997873881962922,1.673349427401131
IND003905,33.8,M,American/Indigenous,European,,False,False,0.002646671295723237,0.26059727947300326,0.07710643828787306,0.03203241247109486,0.6276171984723055,-0.2521827561940877
IND003906,61.3,F,African,African,,False,True,0.7500965586342405,0.09227594570489407,0.12934081116904275,0.025246095367787717,0.0030405891240350524,-0.0987185097881246
IND003907,27.7,M,African,African,,False,True,0.618258464839591,0.13938711474444243,5.502740833807721e-11,0.005957627936502225,0.236396792424437,1.7008668436369034
IND003908,75.1,M,American/Indigenous,American/Indigenous,South Asian,True,True,0.00015375612498842316,4.4845512640936843e-05,1.0706414773136765e-10,0.48514920893756547,0.5146521893177408,0.9152327309475194
IND003909,18.4,M,East Asian,East Asian,African,True,True,0.3216428812074599,0.0010770159643098789,0.6070479477863778,0.017634014604562997,0.05259814043728954,0.17830827920802156
IND003910,73.7,M,South Asian,South Asian,,False,True,0.030906725032358084,0.057454398517644195,0.05241488248839641,0.8592155511725139,8.442789087510702e-06,0.28171599566687794
IND003911,52.1,F,East Asian,East Asian,European,True,True,0.0005848531172668004,0.27011274893953935,0.6982627128621444,0.010658545080570802,0.020381140000478637,-0.36378248269726
IND003912,41.0,M,South Asian,South Asian,East Asian,True,True,9.390218814663172e-05,0.0189553191440606,0.2876979869388841,0.6919855172285255,0.0012672745003832742,-0.2645470214237928
IND003913,54.3,M,American/Indigenous,American/Indigenous,African,True,True,0.30641501118381664,0.002178764876390596,0.05063588967164479,0.006192556786163258,0.6345777774819847,0.2535382615239822
IND003914,22.6,M,South Asian,South Asian,,False,True,0.035960942171850356,0.04183711633632761,0.04298287890380036,0.7108682974579245,0.1683507651300972,1.9300812280566144
IND003915,18.1,M,South Asian,South Asian,European,True,True,0.21430924578004884,0.3144239816956348,0.02011030238294601,0.36850618279373343,0.08265028734763698,1.3358043602320815
IND003916,32.5,M,European,South Asian,,False,False,0.02738463821811256,0.5351862313973161,0.2113222574079193,0.11270046872394808,0.11340640425270372,-0.06940994765082614
IND003917,41.6,F,South Asian,South Asian,,False,True,3.9810999026480757e-05,0.01266943231944157,0.10398945735352107,0.883301263525265,3.5802746032703973e-08,0.8630245009620564
IND003918,18.0,F,African,African,,False,True,0.6124999086950831,0.006592861706238989,0.27898294002350665,0.10179279370951355,0.00013149586565777477,-0.42024289123760433
IND003919,30.8,M,European,European,,False,True,5.8578117073798634e-05,0.9404804547158503,5.531414027351425e-06,0.005158520359413555,0.054296915393634904,0.9338273927125798
IND003920,18.0,F,African,African,,False,True,0.5890782983827115,0.019676243343336175,0.38967650495961875,0.0012856267994062094,0.0002833265149273928,-0.07824281635510988
IND003921,76.4,F,African,African,,False,True,0.6668092834083268,0.00037546980727042414,0.245734026014106,0.08542164741359123,0.0016595733567054808,-1.4210544629816564
IND003922,36.3,F,European,European,,False,True,0.02008647574002149,0.534818722040762,7.03162446579839e-06,0.3284578660046958,0.11662990459005494,1.4083699052396648
IND003923,39.4,F,South Asian,South Asian,,False,True,5.5895621026542955e-05,0.16185430968969303,0.029957874833421785,0.6408737970754501,0.16725812278040852,1.1886676090728838
IND003924,29.7,M,South Asian,European,,False,False,3.5391939027871046e-05,0.015327423239523508,0.004138765625654597,0.9454167786576095,0.035081640538184355,-0.3288488398846453
IND003925,20.1,M,East Asian,East Asian,European,True,True,0.01636131166145099,0.40142841485137476,0.5130591026793777,0.0671274423185936,0.0020237284892030975,-2.422033983283347
IND003926,47.8,M,European,European,,False,True,0.0490442449188805,0.5889463726887434,0.010491617341812686,0.30253308805354,0.04898467699702352,1.488757830468287
IND003927,18.0,F,European,European,,False,True,0.023390766954896478,0.8675761484043193,0.06125921377050252,0.004242300231159167,0.043531570639122545,-0.4491163379971246
IND003928,50.4,F,South Asian,South Asian,,False,True,0.005107714283127655,0.000918646356559642,0.004222718168885497,0.9428335327520805,0.0469173884393467,0.6358065763610955
IND003929,41.5,F,South Asian,South Asian,,False,True,0.025895255741689868,0.04618288310612959,0.000379153049000994,0.9269778036276263,0.0005649044755532334,0.4174089036859881
IND003930,32.6,F,American/Indigenous,American/Indigenous,,False,True,0.02749450453418986,0.03933095651849789,9.284075256673218e-05,0.397289650682398,0.5357920475123474,-0.19462103940083708
IND003931,73.1,M,European,East Asian,,False,False,0.0714607289656405,0.8242858572691593,0.01681266891665413,0.01905969812615959,0.06838104672238664,0.05410032267471776
IND003932,81.4,F,South Asian,South Asian,,False,True,0.2576985425865674,0.06138970869534366,0.19813387343057873,0.46691246044275764,0.015865414844752634,-0.6954273287621343
IND003933,57.5,M,African,South Asian,,False,False,0.9162885377413357,0.027298579556985104,3.960263711878196e-06,0.03608682943174233,0.0203220930062251,-0.9180634308868023
IND003934,41.7,F,South Asian,Other/Unknown,,False,False,0.06001977534274149,0.3060541941714581,0.288860861455181,0.3243201788145608,0.02074499021605874,0.07428948608165535
IND003935,52.7,M,African,East Asian,,False,False,0.4238000204479329,0.0029254561592635476,0.2168612712110782,0.001230011382928604,0.35518324079879676,0.5262077081986106
IND003936,31.9,M,African,African,,False,True,0.45714980392110083,0.19601157432346364,0.08246974616467871,0.03147251940604913,0.23289635618470766,0.42324630956710985
IND003937,66.4,F,African,African,,False,True,0.5534275806617456,3.758851942063587e-06,0.003075789228254722,0.1417524665758058,0.301740404682252,-0.36561887175751395
IND003938,62.7,F,South Asian,South Asian,,False,True,0.034452847162222355,0.019868397763755662,0.21821667966643452,0.7262324398904967,0.001229635517090882,-0.23830132670404774
IND003939,47.0,F,East Asian,East Asian,,False,True,0.004452148370217797,0.00023967408985250952,0.9655391528354744,0.02912829456172217,0.0006407301427330984,0.10067254748168586
IND003940,75.0,M,European,European,,False,True,0.001426446307537032,0.6214048153440982,3.192763154826291e-05,0.3770801308905366,5.667982627988565e-05,-0.35984150950304356
IND003941,78.9,M,South Asian,South Asian,European,True,True,0.15337625565805793,0.33103453767221225,0.062378891463265286,0.4112518714990262,0.041958443707438405,1.0413330998640866
IND003942,59.6,F,European,European,,False,True,0.005860722103294503,0.9715165801581733,0.001124513634649834,3.3333044792412686e-05,0.021464851059089962,1.9386544490417355
IND003943,30.8,M,East Asian,East Asian,European,True,True,0.0184832579453695,0.3373939498902528,0.5518885424439606,0.0004479911244811444,0.09178625859593599,0.08994344165088541
IND003944,69.8,F,South Asian,American/Indigenous,,False,False,0.05987286767174938,8.520650437484013e-07,0.0161812381781629,0.5785756934044672,0.3453693486805768,-0.7166071448083375
IND003945,39.6,F,European,European,,False,True,9.36272926482511e-05,0.8877301576875266,0.10256333349092255,0.0018870074418986522,0.007725874087003922,-0.1072794502656772
IND003946,55.9,M,South Asian,South Asian,,False,True,0.0017903840445334454,0.0027952777125696982,0.27967593603262036,0.4326624502862008,0.2830759519240757,0.07489077626641123
IND003947,19.0,M,European,European,African,True,True,0.31260095948458794,0.3555579121591696,0.10680280027095267,0.22501298882951679,2.5339255772894146e-05,1.1575616731282732
IND003948,58.4,F,American/Indigenous,American/Indigenous,,False,True,0.1827456443848091,0.0066134495646498325,0.001013819975794698,0.06417441729430422,0.7454526687804423,0.7235386172775571
IND003949,20.3,F,European,European,,False,True,0.002720781391045952,0.7538462039868604,0.19493100394564172,9.37092942081508e-05,0.04840830138224382,-0.9002010516212567
IND003950,27.4,F,South Asian,South Asian,,False,True,0.09366662053946238,0.042893184841873086,0.0011014256635659807,0.5979117581683668,0.26442701078673175,0.4410856159064844
IND003951,21.6,M,African,African,,False,True,0.6690907886162011,0.08416968781889805,0.09967698938548356,0.1468188067030138,0.0002437274764035611,-1.014627063841547
IND003952,55.9,F,South Asian,South Asian,,False,True,0.12792280436429293,0.14043264757498,0.02791518570332551,0.549982542771664,0.15374681958573744,0.5905751119458926
IND003953,33.5,M,European,European,,False,True,0.038886340434721035,0.5885200220540001,0.09261623090654231,0.26930641246214754,0.010670994142589065,1.88962750230189
IND003954,58.3,M,East Asian,European,,False,False,0.03812964982988881,0.31388393031257594,0.4709045585907796,0.05571995322380608,0.12136190804294968,0.6569207886241099
IND003955,36.5,F,African,African,,False,True,0.4175882393896592,0.00042375488990825406,0.2356503344188112,0.2712494485943687,0.07508822270725249,0.06295414612220365
IND003956,74.3,M,African,African,,False,True,0.46476467699199664,0.0004652748299875801,0.2745460341685933,0.24261469977405,0.01760931423537261,-0.5727242640822454
IND003957,63.6,F,European,European,,False,True,0.003750779702776437,0.5294854853757989,0.28720758533098295,0.16736568834190532,0.012190461248536224,1.0510270662035228
IND003958,59.5,F,American/Indigenous,American/Indigenous,,False,True,0.19239893987980922,2.4796921065481743e-05,0.13810368445502963,0.24832277097094038,0.4211498077731553,0.5658809579806818
IND003959,57.5,M,South Asian,European,,False,False,0.05502737791433421,0.3598636138750396,0.002202530661316372,0.5466529651456038,0.03625351240370596,1.3728192199592
IND003960,85.0,M,East Asian,South Asian,,False,False,0.044515185381387955,0.03287876143230354,0.36229694387074024,0.3347920527264182,0.2255170565891501,-1.1328840963694662
IND003961,18.0,M,African,African,European,True,True,0.47489767199137706,0.4738968832058033,0.03285282756364105,0.0008878348772733921,0.017464782361905167,1.798184623768894
IND003962,75.2,M,East Asian,East Asian,South Asian,True,True,2.0161544544150276e-07,0.0002474623775155211,0.5705857849618391,0.4265351259041318,0.0026314251410682744,-0.4406361852170287
IND003963,37.9,F,American/Indigenous,American/Indigenous,South Asian,True,True,3.0171194492317156e-06,0.060535338632076434,0.00019083326216439,0.44347179285174304,0.495799018134567,0.23681805174637893
IND003964,64.0,M,South Asian,European,,False,False,0.0228988798582802,0.4428858878395499,1.412098903991977e-09,0.46472685717287743,0.06948837371719344,1.3820467056267465
IND003965,69.4,F,East Asian,East Asian,South Asian,True,True,0.028345993414284926,0.0038585616760372014,0.562898424073885,0.3629637724772182,0.04193324835857457,-3.150888699498613
IND003966,69.9,M,African,African,,False,True,0.6815316447667281,9.434631113735408e-06,0.08756730072910392,0.2306955573604978,0.0001960625125563221,-0.6591864445379609
IND003967,77.6,M,African,African,East Asian,True,True,0.38341502014632783,0.0051503815894890954,0.3115384442224909,0.2008213496328914,0.09907480440880088,0.3113694242425463
IND003968,80.5,M,American/Indigenous,South Asian,,False,False,9.76810187752898e-06,0.0011754904833319658,0.013154831735830607,0.23080955001517753,0.7548503596637823,-0.020960235656532045
IND003969,21.1,M,African,African,American/Indigenous,True,True,0.46528323988822173,0.024553720567487922,0.18044148400612506,0.0003312372797904776,0.32939031825837467,-0.7318245054556338
IND003970,27.6,M,American/Indigenous,American/Indigenous,South Asian,True,True,2.374222283268557e-05,0.20732295459968392,0.02231072370157593,0.29496202819947165,0.4753805512764357,0.28012416357531916
IND003971,34.5,F,American/Indigenous,American/Indigenous,,False,True,0.1879971184197073,0.007263614711152067,0.002683747993891323,2.398846403836118e-05,0.802031530411211,-0.09243973609049308
IND003972,64.4,M,European,European,,False,True,0.07136520982714221,0.5607789385767143,0.03550188925915692,0.2979147990214,0.034439163315586434,0.22917521929418136
IND003973,36.5,M,American/Indigenous,American/Indigenous,South Asian,True,True,0.019437629238465853,0.034347873307798524,0.005699561417617923,0.4303727371121445,0.5101421989239732,1.151683543601944
IND003974,46.8,M,African,African,,False,True,0.7277582339563726,0.007991668600020168,0.26300671055926655,0.00014739575808816048,0.0010959911262523844,0.33351038511566067
IND003975,72.8,F,American/Indigenous,American/Indigenous,South Asian,True,True,8.904063543865756e-05,0.05888942799978448,2.9111228687038585e-05,0.41165570152508735,0.5293367186110025,1.8862130539048425
IND003976,40.0,F,African,African,East Asian,True,True,0.6080537369239504,0.044150176788088594,0.32645972015723734,0.007333829691242839,0.014002536439480863,-1.941661735581928
IND003977,38.0,F,American/Indigenous,American/Indigenous,,False,True,8.882217167871694e-06,0.0006592814353837798,0.0013835929979045512,0.09054232491099662,0.9074059184385472,0.7165387784598274
IND003978,47.4,F,American/Indigenous,African,,False,False,0.08222823902488893,0.14157285149367316,0.0016777950727971985,0.031123799677814132,0.7433973147308265,0.6441076769695813
IND003979,81.0,F,South Asian,South Asian,,False,True,0.013137878847847175,5.3075902397559215e-06,0.0045315164203617656,0.9767981441053551,0.00552715303619615,-1.1096610276545573
IND003980,18.0,F,European,European,African,True,True,0.3325072450374444,0.4337097576300247,0.028403543318711852,0.18604653531724655,0.019332918696572537,0.7453901180422928
IND003981,72.2,F,South Asian,South Asian,,False,True,0.18482184635229634,4.310201502302023e-10,0.3042614131441451,0.49739446104436214,0.013522279028176182,0.5404320333535467
IND003982,80.2,M,South Asian,South Asian,,False,True,0.0017681088291588722,0.11273674704892034,9.311455347214495e-06,0.7029457276621576,0.182540105004416,-0.6180686876723229
IND003983,73.6,F,South Asian,South Asian,,False,True,3.75507621653232e-05,0.23371607349984036,0.14321375213390972,0.538712563824362,0.08432005977972244,-1.1898074057588515
IND003984,39.4,F,European,European,East Asian,True,True,0.08880986276442844,0.5593264772750275,0.30914510561924863,0.03135534404438886,0.011363210296906661,1.0572754748283084
IND003985,25.0,F,South Asian,South Asian,,False,True,0.17730787631750997,0.11991148760982764,0.00011675511981019826,0.6568581924622908,0.04580568849056132,0.608392683551953
IND003986,18.0,F,European,Other/Unknown,,False,False,0.002729904512262454,0.8993845567888279,0.0005427647887073949,3.0674424003409604e-05,0.09731209948619876,-0.9181968467904891
IND003987,46.9,F,African,African,,False,True,0.46528114875885185,1.0946059121421632e-05,0.03212802588807683,0.24541469737994193,0.25716518191400795,0.34696402113603525
IND003988,47.5,M,East Asian,Other/Unknown,,False,False,0.061385637496224645,0.00537489855944509,0.5643736523420753,0.08882793501482411,0.28003787658743085,0.14884800357574635
IND003989,48.6,F,East Asian,East Asian,,False,True,0.09741778770700905,0.08436595991958275,0.660194646973967,0.13241253992752813,0.02560906547191315,0.14102660599776662
IND003990,72.8,F,European,European,African,True,True,0.26420341255273483,0.7000365871650143,0.031879232987581156,1.6578064091300982e-09,0.0038807656368635484,0.7962685071867677
IND003991,28.4,M,European,South Asian,,False,False,0.01719889141063403,0.4986325397014153,0.048669891742092374,0.2930402529186119,0.14245842422724644,-0.40239952706003307
IND003992,77.4,M,European,European,,False,True,0.046870865432119574,0.8909264732138695,0.0020002193438179035,0.05907332714237894,0.0011291148678140722,1.6096677282805896
IND003993,60.3,M,South Asian,South Asian,East Asian,True,True,0.22935661447918484,0.0040954081628415615,0.2760959844585199,0.3772699200411345,0.11318207285831916,-2.688770814596263
IND003994,48.9,M,East Asian,East Asian,,False,True,0.12398951414055853,0.012015643971113092,0.8606710887370573,1.3376138794956917e-07,0.003323619389883137,-1.2274505507853117
IND003995,56.2,M,American/Indigenous,American/Indigenous,,False,True,3.25060220773117e-05,0.008146536192981061,0.05499803892216135,0.1487153855727911,0.7881075332899892,-0.228428472581003
IND003996,77.7,M,East Asian,Other/Unknown,,False,False,0.012087810937825271,0.001988409864070316,0.928606487063368,0.0005706475961820999,0.056746644538554145,-0.5978659238098619
IND003997,68.3,F,South Asian,South Asian,,False,True,0.001586067622598095,0.07075583274708971,0.0015353493426015058,0.9128295371421189,0.013293213145591775,1.7975781483972126
IND003998,64.4,F,American/Indigenous,South Asian,,False,False,7.372302945150112e-08,1.5801752441688434e-05,0.015732516278845168,0.09728528228703956,0.8869663259586441,0.3836304902920415
IND003999,24.3,M,European,European,,False,True,0.06818045451222775,0.912579667895072,1.797129458108866e-06,0.018705212442981692,0.000532868020260156,-0.5282277941768951
IND004000,80.7,F,African,African,,False,True,0.9798000277912606,0.0012116611565614439,0.0021949981757655368,0.01659631484751287,0.00019699802889959904,-0.8071300698515196
IND004001,22.4,F,African,Other/Unknown,,False,False,0.6782766901580666,0.0020339713788164304,0.30683367152326513,0.0003617325941569462,0.012493934345694891,-1.3314936407152156
IND004002,38.2,F,American/Indigenous,East Asian,,False,False,0.003431102219819887,0.005757406845101598,0.2282520307689863,0.04310987077820577,0.7194495893878864,0.8292885615480681
IND004003,40.0,F,European,European,American/Indigenous,True,True,0.0468793433471179,0.3242289332707367,0.14015765090525048,0.23015111306200192,0.25858295941489284,-2.0564874294292412
IND004004,80.8,M,American/Indigenous,American/Indigenous,,False,True,0.1253129659389388,0.000170701456782,0.009732980700836323,0.021889776322885576,0.8428935755805572,1.4217059562915115
IND004005,40.7,F,South Asian,South Asian,African,True,True,0.25714376299639435,0.23719891754694677,0.009564402587169932,0.4551501223871464,0.040942794482342365,-1.346201061360734
IND004006,77.5,M,American/Indigenous,American/Indigenous,East Asian,True,True,0.09027328781070276,0.0018245873895936045,0.2899393437047,0.1542627648963407,0.463700016198663,1.2560487044730313
IND004007,74.3,M,American/Indigenous,American/Indigenous,European,True,True,0.04866919006290168,0.2876052346585488,0.20009500592271523,0.056858791882103216,0.406771777473731,-0.44942752972395794
IND004008,48.8,M,East Asian,East Asian,,False,True,0.002947684299432347,0.08042662617936519,0.7515524802900926,0.16505523536255975,1.7973868550073404e-05,-0.5546067548082774
IND004009,74.1,M,American/Indigenous,American/Indigenous,African,True,True,0.3004538379672646,8.148093171737204e-05,6.916620207322833e-05,0.003924829591999013,0.6954706853069458,-0.7353115273508521
IND004010,30.4,F,African,African,South Asian,True,True,0.3409019382415807,0.12405827872754933,0.04798146192294452,0.30908994473242496,0.17796837637550036,-1.5410757702689992
IND004011,56.9,M,East Asian,East Asian,South Asian,True,True,0.0002531168861959462,0.16384124152493132,0.3739200122017668,0.2604633902608647,0.20152223912624137,0.09551062434462931
IND004012,43.0,M,African,African,,False,True,0.8385952052597178,3.2946407012808764e-05,0.08712932792462691,0.07412597856979541,0.00011654183884701509,-1.3142699161172382
IND004013,82.9,M,East Asian,African,,False,False,0.05783658808972532,0.059538798488730976,0.6796820277708477,0.20259144474351115,0.00035114090718455984,-0.3613546338527875
IND004014,70.2,M,East Asian,East Asian,,False,True,0.0005192122466776514,0.04334924780136899,0.8581704181042618,0.02063415396554336,0.07732696788214818,-1.0926879857211962
IND004015,63.4,M,East Asian,East Asian,,False,True,0.051953235196182286,0.08370997004818638,0.8627648691585262,0.0009594411045137682,0.0006124844925912618,-0.9961865607577882
IND004016,58.6,M,East Asian,East Asian,,False,True,0.00694873174932633,0.18808980814919227,0.5472423367731089,0.2517395563061461,0.005979567022226493,1.753806701478624
IND004017,36.8,M,American/Indigenous,American/Indigenous,,False,True,0.015487914501087335,0.19027205455108867,1.535480835590907e-05,6.456943057981468e-07,0.7942240304451622,0.5747476028033541
IND004018,44.2,M,South Asian,American/Indigenous,,False,False,0.0076506907474123845,0.0025449974101770276,0.0024247630497732683,0.920109071694283,0.06727047709835428,-0.46243395471264503
IND004019,64.0,M,South Asian,South Asian,,False,True,0.022284455469668896,0.0006966411304633516,0.0006134354898161883,0.8947455608824804,0.08165990702757114,-0.2376994419519623
IND004020,68.0,M,African,African,,False,True,0.9739227406643152,0.007773738979284717,0.003919095037851447,2.7199092607398025e-06,0.014381705409287838,-0.16577152799585065
IND004021,45.6,M,South Asian,South Asian,,False,True,0.2217679268606369,0.002153544764884914,0.09743511134443575,0.6664011107839891,0.012242306246053295,-0.9849226866665481
IND004022,70.7,F,African,African,,False,True,0.664483973316576,0.16391936006201743,0.13318840556753228,0.031651907540057554,0.006756353513816744,-2.2496765888623096
IND004023,65.1,F,African,African,,False,True,0.9895579860313133,0.0073382120987656955,2.0405580263189513e-05,0.00012869781740745684,0.0029546984722503555,-0.39943532331261733
IND004024,27.7,F,American/Indigenous,American/Indigenous,,False,True,0.09275227592292809,0.11008886524757468,0.04595250155730817,0.026362101450236448,0.7248442558219526,-0.8867015710995506
IND004025,69.3,F,African,European,,False,False,0.5343761880465844,0.14212719046883304,4.190666502707914e-05,0.16064138612021928,0.16281332869933623,-0.6446222092118629
IND004026,29.2,F,African,African,,False,True,0.5956425517823472,3.317261564959727e-05,0.012041575081233572,0.3908129012059582,0.0014697993148117597,-0.22707647083559201
IND004027,70.3,M,American/Indigenous,American/Indigenous,,False,True,0.005842507740066129,0.14200256654505236,0.08729932633629109,0.13518401807020822,0.6296715813083822,0.8848769532226737
IND004028,31.2,F,East Asian,South Asian,American/Indigenous,True,False,0.00544685494429739,1.1839269938480328e-07,0.3855672975849423,0.25473483425621285,0.3542508948218481,1.3654852769721195
IND004029,46.3,F,European,European,,False,True,0.04290332798671604,0.9313865549960839,0.024994938010996715,0.0007071937882688553,7.985217934460851e-06,-0.534065084009945
IND004030,41.7,M,East Asian,South Asian,,False,False,0.0026346923010116927,0.02519815058660621,0.6057959091080182,0.35405995738936424,0.012311290614999719,-1.369301979684307
IND004031,48.6,F,South Asian,South Asian,,False,True,0.00039550289202722536,0.10759346177875828,0.05118662250061195,0.8318425965871606,0.008981816241441976,0.2190701456956529
IND004032,41.9,F,African,African,,False,True,0.8173499152663993,0.024787760278257125,0.031116220099984365,0.11415653726617983,0.01258956708917933,-0.14869848800093427
IND004033,48.5,F,European,European,,False,True,0.014465377058350276,0.8554852018307759,0.000337720322684582,0.016553960279546573,0.11315774050864248,0.6288292942659649
IND004034,31.4,F,European,European,,False,True,0.014734530789223115,0.7427237639295143,0.029479282396107774,0.010444270877838429,0.20261815200731617,0.8337605007672115
IND004035,23.4,M,African,African,South Asian,True,True,0.4975230588838156,4.877515294019033e-11,0.011996844074571479,0.48584624128118137,0.004633855711656331,-0.45974361927758167
IND004036,24.7,M,East Asian,East Asian,,False,True,0.001021061307861921,0.10140703516417028,0.49961410275417845,0.015150503944612145,0.38280729682917725,-0.6072899342129623
IND004037,53.4,M,South Asian,European,East Asian,True,False,0.054733635994627626,0.05157624055597586,0.34437936180422735,0.5445089940673788,0.004801767577790397,-1.2160068277777636
IND004038,76.1,F,American/Indigenous,American/Indigenous,,False,True,0.17181210929731502,0.12576500917810532,0.023276254948048167,0.00016008611897435973,0.678986540457557,-0.027271309772543606
IND004039,53.5,F,African,African,,False,True,0.8702320137719918,0.004428288413192136,0.001087178911342611,0.06812476174606641,0.056127757157407115,-0.39332816831523953
IND004040,85.0,M,South Asian,South Asian,American/Indigenous,True,True,0.0006683015721758998,7.480426877469469e-05,0.0006209125532636474,0.7036908505129288,0.2949451310928571,-0.6896960780606254
IND004041,29.0,F,South Asian,American/Indigenous,,False,False,0.03301955700103075,0.029036420591449664,0.024646545282290155,0.6850145468367538,0.22828293028847582,0.4439385123008529
IND004042,28.5,M,South Asian,South Asian,,False,True,0.0004045112061615694,0.08043287492633575,0.40329366966191077,0.4982384170249534,0.017630527180638473,0.003735977451138753
IND004043,69.5,M,American/Indigenous,American/Indigenous,,False,True,0.008665810723293997,0.19575543624608582,0.009116404315400329,0.337894485081567,0.4485678636336528,-0.8556045997862866
IND004044,33.4,F,European,European,,False,True,0.0037576569085700567,0.9204218930861121,0.009049203304110891,0.06484575966411908,0.0019254870370878593,2.0769809336859675
IND004045,39.9,M,European,European,American/Indigenous,True,True,0.00014422668902681036,0.6159094728764306,0.0491193712388942,0.006013181479399549,0.32881374771624877,1.6551491584677134
IND004046,18.0,M,East Asian,East Asian,,False,True,0.006127516719621263,0.13416259418160742,0.8593686598943449,0.00028032237334479996,6.090683108161819e-05,-1.3643329902609975
IND004047,76.8,M,South Asian,South Asian,,False,True,0.0011239717569681642,0.00466880698615841,0.0015985178914477846,0.6369976010566172,0.35561110230880844,1.2941380870745047
IND004048,64.6,M,East Asian,East Asian,African,True,True,0.2817768030727428,0.0072067650259506726,0.6997692526868894,0.007204860115524002,0.004042319098893047,-0.3289552773999599
IND004049,34.2,M,American/Indigenous,European,,False,False,0.016258872602775927,0.39077269291957484,0.12371043803327246,0.0037641769147047843,0.465493819529672,-0.506338530279322
IND004050,18.0,F,African,African,,False,True,0.4514408926999628,0.00821275083722674,0.2947195855903792,0.0006585494476188479,0.24496822142481248,0.0817308807132889
IND004051,54.9,F,American/Indigenous,American/Indigenous,,False,True,0.07759557918423093,0.13154928049912878,0.000546458428086875,0.3044494544506723,0.4858592274378811,2.383379022688702
IND004052,71.9,F,East Asian,East Asian,African,True,True,0.36404820242381003,6.184152065351337e-14,0.4000308994787463,0.22802785054260855,0.007893047554773087,-2.030375315336476
IND004053,50.8,M,South Asian,South Asian,East Asian,True,True,0.10556567989009233,0.008260400586420413,0.4127030842973383,0.47144813214345027,0.002022703082698689,-0.4566387682799479
IND004054,29.7,F,East Asian,African,,False,False,0.11336842727558352,0.17973741483772704,0.6344788582557224,0.07147070047819477,0.0009445991527724539,-0.608449475406162
IND004055,31.2,F,South Asian,South Asian,East Asian,True,True,0.0006172220568471227,0.2453572365967379,0.26317934056485354,0.38225346279131533,0.108592737990246,0.9137707345943319
IND004056,62.1,F,American/Indigenous,South Asian,,False,False,4.5364805459094065e-08,0.13811857762178653,0.054825741713927026,0.17875096090707798,0.628304674392403,0.9357348903777921
IND004057,63.1,F,American/Indigenous,American/Indigenous,East Asian,True,True,0.00025486711771093576,0.0013584485618785183,0.44543820695887076,0.0005394671274622042,0.5524090102340775,1.3213662766394052
IND004058,46.9,F,American/Indigenous,American/Indigenous,European,True,True,0.03320181678406476,0.4246732561978613,1.0999123084851069e-05,0.005163046053601922,0.5369508818413873,0.5622839052267526
IND004059,73.4,M,African,African,East Asian,True,True,0.33849773000400823,0.3225626812469365,0.33068149203722136,0.00018424647403887402,0.00807385023779499,-0.47317489672664204
IND004060,70.8,M,African,African,South Asian,True,True,0.668047736422638,2.3979440353408843e-06,0.03587637095234269,0.2959948671065207,7.862757446312429e-05,-0.7921040185710055
IND004061,18.0,F,African,African,,False,True,0.6443275063038364,0.08586288539139145,0.09523451580573943,0.17452931996224516,4.577253678750417e-05,-0.5651612105722625
IND004062,18.0,F,East Asian,East Asian,,False,True,0.3268237215602664,0.013735781917393428,0.35132425625118374,0.2971524141340726,0.010963826137083752,-0.801103576377387
IND004063,46.5,M,African,African,South Asian,True,True,0.5319374533756033,3.335236502942145e-06,0.13133140459725517,0.3357384915708399,0.0009893152197988358,-0.41041115724119986
IND004064,55.5,F,South Asian,South Asian,American/Indigenous,True,True,0.012297560882565397,0.006191334585636461,0.004556172911442774,0.7237148972304731,0.25324003438988235,0.4496460748163593
IND004065,72.1,M,European,European,South Asian,True,True,0.10629170434081354,0.4951910302816926,0.08035721900986532,0.3064886550064899,0.011671391361138714,1.1469928993015976
IND004066,51.6,M,South Asian,South Asian,,False,True,0.005128490574853631,0.1723109546526154,1.4872730534664508e-06,0.8223536762414029,0.00020539125807466274,0.7550691187231298
IND004067,72.0,M,European,European,,False,True,0.09413841743925187,0.5933760936551606,0.05953308782871435,0.25093371324764263,0.0020186878292305374,1.6275125520213654
IND004068,51.9,M,South Asian,South Asian,,False,True,0.10517556129062795,0.12042491776590977,0.02856570372580577,0.7453293511601683,0.0005044660574881521,0.8840759801416298
IND004069,80.6,M,South Asian,South Asian,,False,True,0.10133092799547815,1.2424384558951215e-07,0.012703632817216048,0.7221846915896306,0.16378062335382967,0.7652792528068211
IND004070,85.0,F,South Asian,South Asian,,False,True,0.24900728829552538,0.20392871218859188,0.001397670489514581,0.5453879174359098,0.0002784115904583122,-0.27281408556073405
IND004071,68.1,F,South Asian,South Asian,East Asian,True,True,0.00028043346376934684,0.0010728913828987404,0.2939365359353281,0.7017511355720994,0.0029590036459043495,1.0365293692979622
IND004072,48.0,F,American/Indigenous,American/Indigenous,,False,True,0.06194819995804354,0.012006875323109522,0.3778465127722884,0.057930206525781576,0.49026820542077704,-0.09426440401525342
IND004073,74.7,F,European,European,South Asian,True,True,0.006290298965288744,0.6328448890923936,0.0035758768369370504,0.2970815373729418,0.06020739773243883,1.5872610362326456
IND004074,69.6,M,African,African,American/Indigenous,True,True,0.5915590543511104,0.10097441561073403,0.02205895526961062,0.006782013344744551,0.2786255614238004,1.084670102824321
IND004075,62.2,M,African,African,,False,True,0.8697606806888605,0.07346564202600589,0.004509240375826221,0.003140944501497932,0.04912349240780942,-1.3520372341939617
IND004076,34.6,F,South Asian,South Asian,African,True,True,0.3688591404989548,0.00020722961694167948,0.07097080919744249,0.47912834504758034,0.08083447563908056,1.093264810280425
IND004077,47.3,F,European,European,South Asian,True,True,0.0005887420839022623,0.4002981141725123,0.24256554898705193,0.2904754156172849,0.06607217913924847,1.0844527554147172
IND004078,37.6,F,European,European,,False,True,0.2052573628657376,0.4595751253389466,0.20827324597509347,0.009762819636481446,0.11713144618374062,0.5577428500757851
IND004079,53.9,M,East Asian,East Asian,,False,True,0.02215675305053289,0.0006404950202262638,0.9581098312151232,1.5147577418497013e-09,0.01909291919936007,-0.8896309877931177
IND004080,36.5,M,European,European,,False,True,0.06986433922172317,0.6494881085615278,0.08558925199400094,0.057329986212768455,0.1377283140099797,-0.0496926962843427
IND004081,18.0,M,African,East Asian,,False,False,0.7468156998384416,0.00014314212711861383,0.21998177447044387,0.03302441364959211,3.4969914403729395e-05,-1.3037892974842542
IND004082,34.5,M,South Asian,South Asian,,False,True,0.03755810072323516,0.01402292562901044,4.954413495935096e-05,0.9328683440767218,0.01550108543607328,0.2452850561909077
IND004083,69.3,F,East Asian,African,,False,False,0.014160144096946607,0.07730060452933746,0.8618443835438476,0.04138547859271966,0.005309389237148603,-1.408260186499283
IND004084,68.2,M,East Asian,East Asian,South Asian,True,True,0.030503643322900353,0.02562877561907695,0.6313938956203663,0.26901776179981046,0.04345592363784585,-1.2522945417803115
IND004085,18.0,F,European,European,South Asian,True,True,0.0006031471386542073,0.4719431232088749,0.05782810882531797,0.4415771786055724,0.02804844222158053,-0.971615287715774
IND004086,45.4,F,American/Indigenous,American/Indigenous,,False,True,0.002122066109544435,0.13714943635849908,0.024619184299177064,0.2867081911461051,0.5494011220866744,-0.05446928724939959
IND004087,37.0,M,African,European,,False,False,0.5471446700440278,0.32662471588327147,0.0012449679714982515,0.08258680948232365,0.04239883661887882,-0.2701906979441302
IND004088,72.2,M,South Asian,South Asian,African,True,True,0.3262354029077874,0.001441611046613719,0.2111561597516509,0.41854548603344927,0.04262134026049867,-0.13276511750088754
IND004089,74.7,F,East Asian,East Asian,,False,True,0.24402554642700908,0.10259595634977575,0.3542056778709303,0.2850898908145991,0.014082928537685674,0.42767199820638
IND004090,78.2,M,American/Indigenous,American/Indigenous,European,True,True,0.0012482391943688118,0.28062844863348413,0.13168882642238586,0.08941004566865723,0.4970244400811039,0.5226261706396464
IND004091,55.7,M,East Asian,East Asian,European,True,True,0.004590761298415042,0.412663406087479,0.5735918923348978,0.009153543467588347,3.968116198099295e-07,-0.26278373829610624
IND004092,49.4,F,African,African,,False,True,0.48055523194991734,0.026774972035560767,0.16774136543072,0.0718566751276149,0.2530717554561869,0.4244339449926027
IND004093,48.6,F,East Asian,African,European,True,False,0.28846459799663365,0.33201132217328705,0.3665197425903995,0.010944530088385853,0.002059807151293743,-0.3177130583230198
IND004094,49.9,F,American/Indigenous,American/Indigenous,African,True,True,0.28937618759434414,0.0014915789988764483,0.0005703067786001484,0.2651996216179034,0.4433623050102759,0.43559204131042734
IND004095,69.6,M,East Asian,East Asian,,False,True,0.4377562674056463,0.038065042784305815,0.5219499765792157,0.000465386854539126,0.001763326376293005,-2.257719554501283
IND004096,41.4,F,European,European,South Asian,True,True,0.19024940766660978,0.47724641923075245,0.001855505892660091,0.2902501607697587,0.04039850644021902,1.2385623782092994
IND004097,48.3,M,European,European,,False,True,0.029184394171171052,0.6742115651329842,0.15495648946423185,0.13289153709271687,0.008756014138895938,0.7585486001293428
IND004098,51.7,F,East Asian,East Asian,African,True,True,0.2802479372704057,0.0806107634002353,0.6369342158225828,8.542947970863788e-05,0.0021216540270675346,-1.886594234868301
IND004099,64.7,F,South Asian,South Asian,American/Indigenous,True,True,7.008682006803891e-06,0.12375205826332811,0.030244267897256864,0.43481533794528626,0.4111813272121221,-0.5525921935389386
IND004100,85.0,M,American/Indigenous,American/Indigenous,African,True,True,0.3085221446564641,0.00037123561161571617,0.23902017320735897,1.1592076894900357e-07,0.4520863306037921,-0.24587230434065172
IND004101,48.7,M,South Asian,South Asian,European,True,True,3.946215348326718e-06,0.3032449142068161,0.13076109138662087,0.5476981054883947,0.01829194270282002,-0.5528867564042249
IND004102,27.0,F,European,European,East Asian,True,True,2.3051169912290037e-10,0.6638969401669553,0.32576614359386197,0.006290258613225629,0.004046657395445388,-1.3537773439250866
IND004103,84.4,F,East Asian,European,African,True,False,0.31456944174250323,0.1645372592568829,0.5047315747167483,0.0045222373576544244,0.011639486926211173,-0.8980332375687191
IND004104,48.1,F,African,South Asian,,False,False,0.8661446354025721,0.004815796934055386,0.0004974897925672431,0.12854206234401602,1.5526789249110325e-08,-1.2954084603838631
IND004105,78.4,F,African,African,,False,True,0.5768049417866961,0.27700784389943356,5.205388697532971e-05,7.946837140516752e-05,0.14605569205548977,1.7896734744390577
IND004106,76.6,M,African,African,,False,True,0.8553688606289969,0.0012519177558541524,0.0015106839784033198,0.04959940282720238,0.09226913480954328,0.44198928809057325
IND004107,72.7,M,East Asian,Other/Unknown,,False,False,0.020846127382996515,0.027246475695071895,0.8003894384852258,0.0018840100967927845,0.14963394833991292,-0.2927911035838465
IND004108,49.1,F,European,European,East Asian,True,True,0.0026020801627029133,0.3776881832738809,0.26119718249352036,0.22832250063730922,0.13019005343258663,0.918017441644875
IND004109,32.1,F,American/Indigenous,American/Indigenous,European,True,True,0.0039007702879932855,0.4284557155963153,0.00016086192735738198,0.007212402087747332,0.5602702501005866,0.1770773330487063
IND004110,60.7,F,African,African,,False,True,0.8122801173708823,0.07906248512897472,0.004882298472247136,0.09840831782018886,0.0053667812077069195,0.2870767679005142
IND004111,23.9,F,South Asian,South Asian,East Asian,True,True,0.22544549474520917,0.009695705973345672,0.28160763094419605,0.4410955707877594,0.04215559754948988,0.40292267353506844
IND004112,18.0,M,East Asian,East Asian,American/Indigenous,True,True,0.06979789783963185,0.07746519439527216,0.5917838905660443,0.00010154556895464046,0.26085147163009714,-1.4039105755695112
IND004113,30.5,F,East Asian,East Asian,,False,True,0.0001715201159194534,0.20986316177567022,0.5524868599986151,8.536582580108304e-05,0.23739309228399416,1.3681387232696898
IND004114,73.7,M,South Asian,South Asian,,False,True,0.06262129221549508,0.006057780004831103,0.0018026107431713839,0.9277056112144019,0.0018127058221006117,0.03800972754202636
IND004115,85.0,F,American/Indigenous,American/Indigenous,South Asian,True,True,0.19796967713561864,0.05392579273783553,0.0011621810419229907,0.25057580405645424,0.4963665450281686,0.046225011371131
IND004116,67.2,F,European,European,,False,True,0.005963877680496031,0.7726435302459349,0.01078332059408291,0.20929097085644496,0.0013183006230412712,-1.5787803144492725
IND004117,54.2,M,African,African,American/Indigenous,True,True,0.5956786650780064,0.00335038578825372,0.022203725302847713,0.08230935512526956,0.29645786870562246,-0.10612847603575706
IND004118,23.4,F,European,East Asian,,False,False,0.003065879444017599,0.5316214933759617,0.2213186319285793,0.008325467327305784,0.2356685279241355,-0.8567422657128472
IND004119,70.6,F,South Asian,South Asian,,False,True,0.019117246084982085,0.018758068808117513,0.14792809449203112,0.7835859320746278,0.030610658540241507,-0.4997615298669692
IND004120,66.0,M,European,European,,False,True,1.058530261678854e-06,0.5672033973863511,0.07159425440417586,0.18473342694817102,0.1764678627310404,1.2909575355200071
IND004121,66.4,M,South Asian,South Asian,,False,True,0.0821672594735045,0.0868606671244948,0.18713497362775935,0.6406085494575207,0.0032285503167207167,-0.11869787747690219
IND004122,24.5,M,South Asian,South Asian,,False,True,0.0027409106799184874,0.051036964355876326,0.2407183934178003,0.7044917802161869,0.0010119513302179837,-0.4229794410407064
IND004123,18.0,M,African,African,American/Indigenous,True,True,0.4851864498902188,0.0031964430193539128,0.05613482888834279,0.12254644296429044,0.3329358352377939,-1.2562786666292398
IND004124,62.7,M,European,European,South Asian,True,True,0.019000589715294284,0.47240940374528956,0.08050982840121056,0.29718684223658465,0.13089333590162108,2.0526712595400665
IND004125,18.0,F,African,African,,False,True,0.7186450045011507,0.07784135921946368,1.5248853477647553e-05,0.04901542061337745,0.15448296681253038,0.37305048484802594
IND004126,36.0,F,South Asian,African,,False,False,0.2389058693154117,0.21612376139672934,0.0001985562105218497,0.48509597184086206,0.059675841236475145,-0.9950935841825426
IND004127,36.9,M,East Asian,European,,False,False,0.004483001885094825,0.4192085938706362,0.5353866289038525,0.03965225303826254,0.0012695223021541872,-0.6336983158279459
IND004128,42.3,F,East Asian,East Asian,American/Indigenous,True,True,0.0053128935020820165,6.222169529028893e-09,0.5288457140190731,7.760759934050502e-05,0.4657637786573348,0.9035976619097341
IND004129,67.3,F,European,European,,False,True,0.008458518487596642,0.4702662174070558,0.008250446702589375,0.24355241888940166,0.2694723985133564,-0.05457062457475381
IND004130,28.4,M,European,European,South Asian,True,True,0.23404548237049713,0.5012726879041979,0.0033234525134331243,0.25445056735516586,0.006907809856706019,0.2652313659335752
IND004131,45.2,F,East Asian,South Asian,,False,False,0.02804164899393916,0.02096730611343121,0.6636855413986669,0.2873011225671893,4.380926773450209e-06,0.35729061256259464
IND004132,35.5,M,South Asian,South Asian,European,True,True,0.055410873223585254,0.2738523726996159,0.2546406742144778,0.4160955945044931,4.853578280122406e-07,0.5407212052832594
IND004133,38.5,F,European,European,,False,True,0.33465651210692754,0.5600010981512248,0.0007767931931896156,8.102251348323873e-09,0.1045655884464069,-0.6731744540863497
IND004134,28.7,M,African,Other/Unknown,,False,False,0.6747974539677016,0.2172986369521943,0.08066646540108052,0.02685051195547255,0.00038693172355099746,-0.6031460626155841
IND004135,27.8,F,East Asian,East Asian,American/Indigenous,True,True,0.09319701203162166,6.172487051454066e-06,0.4462080153172837,0.2090459493560215,0.2515428508080217,-1.0146636612612419
IND004136,45.7,M,South Asian,South Asian,American/Indigenous,True,True,0.23382759464369282,0.12066515061269513,0.011584040220054308,0.3534116121866128,0.28051160233694494,1.4113904088131421
IND004137,55.3,M,South Asian,East Asian,,False,False,0.030638208265983756,0.22059523964960212,0.18556485607233084,0.47974980938507356,0.08345188662700971,1.4786189065621844
IND004138,65.8,M,East Asian,East Asian,,False,True,0.16778649422085792,0.07711592276208111,0.7549657054080661,3.001119132171223e-05,0.00010186641767308425,-0.32402485905948253
IND004139,31.0,M,American/Indigenous,American/Indigenous,,False,True,0.0019480031763108073,0.03544608156715332,0.003362335382918914,4.30628012526294e-05,0.9592005170723642,0.8517244780840292
IND004140,67.2,F,South Asian,South Asian,American/Indigenous,True,True,0.0008288401464850581,4.957581946547846e-08,0.0019949939228212266,0.6705801954008107,0.3265959209540634,0.0122742276609491
IND004141,23.1,F,European,European,,False,True,0.02601799596829628,0.70731588604481,5.359427025572586e-07,0.22995568724682255,0.0367098947973686,1.0601863747126559
IND004142,60.5,F,East Asian,African,,False,False,0.4236273029858396,0.007038126318294882,0.5133124732573691,0.0016126467846504116,0.05440945065384607,-1.1094798568877653
IND004143,58.7,F,American/Indigenous,American/Indigenous,,False,True,0.08841896609307459,0.23759832231629127,0.005186510010884948,0.006691881097005943,0.662104320482743,0.7398198197711812
IND004144,51.8,M,South Asian,South Asian,,False,True,0.01507779806369363,0.14555476072426612,0.12006565392240152,0.48809215779807763,0.23120962949156107,0.01873741449309882
IND004145,18.0,F,European,South Asian,,False,False,0.00016120181541304837,0.4196867216539314,0.0011055171616507385,0.39484580149073994,0.18420075787826498,-0.38573589682261933
IND004146,30.1,M,European,European,South Asian,True,True,0.048600412738216275,0.41685163857214635,0.1237709605578666,0.4107650230087187,1.1965123051896614e-05,-0.281792650819615
IND004147,39.8,F,African,African,,False,True,0.387175359296454,0.36635879484872197,0.0028644375391929256,0.0009523243846641044,0.24264908393096693,-1.1530567131211173
IND004148,25.5,M,East Asian,East Asian,,False,True,0.02606690891723255,0.12005637143006019,0.6283992748176659,0.22522150488878365,0.00025593994625765096,-1.0007865860204221
IND004149,51.4,F,South Asian,South Asian,,False,True,0.06977012148320226,1.9009529470016085e-06,0.011240851488821873,0.9183583261363585,0.0006287999386702906,0.011123584725413665
IND004150,63.7,F,South Asian,South Asian,,False,True,0.00011991895197382937,0.004876474537299423,0.0004220668051661853,0.978349834092632,0.01623170561292862,-1.002241261613512
IND004151,72.9,M,African,African,,False,True,0.9855115232095556,0.013924153001058485,8.131783538843285e-05,0.00018534570847684867,0.00029766024552041036,0.102462259906213
IND004152,66.6,F,African,East Asian,,False,False,0.33644710778286974,0.08736243888864302,0.2973781497051585,0.01799637099582341,0.26081593262750535,-1.2358562044799817
IND004153,36.3,F,East Asian,European,African,True,False,0.2967856506288918,0.2444734674609863,0.45365229670767415,0.005080335376994735,8.24982545294024e-06,0.5680407305753561
IND004154,53.0,F,African,African,,False,True,0.6219776800251475,0.02300084242461718,0.046212119667575734,1.098466332750524e-06,0.3088082594163268,-0.7427186511331292
IND004155,60.1,F,European,European,,False,True,0.0021392878016629146,0.852125659956623,2.0529561916702875e-05,5.548160761628926e-08,0.14571446719818973,-0.9371043259997982
IND004156,48.3,M,European,European,,False,True,0.24644324505418844,0.5030403745871855,0.1392547411231608,0.08162628972854098,0.029635349506924365,0.09427569492722021
IND004157,56.4,F,American/Indigenous,American/Indigenous,,False,True,0.10957925194876655,0.02159702951902937,0.18261413240886995,0.02683296735997803,0.6593766187633562,0.8959884444723123
IND004158,31.2,F,South Asian,South Asian,East Asian,True,True,0.0019886213376225713,0.020249664321144382,0.26567322491677353,0.6878279844495809,0.024260504974878576,0.8400854153533093
IND004159,30.3,M,South Asian,South Asian,American/Indigenous,True,True,0.002875576126598096,8.881946259366177e-06,0.00023804928389784875,0.5955954185556512,0.4012820740875934,1.1926845993597706
IND004160,45.8,F,European,European,,False,True,0.014308079797234518,0.9635105842138102,0.0023309897803951186,0.007544548106002543,0.012305798102557679,0.20064471991374988
IND004161,26.0,M,American/Indigenous,American/Indigenous,,False,True,0.02826782154421355,0.00514680006081593,0.03835670110912805,0.12854690050331297,0.7996817767825296,1.3448295803182893
IND004162,53.4,F,European,European,African,True,True,0.3447290740882601,0.5930349574718505,0.05026637719168412,0.011963649443177302,5.941805028088114e-06,-1.122498632658556
IND004163,48.5,F,African,African,,False,True,0.7258927137828535,0.0164428650151747,1.4210397703025434e-05,0.14391355243098092,0.1137366583732878,0.4365838858731338
IND004164,59.5,M,East Asian,East Asian,,False,True,0.2340569794637403,0.0387421827110598,0.5398297843074545,0.025234630331060055,0.16213642318668509,1.0472832324675876
IND004165,74.2,M,American/Indigenous,American/Indigenous,,False,True,0.0966294811579949,0.013653061654321338,0.10485500389430773,0.010448279700904775,0.7744141735924714,0.9625255481475601
IND004166,74.2,M,South Asian,South Asian,,False,True,0.11218518085831532,0.016417248156880188,0.16245333819263408,0.7067971039482855,0.0021471288438849184,-0.21958756339022548
IND004167,82.7,M,American/Indigenous,American/Indigenous,,False,True,0.15810767716636498,0.1827826308708772,0.009872474266814051,4.177388468275947e-05,0.649195443811261,1.2343009235892155
IND004168,36.3,F,East Asian,African,,False,False,0.05152774820580678,0.007869176639221546,0.9249906510631928,0.007900415534192117,0.007712008557586682,-1.3633831874808429
IND004169,35.3,M,East Asian,East Asian,,False,True,1.153934090568185e-05,0.025179297275232455,0.9204457678460435,0.000729474417168485,0.053633921120649894,-0.5420507303972475
IND004170,81.5,F,East Asian,East Asian,American/Indigenous,True,True,0.07317393265628706,0.0031011522502636104,0.5332237711649629,0.02528730883486433,0.36521383509362204,-1.4277388309391714
IND004171,34.3,F,South Asian,American/Indigenous,,False,False,0.15344524028203468,0.0001991118042573704,0.09648865379769794,0.6805312967828291,0.06933569733318105,1.6886282502689445
IND004172,76.9,F,East Asian,African,,False,False,0.025533044336551652,0.0006160878820504793,0.9249650199352942,0.0013124016838837328,0.04757344616221985,0.5397777637901959
IND004173,53.8,F,South Asian,East Asian,,False,False,0.0006169160357549773,0.0002834584486438107,0.14194104238297012,0.8066039178493254,0.05055466528330562,-0.5306497334899343
IND004174,40.1,F,European,American/Indigenous,,False,False,0.0005100426672644,0.5889691256165188,0.006834494512381654,0.018518066284312247,0.3851682709195229,1.1252551674825002
IND004175,39.1,M,South Asian,South Asian,American/Indigenous,True,True,0.03488451887225989,0.008612046204301076,0.10277133782762018,0.5423669162126495,0.31136518088316917,-1.15022746329158
IND004176,26.6,F,South Asian,Other/Unknown,,False,False,0.0009730713807420404,0.20005539313458032,0.23890716415459823,0.42786685960243087,0.13219751172764851,0.2977759655136133
IND004177,21.2,F,European,European,,False,True,0.03825737434158938,0.9414107216404167,0.0006267322741657348,0.00792781706076546,0.01177735468306268,1.3270860302867695
IND004178,29.4,M,American/Indigenous,American/Indigenous,,False,True,0.24164886362201843,0.05216609199673662,0.08699058057063566,0.1543035292729462,0.46489093453766306,1.1940512715810532
IND004179,45.9,M,European,European,,False,True,0.02049352511693692,0.9117424634491957,5.451545655476071e-05,0.06268484948289382,0.005024646494418735,0.1520921898500298
IND004180,60.4,M,South Asian,South Asian,East Asian,True,True,2.220382316576142e-05,8.433708426561031e-05,0.2956412387008763,0.7040094266035667,0.00024279378812554073,-0.04378779206731112
IND004181,53.6,M,African,African,,False,True,0.7028874362650346,0.02834810602335873,0.09168916502576442,0.03500600349158522,0.14206928919425688,0.45904002511158504
IND004182,42.3,M,European,European,,False,True,9.8772834684724e-05,0.846254035547472,0.0005803241840845129,0.08948244726143814,0.06358442017232065,0.7664582514780081
IND004183,78.5,F,American/Indigenous,African,European,True,False,0.09522062369002506,0.3935598188664312,0.02196346955748103,0.053402443593691555,0.43585364429237106,0.2015971666950212
IND004184,78.2,M,European,African,,False,False,0.02155370289221713,0.5820136599903603,0.14153647924570492,0.0021430302054124065,0.25275312766630537,-1.1543931815673123
IND004185,20.3,F,South Asian,South Asian,,False,True,0.40709487947779804,0.0003686813559376615,0.0068962679403700095,0.5817864906819178,0.003853680543976468,0.73439306190928
IND004186,48.8,F,American/Indigenous,American/Indigenous,,False,True,0.015273540225522688,0.0024677645420827553,0.007565983626580906,0.005004961800855774,0.9696877498049579,-0.651622986467799
IND004187,50.7,F,European,European,,False,True,0.13367293704980063,0.5640392740212282,0.05503814847996646,0.0016807659884472165,0.24556887446055742,1.0176530428332873
IND004188,46.7,F,African,African,,False,True,0.6279238180888397,0.11083025120602191,0.014020249227586538,0.0017269979455669343,0.24549868353198495,-0.549093838773849
IND004189,66.2,M,American/Indigenous,American/Indigenous,,False,True,0.013398716314816076,0.06670573307758665,0.20134257021658347,0.09189468585118625,0.6266582945398275,0.3406880840595219
IND004190,63.5,M,East Asian,East Asian,,False,True,0.036069937272448185,0.017410527939213567,0.6560375879543147,0.11684266753500666,0.17363927929901685,-0.17698753680957713
IND004191,36.3,F,African,South Asian,,False,False,0.5476474163355548,0.004171588180217511,0.028772556009744668,0.40230726480727064,0.017101174667212306,0.5744840565312272
IND004192,50.0,F,South Asian,South Asian,European,True,True,0.015324466710987411,0.363706771183248,0.15435193614817766,0.4225771631228904,0.044039662834696534,1.2421788044426472
IND004193,18.0,M,African,African,East Asian,True,True,0.6150292029458114,0.07606726721942884,0.30024795011731714,0.0009938192090468818,0.00766176050839574,-1.586895908034761
IND004194,82.6,F,American/Indigenous,American/Indigenous,,False,True,0.19531508069540332,0.2184729384141821,0.028624007587256403,0.007983086216333203,0.5496048870868249,0.2575431301328304
IND004195,80.1,F,East Asian,European,,False,False,0.07395037076594042,0.3769833846833267,0.43290457116507536,0.025461271587901665,0.09070040179775557,0.11140433884987211
IND004196,52.5,M,African,African,,False,True,0.7864452996118261,1.4521418729622528e-05,0.09567128154966363,0.11730348365098973,0.0005654137687909747,-0.5229075340892202
IND004197,18.0,M,European,European,,False,True,0.24546138191666525,0.46262886638565504,0.2912804886260497,0.0003256489363974406,0.00030361413523256523,-0.18932565748458569
IND004198,68.3,M,American/Indigenous,East Asian,,False,False,0.01932809562140046,2.7630800502394563e-05,0.16970067488920962,0.08935601229233761,0.7215875863965499,-0.805968449937567
IND004199,18.0,F,East Asian,East Asian,,False,True,1.0393111281601177e-06,6.513176333695911e-07,0.8528307424594626,0.14565673625605544,0.0015108306557203562,-0.5338586134832778
IND004200,72.7,F,East Asian,East Asian,European,True,True,0.005192778977454096,0.39702853932976806,0.594987306690174,0.0010229580757401685,0.0017684169268636892,0.8388414796353227
IND004201,65.3,M,European,American/Indigenous,,False,False,0.11000493025349516,0.6566027900705793,4.967035522560231e-05,0.05271215081046828,0.18063045851023168,0.2667964469268462
IND004202,27.3,M,African,American/Indigenous,South Asian,True,False,0.5689036896117451,1.7703179640121728e-08,5.5685472637696565e-05,0.30757405991631537,0.12346654729612239,0.2933591321707774
IND004203,76.7,M,East Asian,East Asian,,False,True,0.010141226809461067,0.20652015544081015,0.5336287528432924,0.0493609966336505,0.20034886827278597,0.8794732248362984
IND004204,54.6,M,East Asian,East Asian,,False,True,0.21427767045487098,0.06426687610552109,0.5134410923348544,0.09103698644673758,0.11697737465801589,-1.54947986502117
IND004205,75.8,F,South Asian,South Asian,African,True,True,0.31061123916778627,0.281952681238998,0.07249598230722394,0.334940073400008,2.3885983673850438e-08,0.8095979275361531
IND004206,85.0,F,American/Indigenous,American/Indigenous,South Asian,True,True,0.0014491164184328577,0.026826069314179333,2.8469549176697737e-05,0.29333184854022487,0.6783644961779862,1.4555204544276081
IND004207,43.4,F,East Asian,East Asian,European,True,True,0.045001466475334755,0.3718212412886154,0.5720225629967821,0.011115270134893256,3.945910437438166e-05,-0.9370754944613469
IND004208,70.8,F,American/Indigenous,American/Indigenous,South Asian,True,True,0.0007610205033830323,0.06446295259448016,0.09415170461764098,0.2865265764383396,0.5540977458461561,-0.7304431731084792
IND004209,77.1,F,East Asian,East Asian,American/Indigenous,True,True,0.0020022807569854374,0.030551538686995557,0.6079813592277485,0.005378355818375307,0.3540864655098953,-0.0845138584944866
IND004210,79.5,F,African,African,,False,True,0.9957972830815833,0.001459860465364387,6.182949515867735e-05,0.0002923642310831026,0.00238866272681051,1.24477508763621
IND004211,29.6,F,African,African,South Asian,True,True,0.48096006373555467,1.774750889385937e-05,0.0011840712515898012,0.4417968787255704,0.07604123877839127,0.40302800932489874
IND004212,52.6,F,European,European,East Asian,True,True,0.08500664097540696,0.5159075877600766,0.3708401812900082,0.02119663946561554,0.007048950508892585,-0.3316122275447677
IND004213,32.4,M,American/Indigenous,American/Indigenous,East Asian,True,True,0.006211814779362843,0.12790355729835828,0.3399638670887159,0.025476718870465494,0.5004440419630976,0.49628461060787754
IND004214,18.5,F,African,African,,False,True,0.5275273077286166,2.779268953901029e-06,0.0041223574993189864,0.39546311896074504,0.07288443654236551,0.15609159165837078
IND004215,18.7,F,European,European,African,True,True,0.2818794136525649,0.36338091676057865,0.10434477666154991,0.06306319815892637,0.18733169476638026,1.1542959240576447
IND004216,78.7,M,American/Indigenous,East Asian,,False,False,0.03651406120787187,0.013148013492120686,0.03909523735477161,0.0038859807006051124,0.9073567072446308,1.3651600807275255
IND004217,57.4,M,South Asian,South Asian,East Asian,True,True,0.05513637532245187,2.2989672296717757e-05,0.2990664745902176,0.6423547050533058,0.003419455361727949,0.03899561093122697
IND004218,25.5,M,East Asian,East Asian,South Asian,True,True,0.056218076885799204,0.003590957595572645,0.5844892218805462,0.35203850391640634,0.0036632397216755253,-0.20945652215611438
IND004219,42.7,F,European,European,South Asian,True,True,0.07603062348449903,0.48990326884469426,0.01800129990067833,0.4146067305959634,0.0014580771741649595,1.858324154076877
IND004220,36.5,F,African,European,,False,False,0.5147463526877384,0.2578489012575187,0.19542157488405398,0.01799110663729476,0.013992064533394296,0.23330525050967685
IND004221,18.1,F,European,European,,False,True,0.009610021034971718,0.4607077288999225,0.27621185636036366,0.024852500513989774,0.2286178931907524,1.6219527835802405
IND004222,70.0,M,European,European,,False,True,0.0258516082812251,0.7613056724777999,0.0691578845251761,0.003137206620444717,0.1405476280953542,0.7361838068955353
IND004223,72.1,F,South Asian,South Asian,European,True,True,0.0821468505556864,0.40947928003836537,0.02472012492298857,0.4702498402714146,0.013403904211545083,-0.7325859628656699
IND004224,82.1,M,South Asian,South Asian,,False,True,0.28720658443688396,0.0594944782404541,0.1733418568662256,0.3921093346920199,0.08784774576441655,0.1271142977942098
IND004225,49.9,F,American/Indigenous,East Asian,,False,False,0.11803506608254218,0.014198900490386027,0.2166162230677935,0.1212618000878251,0.5298880102714532,-1.024659450368973
IND004226,69.6,F,East Asian,East Asian,,False,True,0.1815118880139461,0.020888388716723202,0.7045725088988614,0.07616285659739744,0.016864357773071905,-0.3365986162845307
IND004227,66.3,F,East Asian,Other/Unknown,,False,False,0.17218499011045338,0.00029740274213975703,0.7528826736110322,0.0021550889078847967,0.07247984462848996,-0.34563138447045594
IND004228,55.3,M,South Asian,East Asian,American/Indigenous,True,False,3.47570622339142e-05,0.09874632893049685,0.19437380499173884,0.425230309657941,0.28161479935758926,0.11775031022079509
IND004229,53.6,F,African,African,,False,True,0.9576913020579612,0.0268033901029431,0.01082257031281238,0.0010377756348282363,0.003644961891455331,-1.1896616020655852
IND004230,81.9,F,South Asian,South Asian,,False,True,0.06376629391035558,0.019380564166914655,0.0018693248620690957,0.4703889789539922,0.44459483810666856,1.3315918718496011
IND004231,42.4,F,African,African,,False,True,0.9768413028419081,0.012677677798186153,0.002782207184520042,0.0005735561474747693,0.007125256027911025,0.23434194526161017
IND004232,41.5,M,European,European,,False,True,0.11821852179885381,0.6712792396545574,0.20915864390212696,0.0012630029570351656,8.059168742672317e-05,0.15742061935224544
IND004233,70.3,M,European,European,,False,True,5.839386427780595e-08,0.9132884554418371,0.06544404859506361,0.001676692665254369,0.01959074490398071,0.4489040881736374
IND004234,31.2,F,South Asian,South Asian,,False,True,4.5867809681565786e-05,0.004989813827379514,0.24000891475019295,0.754954041274602,1.362338144028845e-06,1.9575217910224612
IND004235,65.8,F,European,European,,False,True,0.002921334581798229,0.8227719989464278,0.009969124972840396,0.10250360926740018,0.061833932231533266,-0.04305224128038404
IND004236,43.2,F,South Asian,South Asian,East Asian,True,True,0.22534710055163598,0.00017197336472503703,0.34387218100508016,0.38003166637114894,0.050577078707409816,0.107268369315758
IND004237,51.0,M,East Asian,East Asian,American/Indigenous,True,True,0.005642685571049623,3.539032744559439e-05,0.3915238328797338,0.26501181905157495,0.337786272170196,0.6088737137104873
IND004238,52.0,M,European,European,,False,True,0.035985798094247574,0.3976976243388519,0.33297822392839466,0.002139015826520604,0.23119933781198518,0.6734879909746987
IND004239,47.1,F,European,European,,False,True,0.0020150787059952653,0.6801675409826635,0.08558539754493075,0.2321183226282117,0.0001136601381986383,0.8028450729629562
IND004240,73.3,F,American/Indigenous,European,,False,False,0.07379568559473598,0.34711785764084735,0.015499510068670518,0.000773845930653917,0.5628131007650922,0.6244354485799278
IND004241,45.6,M,American/Indigenous,American/Indigenous,East Asian,True,True,0.03909635146744597,0.0005102786818911644,0.3583540786415279,0.08635901624182117,0.5156802749673137,0.05813912371103992
IND004242,42.4,F,European,European,,False,True,0.17039809967908817,0.7885768476620092,0.0016988298740868834,0.011632786856917642,0.027693435927898198,0.13692855116720803
IND004243,19.6,M,European,European,African,True,True,0.25730150649619504,0.5258635898331806,0.13819994387121348,0.07802335652008713,0.0006116032793237811,-0.8819846340418971
IND004244,63.9,F,South Asian,South Asian,,False,True,0.18903097244058154,0.13744533871828893,0.053163400602963415,0.4257187033647887,0.19464158487337735,0.5479629349080253
IND004245,49.3,M,American/Indigenous,East Asian,,False,False,0.0005735622221561367,0.01847149939589571,0.4247070046941009,3.1308902586438165e-05,0.5562166247852609,-0.5919444539736746
IND004246,69.8,F,European,European,,False,True,9.945591389886883e-06,0.7275840476743574,0.2576657689162737,0.00016815426671693297,0.014572083551262167,-0.3518751163492857
IND004247,37.4,M,European,European,,False,True,0.018448925816711124,0.8848530586214368,0.0020319202084442237,0.00018106376469020848,0.09448503158871768,-0.3705769182580032
IND004248,26.7,F,European,European,American/Indigenous,True,True,0.021122441286535634,0.546555384598572,0.06940746386974063,0.03487860840031037,0.3280361018448414,-0.10819248049673824
IND004249,18.5,M,African,African,South Asian,True,True,0.42749004073660773,0.07144312239178545,0.12396623496787068,0.37344441374905246,0.003656188154683524,0.1387922184326969
IND004250,66.9,F,European,European,,False,True,0.0014095769473941463,0.9786433828963342,0.007523870651566205,1.8305675360564556e-05,0.012404863829344966,1.1059998052818953
IND004251,83.3,M,European,European,,False,True,0.024600803563816123,0.4502034561946845,0.027898671570799335,0.2947207487753789,0.20257631989532113,0.30759533091866825
IND004252,85.0,M,East Asian,East Asian,,False,True,0.0850424169662734,0.22918976963000043,0.43129926371546445,0.12743022424174055,0.12703832544652113,-0.17553081848452123
IND004253,43.8,M,South Asian,South Asian,African,True,True,0.3338545383580571,0.07644211074140407,0.0009133563412127839,0.4641290803806671,0.12466091417865886,-1.0204113331311533
IND004254,20.2,F,American/Indigenous,American/Indigenous,,False,True,0.00013201453392180316,0.004319261935060591,0.04173707256846952,0.04245685825393258,0.9113547927086154,1.1155859670238584
IND004255,75.8,F,African,African,East Asian,True,True,0.5505835775415387,0.00045036885491892134,0.32875563437182237,0.11822505967216632,0.001985359559553646,0.7863865675265258
IND004256,38.5,M,East Asian,East Asian,,False,True,0.009387257341492709,0.35592999116592444,0.59502233313204,0.033709383250479376,0.005951035110063496,0.10082176974187163
IND004257,81.4,F,African,African,,False,True,0.8169709326773446,0.04496518569842824,0.0032941694526664278,0.04876782979684949,0.08600188237471129,-0.5936288965544221
IND004258,34.3,M,East Asian,East Asian,African,True,True,0.35552189410193735,0.020923814368332242,0.6126083283667655,0.0012396489133067567,0.00970631424965812,0.9027374564463468
IND004259,70.1,F,South Asian,South Asian,East Asian,True,True,0.11840300578505851,2.90901234451527e-06,0.41295412303855555,0.4685250955798985,0.000114866584142907,-0.354571719533628
IND004260,83.3,F,American/Indigenous,American/Indigenous,African,True,True,0.2572594493070135,0.00018694261546080613,0.07746416526699997,0.008912351600646875,0.6561770912098788,1.1408240414621427
IND004261,58.6,F,African,European,,False,False,0.6068055717686672,0.3786633451394971,7.794782812738639e-07,1.8255737378258954e-05,0.014512047876176123,0.7801472803901204
IND004262,44.2,F,African,African,European,True,True,0.4778020200253822,0.3028002651221871,0.037751496239814296,0.1816453492779918,8.693346246421757e-07,-0.7407428926063522
IND004263,25.1,M,European,European,,False,True,0.05808691316261194,0.9304182584514048,0.006984665184207887,0.0036018694804425024,0.000908293721332964,-1.7252848239765126
IND004264,39.4,F,East Asian,East Asian,American/Indigenous,True,True,0.20722736486037455,0.044960139893841164,0.41259426344605993,0.03308573517901516,0.30213249662070935,-0.32692821774644076
IND004265,83.3,F,East Asian,European,,False,False,0.17924850447523835,0.3238472760868707,0.3692672426493745,0.12600385812810422,0.0016331186604122449,0.9890337031676466
IND004266,30.0,F,European,European,,False,True,0.05343794374127377,0.7851094986756453,0.0299036327021358,0.13154891936761742,5.5133276758771755e-09,0.3355539146897929
IND004267,42.1,M,European,European,,False,True,0.0766068323604941,0.8131817545163693,0.01757914521912372,0.06789346760879213,0.024738800295220617,-0.529770174632707
IND004268,18.0,F,East Asian,East Asian,European,True,True,0.13417469429467882,0.4002738447341675,0.4240127874629241,0.021055779139262078,0.020482894368967625,1.6303947226816233
IND004269,21.8,F,South Asian,South Asian,,False,True,0.008950459581413637,0.11433833485929086,0.0013971121202119015,0.8649164740378839,0.010397619401199609,0.053668548708570865
IND004270,45.2,M,African,African,,False,True,0.8344254483868889,0.12425768610255343,0.007758999228329807,0.03345525231828443,0.00010261396394335451,-0.660250870842206
IND004271,44.1,M,South Asian,East Asian,,False,False,0.032274813751169355,0.04265712442925644,0.026768243897192616,0.8932547850883878,0.005045032833993727,1.0301399845308334
IND004272,46.1,M,American/Indigenous,American/Indigenous,European,True,True,4.166783598717898e-05,0.3423391164104519,0.03057758570001423,0.0521321892251944,0.5749094408283523,0.6036890713550873
IND004273,21.8,F,African,African,European,True,True,0.4915534790308574,0.253080865459306,0.05314000506083299,0.19021116940471924,0.012014481044284323,-0.48316414911511896
IND004274,74.7,M,American/Indigenous,American/Indigenous,,False,True,0.006328080040131375,0.00284131447352197,0.13958520062462057,0.11884005244281542,0.7324053524189107,1.2603812380695452
IND004275,65.3,F,European,American/Indigenous,,False,False,0.14370127113602502,0.3442170713194027,0.12022166496098714,0.09959259441517432,0.2922673981684108,-0.9746468915948436
IND004276,85.0,M,American/Indigenous,American/Indigenous,East Asian,True,True,0.024646197945066273,0.001918735643444968,0.4241736753618731,0.0002704364209881066,0.5489909546286277,0.1476465031600704
IND004277,33.8,F,European,European,American/Indigenous,True,True,0.005465122532756497,0.49086314517088386,0.09983210538986936,0.00027628925841852474,0.40356333764807173,0.43766200532579
IND004278,79.5,M,European,European,American/Indigenous,True,True,0.043717585230905597,0.46273971220490334,0.019019624836791083,0.035608484760760596,0.43891459296663937,1.2561799494572385
IND004279,19.8,F,African,African,,False,True,0.5579748161369227,0.01608324960811299,0.0033387505403012266,0.2106766057695276,0.21192657794513567,1.208432253436014
IND004280,69.1,M,African,African,South Asian,True,True,0.4005719873444565,0.21424727354856368,0.016979539009165052,0.3102923943172109,0.05790880578060385,-0.39236382416369764
IND004281,51.1,F,American/Indigenous,American/Indigenous,,False,True,0.00026098724226675176,0.10128419160691339,0.0022153805153999526,0.04617646597157063,0.8500629746638493,-0.5157583901595008
IND004282,24.5,F,East Asian,East Asian,,False,True,0.3260241488846015,0.00326798208442032,0.4088277960305502,0.016121677048319315,0.2457583959521086,-0.9685979753463418
IND004283,39.6,F,African,African,,False,True,0.8814444796841399,0.03136382750137979,0.009123820922981715,0.010489780692685321,0.06757809119881321,-2.955710073275572
IND004284,68.7,F,East Asian,East Asian,South Asian,True,True,0.014200271009033616,0.0025542792808994227,0.7040914026104154,0.27799851300008765,0.001155534099564042,-1.3523583195248845
IND004285,36.8,F,East Asian,East Asian,,False,True,0.20045966159993803,5.2537387560598674e-05,0.5168706906706311,0.27003231887329354,0.012584791468576858,-0.48934862211852836
IND004286,79.5,F,East Asian,East Asian,,False,True,0.2386438481155845,0.006315024271143746,0.6753936549277808,0.00274177273447433,0.07690569995101663,-0.8708127534435974
IND004287,31.1,M,European,European,,False,True,0.028078353966211004,0.5884732769663777,0.14657992674719494,0.157681161618641,0.07918728070157531,0.25477895765755876
IND004288,69.5,F,East Asian,East Asian,,False,True,0.09029502976571054,0.1103709030026517,0.5810926377628982,1.4867804518651322e-05,0.21822656166422089,-0.20231470346433386
IND004289,18.8,M,African,African,South Asian,True,True,0.3950132532769228,0.17564075439808355,0.0473149511435289,0.34933309261113066,0.03269794857033424,-0.7970739907616287
IND004290,50.9,M,East Asian,East Asian,,False,True,0.10790055007981299,0.011319465981306124,0.8179314877393061,0.023904869844636734,0.03894362635493817,-0.5757873808870922
IND004291,35.3,M,African,African,,False,True,0.8923525301389486,0.0053475351387698355,0.09326998650589348,0.009029176693226205,7.715231619776469e-07,0.21818010120252415
IND004292,57.9,F,East Asian,East Asian,,False,True,0.0006589434645595068,2.6921936642440905e-06,0.8037812214093347,0.012726769726498407,0.1828303732059432,-0.8571247121403174
IND004293,43.7,M,American/Indigenous,American/Indigenous,European,True,True,0.0030842456015031413,0.2516876180502722,0.0002479247396159964,0.0008001745521318235,0.7441800370564767,-0.8814654105487404
IND004294,60.8,M,African,African,,False,True,0.2919577908002886,0.058639685977468894,0.1322756060006827,0.2885542344058656,0.22857268281569434,-1.647769427856385
IND004295,62.4,M,African,African,,False,True,0.6513700720040028,0.0001439191261202208,0.03927375216881144,0.19986576889878416,0.10934648780228116,0.40842716552229824
IND004296,75.7,M,East Asian,East Asian,American/Indigenous,True,True,0.0003954222953880567,0.03520983842371324,0.5896199997997476,0.0007543826373011849,0.37402035684385004,-0.6535316278660164
IND004297,43.5,M,East Asian,East Asian,,False,True,0.09791797760323864,0.2044544468185867,0.3069638918327104,0.12236299127647668,0.2683006924689877,-0.07280401193335884
IND004298,80.1,M,African,East Asian,,False,False,0.933825238861289,0.003980293196575783,0.062146241142446865,3.164546859458124e-05,1.6581331093716604e-05,-1.2789325089102097
IND004299,29.0,M,East Asian,East Asian,,False,True,0.11385754792268751,0.020892445735227905,0.5703042967240991,0.1223676690957185,0.17257804052226702,-2.5721357306067
IND004300,28.7,F,South Asian,South Asian,African,True,True,0.30292016705092906,0.00011842638779934984,0.00522382875146731,0.5742958113378722,0.11744176647193202,-0.9038604049596198
IND004301,54.4,M,American/Indigenous,American/Indigenous,,False,True,0.0004401729954862608,0.020463240842418295,0.12782960255845405,0.023489675683007413,0.827777307920634,-0.7444681677897298
IND004302,75.1,F,South Asian,South Asian,,False,True,0.0041899489550133555,0.005570811224289825,0.236994091121775,0.7216262342883263,0.03161891441059538,-0.8586218344676121
IND004303,34.1,F,European,European,East Asian,True,True,0.00427892883516977,0.5415354659306498,0.44820028314074395,7.80102205595626e-06,0.005977521071380693,0.8290686651998778
IND004304,85.0,F,African,African,South Asian,True,True,0.5208280334768669,0.017679890125499434,0.011273974766359796,0.3904502480079919,0.05976785362328186,-0.36376454991664864
IND004305,72.3,M,South Asian,South Asian,,False,True,0.001084060226193952,0.2563520435928899,0.0014969323650734065,0.6979313077334813,0.043135656082361425,0.40575595869932723
IND004306,36.0,M,African,African,,False,True,0.696933743234672,0.09585047110382042,6.558871093600162e-06,0.023185532391665684,0.18402369439874827,-0.9046425818706674
IND004307,18.0,M,African,African,,False,True,0.720508667776677,0.1939511568707399,0.0007122425706035034,0.07691161153815504,0.007916321243824577,-1.1408789148540337
IND004308,83.7,M,European,European,,False,True,0.39438310836099655,0.4169757044591844,0.010243655918685016,0.1602900800805727,0.01810745118056151,-0.014282912595259989
IND004309,70.5,F,East Asian,East Asian,European,True,True,0.02493679713583963,0.2972459489514125,0.5017648967732758,0.007616458993012098,0.1684358981464599,-0.30521519596269414
IND004310,78.8,M,American/Indigenous,East Asian,,False,False,0.03339553537567056,0.005005594424782978,0.4449626872034135,3.145719797264197e-07,0.5166358684241532,1.0730692364091188
IND004311,47.9,M,East Asian,East Asian,,False,True,0.0248133389396382,0.000408655659249681,0.7074271070054351,0.14623860798052488,0.12111229041515215,-0.627287427065738
IND004312,84.1,M,European,European,,False,True,0.006245172350649396,0.7397618464843286,0.001024071508174631,0.03594679170433507,0.21702211795251222,-0.33263110006135943
IND004313,35.5,M,East Asian,East Asian,,False,True,0.21168281713359122,0.1943158425229506,0.24042835354220302,0.21357869478986338,0.13999429201139182,-0.3744953866516896
IND004314,33.5,M,European,European,South Asian,True,True,0.2107627592702781,0.3671904993353976,0.0660621750411625,0.28385079099374166,0.07213377535941998,0.15270696817572518
IND004315,70.8,M,American/Indigenous,American/Indigenous,,False,True,0.1947000692979249,0.00135472348484758,7.902737383066843e-06,0.06268528469417632,0.7412520197856681,0.5205919025245611
IND004316,68.5,M,East Asian,East Asian,European,True,True,0.08870843923496173,0.37003079158588553,0.45994478334017436,0.07515337412843973,0.006162611710538694,-1.448831378171945
IND004317,73.3,M,European,European,,False,True,0.21329859352259523,0.48295897591732523,0.2938534731920332,0.00988787143348531,1.0859345610367936e-06,-2.30258753899976
IND004318,68.6,F,American/Indigenous,American/Indigenous,,False,True,0.15178684036069637,0.006753706435531511,0.029729032551955283,0.0002057310947105145,0.8115246895571064,1.2971283343495763
IND004319,65.3,M,South Asian,South Asian,,False,True,0.22099447408847725,0.19165435930352911,0.051958018358038656,0.5353926312777998,5.16972154993923e-07,0.3467774354780977
IND004320,18.0,F,African,African,East Asian,True,True,0.4499535093508537,0.0001520598797789811,0.3318262196853897,0.0003959778694534581,0.21767223321452403,0.13339848043232871
IND004321,76.6,F,American/Indigenous,American/Indigenous,,False,True,0.0033944222305365836,0.028475750019583787,0.0002906377773373383,0.011053468022611644,0.9567857219499306,-0.7625076278009377
IND004322,32.9,F,South Asian,South Asian,European,True,True,7.407734590943705e-09,0.34617921119711054,0.251567399332981,0.3543165538607808,0.04793682820139308,0.1865394894166329
IND004323,22.0,M,European,European,,False,True,0.016800044688981476,0.3871994355469697,0.00016649646884864472,0.2729165386044804,0.32291748469071974,0.4667283008373674
IND004324,38.0,F,African,European,,False,False,0.9413522532410654,0.03701123643886732,0.0015166080697602527,0.001414534010925283,0.018705368239381664,0.7475318059916631
IND004325,33.1,F,East Asian,East Asian,American/Indigenous,True,True,0.19099386153478298,0.00939096138263636,0.39875917025886604,0.1497302414360034,0.25112576538771125,-0.07807679642155829
IND004326,40.3,M,American/Indigenous,European,,False,False,2.2576917540396752e-07,0.3178884967910836,0.04748601918370665,0.036311303585020896,0.5983139546710134,0.40547241249157817
IND004327,55.4,F,South Asian,South Asian,European,True,True,0.06169822266070654,0.3086260679270581,0.08347264864365456,0.4018423274975346,0.14436073327104615,1.3195363594542422
IND004328,50.8,F,African,African,,False,True,0.7269612794238154,0.02079189950479905,0.24861137345754872,0.003544938520541711,9.050909329529689e-05,-1.4524212476465732
IND004329,31.2,M,American/Indigenous,American/Indigenous,,False,True,0.002046460961270889,0.1326111587974419,0.07336343661611419,0.0001400557867698352,0.7918388878384033,1.2128783067627715
IND004330,52.0,F,South Asian,South Asian,American/Indigenous,True,True,0.0012448442455978521,0.0017322844530075362,0.063085948803481,0.48876713245603176,0.44516979004188184,0.8864300374290128
IND004331,21.9,F,African,African,,False,True,0.8439421165849771,0.10078827219743049,0.025576034350413373,0.029127296262205716,0.0005662806049731909,0.5782820971071194
IND004332,37.2,M,American/Indigenous,American/Indigenous,,False,True,0.02653972854055224,0.08013956728595578,0.15278428603243566,0.002507114896504801,0.7380293032445516,0.7653393488431377
IND004333,21.7,M,European,European,,False,True,0.030237347125017702,0.9121000964186193,0.014553458973800497,0.03308688842628212,0.010022209056280495,2.206911714275103
IND004334,82.4,M,American/Indigenous,American/Indigenous,,False,True,0.25995978072575865,0.05395081220544099,0.023277819790455,0.04778184020250575,0.6150297470758398,1.1954728400832626
IND004335,69.7,F,European,South Asian,,False,False,0.05843865492375275,0.7894099404657497,0.05341949339160551,0.09855489474639419,0.000177016472497913,1.305273755606314
IND004336,69.7,F,African,African,,False,True,0.9231403605851448,0.020327817293015298,0.005450399989129245,0.04766799580500021,0.003413426327710367,-0.9209048576589366
IND004337,67.2,F,African,African,,False,True,0.6543170255578032,0.0020064195085978454,0.001966256559900966,0.32339072997335444,0.01831956840034336,-0.03794717611442755
IND004338,28.1,F,East Asian,African,,False,False,0.08089977051637232,0.015546082324755737,0.9025714164196448,9.722276641460637e-05,0.0008855079728126363,-0.8278720054695662
IND004339,75.9,F,European,European,South Asian,True,True,0.010114192616706465,0.48772612223907397,0.009507611022559112,0.48365031025838606,0.009001763863274215,0.8164103460693297
IND004340,19.8,M,African,European,,False,False,0.40165694445319206,0.21690658256775083,0.14287477217015493,0.038475554201709186,0.20008614660719315,0.7365398676317478
IND004341,38.2,F,American/Indigenous,American/Indigenous,,False,True,0.045489697626135625,0.04332097012652912,0.0001167384768925135,0.2344976196712117,0.676574974099231,-0.9844232650520642
IND004342,69.6,M,South Asian,South Asian,,False,True,0.20231046280925497,0.0029027609698637448,9.343575090226115e-07,0.7929231702824576,0.0018626715809147835,-0.2191876830170338
IND004343,52.7,M,South Asian,Other/Unknown,,False,False,0.03288826168056385,0.25569089941646567,0.0009902850784049304,0.4338449593472663,0.27658559447729936,0.7379767886681352
IND004344,59.4,M,European,European,,False,True,0.017680124253490585,0.5905259195360295,0.1523221977592444,0.18970263022164344,0.049769128229592244,-0.11691468973693106
IND004345,24.7,M,European,European,,False,True,0.1343423955304846,0.6669834153295667,7.502147070553964e-07,2.313688716796831e-08,0.19867341578835443,0.17771494526301812
IND004346,31.5,F,American/Indigenous,American/Indigenous,,False,True,0.12859241295883178,0.33820102663591006,0.003455734883062576,0.16287750840248622,0.3668733171197093,0.8838143590524477
IND004347,27.0,M,European,European,,False,True,0.010816256242416106,0.9737373622043374,0.0001112926540638391,0.005294301738203422,0.010040787160979342,0.7320724708219508
IND004348,47.2,F,African,Other/Unknown,,False,False,0.8432180253959201,2.5715053308823536e-05,0.12525653101699627,0.03149546841688533,4.260116889510974e-06,-0.335008900596236
IND004349,32.9,F,African,African,,False,True,0.7213533157577218,0.21490374185412336,0.002619266292135318,0.05784946171898289,0.003274214377036676,1.232012742183202
IND004350,41.7,M,European,European,South Asian,True,True,0.0007135214697270939,0.7169285175494848,0.0002840310837065711,0.2723237405481124,0.009750189348968959,-0.5408353127766513
IND004351,27.8,F,African,African,,False,True,0.6835535062773048,0.1855031867927172,0.12902456586029457,0.001702913523677234,0.00021582754600619943,0.18615550345602838
IND004352,39.9,F,American/Indigenous,American/Indigenous,,False,True,0.002794300312993354,0.10150053318364045,0.007527930062212074,0.07935770958813627,0.808819526853018,-0.613423478857615
IND004353,54.2,M,European,European,African,True,True,0.39623743530984173,0.48833100898126847,0.022196066986309892,0.0004867989889973474,0.09274868973358259,-0.5443066866186698
IND004354,62.3,F,East Asian,East Asian,African,True,True,0.47649844088213283,0.04276422392955959,0.47995302122557054,0.0007388368705425801,4.5477092194442664e-05,0.22582095689452375
IND004355,18.0,M,African,African,,False,True,0.5441103073167533,7.845572038976835e-05,0.022153678138936744,0.3157075269425572,0.11795003188136306,-1.6085450869406612
IND004356,50.9,M,European,European,American/Indigenous,True,True,0.14251546866728354,0.4421627092560769,0.15308177542720608,0.00011710176462423066,0.26212294488480914,-0.2613721012187703
IND004357,47.0,F,European,European,African,True,True,0.2844958898365384,0.6158499382273555,0.0006825851936423312,0.0969133122939909,0.0020582744484728393,0.9506868576520331
IND004358,57.2,M,American/Indigenous,American/Indigenous,,False,True,0.0008280125514626536,0.00043870031647535345,0.10596732531862614,0.11901731401015188,0.7737486478032839,0.5823955616524976
IND004359,45.3,F,South Asian,South Asian,East Asian,True,True,0.05502232211484424,0.0024574306974151127,0.2886873578514439,0.653733011841306,9.987749499065992e-05,-1.4770782527516872
IND004360,40.6,M,East Asian,East Asian,,False,True,0.0006527833103097083,0.04507992894565395,0.4618572769991825,0.4166350299426022,0.07577498080225172,-0.7457339782212814
IND004361,83.2,F,European,European,,False,True,0.02212437418460492,0.7397777813006422,0.019610346170317768,0.21713386524281814,0.001353633101617021,1.9472472992051304
IND004362,27.1,F,East Asian,East Asian,,False,True,0.028994230245629533,0.005842460086384977,0.9651034142000156,1.5495377137950942e-07,5.974051419840343e-05,0.6070308209296037
IND004363,78.4,F,American/Indigenous,European,,False,False,0.13939909326267458,0.1447761121230024,0.020910262377354622,0.018210866346744556,0.6767036658902238,-0.2994810570789146
IND004364,21.0,M,African,African,,False,True,0.6769955496830258,0.019155540096595713,0.020145961262669362,0.05667023890796381,0.2270327100497453,-1.0963659070875822
IND004365,85.0,F,South Asian,South Asian,,False,True,0.00651922494188832,0.19731072826056564,0.00034805860402681527,0.48760878737442215,0.30821320081909703,0.9787277956342335
IND004366,85.0,M,American/Indigenous,American/Indigenous,,False,True,0.015381263683174363,0.3580232534846321,0.02610737924005167,0.0006609664705747291,0.5998271371215672,1.9078310214430945
IND004367,55.2,M,East Asian,East Asian,,False,True,0.012518690474056939,0.010232120275428169,0.9063142172298001,0.06622176568023014,0.004713206340484613,0.8146910744972564
IND004368,80.9,F,East Asian,East Asian,European,True,True,0.0020673295309042807,0.2939335729980794,0.578681608426503,0.09765057921352101,0.027666909830992414,0.07910255434492805
IND004369,61.4,F,American/Indigenous,American/Indigenous,,False,True,0.19038258281734255,0.1614110614295015,0.0005196007116263158,0.09740122574660995,0.5502855292949196,0.29243700549538904
IND004370,18.0,F,European,European,,False,True,0.02377281242510755,0.5806761720059039,0.10975965534965954,0.2857908642899325,4.959293964858181e-07,0.9639314546580582
IND004371,69.4,M,South Asian,South Asian,,False,True,0.0029935205495488166,0.21342894545344657,1.3156810337971247e-05,0.5790726889111344,0.2044916882755322,0.26103733613136093
IND004372,33.7,F,American/Indigenous,American/Indigenous,,False,True,0.016688069109411657,0.015528942261525345,0.07676775948309317,0.03763827239377042,0.8533769567521995,0.6138824268511944
IND004373,57.4,M,American/Indigenous,American/Indigenous,,False,True,0.00017307784465032798,0.005969809768745653,0.0002565863651809943,0.15066074001519042,0.8429397860062326,0.10610806247027979
IND004374,21.1,F,European,European,,False,True,0.08926464340500853,0.81538145287352,0.02261420200813384,0.050961784985693134,0.02177791672764459,-1.0488854706913242
IND004375,67.9,F,American/Indigenous,American/Indigenous,,False,True,3.2875895781973844e-07,0.21409983111857478,0.023641315381474962,0.0018512907960145958,0.7604072339449779,-0.008228770324312018
IND004376,55.6,M,African,African,,False,True,0.4095291392199981,0.03438121889169311,0.36021283032193235,0.044969613251057416,0.15090719831531899,-2.1859853135792076
IND004377,26.6,M,African,African,South Asian,True,True,0.7037305670791373,1.3984590769377896e-05,0.027264648571118752,0.2609355346191051,0.008055265139869398,-1.1158737809936625
IND004378,63.6,F,American/Indigenous,European,,False,False,0.017931573715960682,0.07807435457446767,0.02879112335388598,0.07072086725554128,0.8044820811001443,1.7534901782787295
IND004379,78.2,M,European,European,African,True,True,0.3011588292805482,0.6670289329168025,0.008767995779255907,0.018022457202748726,0.005021784820644751,-1.9068548410800146
IND004380,25.7,F,East Asian,East Asian,South Asian,True,True,0.0016622172039004238,0.003016942222243642,0.650652372718937,0.3431452401922355,0.0015232276626832633,-0.8099086598408941
IND004381,67.7,M,American/Indigenous,American/Indigenous,,False,True,0.007368749252163519,0.03633476590735715,0.043000997304434754,0.08178375612775814,0.8315117314082865,0.6015605855144589
IND004382,34.2,M,African,African,,False,True,0.8409045830336852,0.0007398193511742155,0.1578314980450521,1.5939258314077878e-06,0.0005225056442572081,-0.33421934431765127
IND004383,34.0,F,South Asian,South Asian,,False,True,0.02129648333310024,0.22124160281749436,0.01014147834631553,0.7312921589207078,0.016028276582382244,1.4959212065032865
IND004384,67.3,M,African,European,,False,False,0.9465521805094654,0.04508464710811512,0.007326088161339188,0.0006086077922958907,0.0004284764287841969,0.10771363898281655
IND004385,44.1,M,American/Indigenous,American/Indigenous,,False,True,0.04012796712271242,0.09841796923230652,0.12694861094824655,8.227391762505162e-06,0.734497225304972,0.7612213193219806
IND004386,25.0,F,European,European,,False,True,0.017285603844896188,0.9503480673072845,0.010626423082942047,0.019220466428671066,0.002519439336206109,1.625535664365454
IND004387,55.1,F,African,South Asian,,False,False,0.4735657957097096,0.09240269226903114,0.0116629382325724,0.4218361758706601,0.0005323979180266271,1.0035292349327951
IND004388,48.8,F,African,African,European,True,True,0.4501916315443976,0.31508882349355244,0.003253738533085525,0.23136510218799144,0.0001007042409729346,0.11775545356463968
IND004389,31.2,M,South Asian,East Asian,,False,False,3.924073586653525e-06,0.009312987933673767,0.39365233092253227,0.4809848912639259,0.1160458658062813,-1.0496653460677603
IND004390,67.1,F,South Asian,American/Indigenous,European,True,False,0.024834274171589323,0.3136619594350509,0.000663284485070362,0.4209650361418498,0.2398754457664396,-0.6076468493337558
IND004391,55.3,M,African,African,American/Indigenous,True,True,0.6685234952071548,0.016456445253268275,0.046334950645252046,0.017396841499135684,0.2512882673951891,-0.8008446623356265
IND004392,49.3,M,American/Indigenous,American/Indigenous,,False,True,0.00047773306981659233,0.18658586093760612,0.08122288245949458,2.7904123075028968e-05,0.7316856194100078,-1.0070821270970278
IND004393,27.9,M,European,European,,False,True,0.01275676695117322,0.750976683835629,0.16282723296946555,0.058511295537146,0.014928020706586293,-0.18131263770579326
IND004394,36.6,F,East Asian,East Asian,,False,True,0.18417974897048509,0.08785280613261714,0.6839510204114448,0.011711605859338448,0.03230481862611445,-0.5338594853871422
IND004395,52.7,F,African,African,,False,True,0.9523971047383157,0.045518108529468755,0.0020412725672249565,4.0746291828775323e-05,2.7678731616232224e-06,-1.5998560970641615
IND004396,64.8,F,American/Indigenous,American/Indigenous,,False,True,0.17576233898127255,0.004480284482302189,0.02361930574819679,0.0703660033164109,0.7257720674718177,-0.6007207433910696
IND004397,64.4,M,European,European,,False,True,0.1452293382301022,0.6816550651425186,0.16436561421376286,0.004063998421394336,0.004685983992221863,-0.013110461453776256
IND004398,25.5,F,European,European,East Asian,True,True,0.00040049273682067296,0.5025177629415716,0.44730927417312605,0.0002212516884321483,0.049551218460049534,0.03136955155353366
IND004399,43.8,F,African,African,,False,True,0.5985844941223348,0.2565274066460079,0.13561677257012067,0.006606033627268269,0.0026652930342681604,0.20280238178537696
IND004400,40.9,M,European,European,,False,True,0.048793401990811794,0.6887578709060692,0.18496791322154027,0.05244477979406006,0.025036034087518724,-0.04652558259885675
IND004401,50.7,F,East Asian,East Asian,American/Indigenous,True,True,0.04380407047842213,0.19303666692316981,0.3968083561054811,0.08363082030396826,0.2827200861889585,0.34794940027784593
IND004402,70.3,F,African,American/Indigenous,,False,False,0.42177222663875885,0.1013587219254315,0.011775413787993674,0.07299110757975308,0.39210253006806295,1.0243289489776632
IND004403,61.0,F,South Asian,South Asian,African,True,True,0.38502552617700864,0.06732123565839039,0.14441995228173113,0.4032303382627071,2.9476201626001153e-06,0.16319560342791836
IND004404,69.0,M,African,African,American/Indigenous,True,True,0.5415831267796113,0.1036209121997416,3.6091162695822627e-06,0.00802349277665322,0.3467688591277243,0.49044319903890476
IND004405,84.6,F,South Asian,South Asian,,False,True,0.14442681912262123,0.15937910312976808,0.1299862676721815,0.5418680103968458,0.024339799678583428,0.1353319706541
IND004406,85.0,F,American/Indigenous,American/Indigenous,,False,True,0.10049075389369311,0.38115668618817256,2.5499933983701874e-06,0.006394859803697745,0.5119551501210382,0.44074716541715575
IND004407,57.2,F,South Asian,South Asian,African,True,True,0.3117776892036398,0.002020483681566644,0.20752538185507272,0.4432202634056825,0.03545618185403831,0.7415396988421523
IND004408,52.1,F,American/Indigenous,American/Indigenous,,False,True,0.24218103574839786,4.893831273731189e-07,0.015685491282857112,0.0010606077475120658,0.7410723758381056,1.4993117005132741
IND004409,33.9,F,American/Indigenous,American/Indigenous,African,True,True,0.2818766510981539,0.05717855090269624,0.01923909098848862,0.01241609009297268,0.6292896169176887,0.587875313594577
IND004410,30.1,F,African,African,American/Indigenous,True,True,0.4180644081170162,0.20348617969429816,0.04684889847961687,0.0042959685611110255,0.32730454514795754,0.6652831232496947
IND004411,72.0,M,European,European,,False,True,0.0003812020336678571,0.7627694643342313,0.23297558123806691,0.00017061514792740575,0.003703137246106634,0.09610688417746277
IND004412,18.0,M,European,American/Indigenous,,False,False,0.0172210035536886,0.5382396379899097,0.21938744758288212,0.0019916927859241814,0.2231602180875952,-0.22667044848966816
IND004413,22.8,M,European,Other/Unknown,,False,False,0.03400014918049364,0.6555076398798695,1.0229629039407385e-05,0.002647575586558897,0.3078344057240385,1.3237491654425413
IND004414,71.0,F,East Asian,East Asian,,False,True,0.16495615548977563,0.0012042811574391257,0.6835164435681103,0.1484386987735406,0.0018844210111343674,-1.342341756033254
IND004415,23.8,M,East Asian,East Asian,African,True,True,0.43283100995302837,0.0006183970321574733,0.5318932436805918,0.034656710017017825,6.393172046107728e-07,-0.87090193481062
IND004416,82.6,F,European,European,,False,True,0.0017482159836345098,0.7936088673171152,0.0017565499710722387,0.17970532821199034,0.023181038516187802,-0.09664112616631837
IND004417,73.2,M,American/Indigenous,American/Indigenous,African,True,True,0.2889454149458623,0.006245270844921914,0.02638299973795532,0.00021273424420135894,0.6782135802270592,-1.4144486078702028
IND004418,66.0,F,South Asian,South Asian,,False,True,0.01759524779633655,0.0014450275062320415,0.09009101173995815,0.7217772467752969,0.16909146618217627,-0.4289915623305735
IND004419,45.3,M,African,African,,False,True,0.8657930512451356,0.0766080859960032,0.0015029470448586818,8.475175397959484e-06,0.05608744053860452,-0.9977348398868062
IND004420,72.7,F,South Asian,South Asian,,False,True,0.04790634153829581,0.0034787013077661097,0.004348325955301011,0.9442627165708143,3.914627822665479e-06,-0.4247556459001324
IND004421,51.1,F,American/Indigenous,American/Indigenous,,False,True,0.24713197953043245,0.03193431169209384,0.09166962745278223,0.30317844644758984,0.32608563487710174,0.9296388302021779
IND004422,33.9,M,East Asian,South Asian,,False,False,0.009682503525650654,0.15587810085576878,0.4356790230682716,0.3177961215279467,0.08096425102236215,-0.7278082890381845
IND004423,51.3,M,East Asian,European,,False,False,0.006482228911654992,0.16244013482001693,0.8238862732004679,0.0059298763717703885,0.0012614866960896634,-1.3963442950317573
IND004424,28.7,F,African,African,,False,True,0.7478415178931168,0.23716536191000623,0.010134646562648711,0.0048534478067583505,5.025827469742652e-06,-0.49625409814225657
IND004425,56.5,F,African,Other/Unknown,,False,False,0.44075834781362244,0.2691348656121428,0.12331207527204731,0.16566222137693942,0.001132489925248036,0.8807465249234452
IND004426,26.8,F,American/Indigenous,American/Indigenous,,False,True,0.215145725683337,0.2222369385334773,0.16802936969392698,0.0006381456343816231,0.39394982045487714,0.8044040172199982
IND004427,52.8,M,American/Indigenous,American/Indigenous,,False,True,0.029301006814492006,0.009373455035361786,4.4133838593378794e-07,0.005679983194191722,0.9556451136175687,0.9749925379576823
IND004428,77.2,M,American/Indigenous,American/Indigenous,,False,True,0.0982988581914023,0.006796989235782671,0.11991714279474379,0.17342970101020408,0.6015573087678673,0.05237404930826434
IND004429,30.3,M,South Asian,South Asian,,False,True,0.020846450410100477,0.10903571117565741,0.01077717185840897,0.8505192016938703,0.008821464861963,-0.13686100858036454
IND004430,48.1,M,African,African,,False,True,0.8968024002803304,0.04597678330216385,0.0247292184325576,0.02581862849543255,0.0066729694895155504,1.2432135392449473
IND004431,85.0,M,South Asian,South Asian,,False,True,0.0007924252557868257,0.00420770741151168,0.04426738763432636,0.8270280524094192,0.12370442728895602,1.0627922437751671
IND004432,47.2,F,African,African,American/Indigenous,True,True,0.43437282553978096,0.1272718912656885,0.029221237645991015,0.0832624935191765,0.32587155202936285,-0.2039534034298629
IND004433,22.3,M,European,East Asian,,False,False,0.015507211015840414,0.6210645307455228,0.2536125830685675,0.008824159712182972,0.10099151545788616,-0.7587663175906763
IND004434,84.2,M,South Asian,American/Indigenous,,False,False,0.004150235915836322,0.013325016426670083,0.1636676494571488,0.602399224464851,0.21645787373549397,-1.567179046306289
IND004435,26.0,M,South Asian,South Asian,European,True,True,0.057572189344098565,0.263879529293315,0.14764514212061408,0.3305826998818468,0.20032043936012567,0.2545924008187816
IND004436,39.7,M,American/Indigenous,American/Indigenous,,False,True,1.776477712778906e-05,0.16218272059437072,0.020044444997404137,0.0005376243390503055,0.817217445292047,1.5529089645803145
IND004437,29.6,M,South Asian,South Asian,,False,True,0.12893898735431986,0.00038818616891120664,0.10159807708085718,0.7527773580234243,0.01629739137248747,-0.7108092476908165
IND004438,38.6,M,European,European,,False,True,0.040642721169283635,0.8852590735848731,0.0576752595294345,0.016422786014767373,1.597016416260286e-07,1.7148123109216287
IND004439,51.7,M,South Asian,South Asian,,False,True,0.10864365695632236,0.2562584178496679,0.15451193880996428,0.26294858496670837,0.2176374014173371,-0.10583143340629281
IND004440,85.0,M,American/Indigenous,American/Indigenous,,False,True,0.030447454990579666,0.09571469946234443,0.0028164585387686685,0.009759192774634724,0.8612621942336726,1.4646915427254399
IND004441,18.0,F,East Asian,East Asian,,False,True,0.09523466474136602,0.005837765940786606,0.5574775252394443,0.06022231027590627,0.2812277338024968,-0.2987723572254024
IND004442,27.7,F,African,African,,False,True,0.9666454179807611,0.032787516956956655,3.374050779093276e-05,0.00024514896110643683,0.00028817559338488664,-0.4398360992396278
IND004443,31.9,F,African,Other/Unknown,,False,False,0.4023495110344766,0.12783858949154617,0.0002913926915389283,0.16065246505459055,0.30886804172784776,-1.2564451653695874
IND004444,70.6,M,East Asian,East Asian,,False,True,0.004773001840191844,0.24858739593092574,0.7209366143401851,0.002769793157271855,0.022933194731425542,-1.2705496800912743
IND004445,43.3,F,South Asian,African,,False,False,0.030984567096463578,0.09455946970831501,0.00906823985189789,0.6477018795091004,0.217685843834223,-1.7435229130840917
IND004446,85.0,M,European,European,South Asian,True,True,0.003583422307171207,0.5076308074269769,0.16771680719585685,0.2935712633499097,0.027497699720085287,-0.17397809023831456
IND004447,66.6,M,South Asian,Other/Unknown,,False,False,0.1453946237086249,0.12834914430433628,0.06938174931618371,0.3522675479930442,0.3046069346778108,1.123816287734671
IND004448,83.9,F,East Asian,East Asian,European,True,True,0.00013070771032015348,0.32332653520838084,0.5477128652439808,0.013872273786850789,0.11495761805046734,1.035608220355377
IND004449,30.9,F,East Asian,East Asian,African,True,True,0.4427619824392456,0.002829246389697261,0.5540423614343767,3.5470088101320023e-09,0.00036640618967166217,-1.651245767253002
IND004450,42.6,M,South Asian,South Asian,,False,True,0.0001569692155289118,0.18133677704324044,0.21165820385070505,0.603219827969551,0.0036282219209746247,1.0688269574212892
IND004451,84.6,F,American/Indigenous,American/Indigenous,,False,True,0.315461281915466,2.4360359138130942e-06,0.001143238690869624,8.828537084996873e-05,0.6833047579869005,-0.3408709818158514
IND004452,69.1,F,African,African,,False,True,0.8877426312156761,0.09825448423692956,0.0017019701353172807,0.010572479489809033,0.0017284349222681256,1.060108810451131
IND004453,59.0,F,South Asian,South Asian,European,True,True,1.7851065085385373e-05,0.4592357313938271,0.030654979124775977,0.5097896950218257,0.00030174339448588194,1.271417124671698
IND004454,23.7,F,African,African,,False,True,0.8586534827700719,0.0034514260696657307,0.08665175647072051,0.015950459770174983,0.035292874919366904,-0.4199400070763786
IND004455,51.6,M,American/Indigenous,American/Indigenous,,False,True,0.07012309699309757,0.10423818979882843,8.254135654351117e-12,0.04029417558902448,0.7853445376107954,-1.47401738757412
IND004456,35.2,F,European,European,,False,True,0.007263901525225413,0.9343171234950852,0.03801183923264856,0.01355246133038414,0.006854674416656586,-1.0294968003477822
IND004457,76.9,F,South Asian,South Asian,,False,True,0.10705911331662743,0.02264049218633616,0.01019816708221755,0.7742194279662252,0.08588279944859362,-0.2420316287525577
IND004458,65.8,M,East Asian,African,,False,False,0.03460925872346601,3.069418620018242e-05,0.96492627784868,3.6504313003071834e-05,0.00039726492865060713,-1.0429725361997615
IND004459,47.9,F,African,European,,False,False,0.6282243205234854,0.13433841753353135,0.06739843859061125,0.00014733568725309773,0.16989148766511872,0.17850495010328116
IND004460,74.6,F,African,African,,False,True,0.7906900768068026,0.037613479290755855,0.0043466124617076995,0.00714421686593579,0.1602056145747981,-0.13129516682667589
IND004461,39.0,M,African,African,,False,True,0.6713074150481978,0.0032598887251687092,0.09252158765560525,0.0043466663394616,0.22856444223156666,0.49468931059855825
IND004462,83.6,M,European,European,American/Indigenous,True,True,0.0635235287575112,0.6151664016395153,0.019493775873113357,8.987768353295227e-13,0.3018162937289613,0.4458048927010898
IND004463,30.8,F,South Asian,South Asian,,False,True,0.011818889979709887,0.09232319205504863,0.010551398639494341,0.7758873275461151,0.10941919177963205,0.5258384927821802
IND004464,44.3,M,European,European,,False,True,0.02469645174569613,0.8784067446676529,0.08512938745102237,0.007002825889707054,0.004764590245921642,0.7906998869543103
IND004465,18.4,M,African,African,East Asian,True,True,0.417023148811251,0.09517068944341014,0.38992997518204403,0.017005541539468497,0.0808706450238262,-0.7715122583631319
IND004466,68.9,M,African,African,,False,True,0.8557470975310766,0.07898961318531815,0.012775459161099092,0.0194700842241208,0.03301774589838561,0.5705419618558483
IND004467,41.3,M,East Asian,East Asian,,False,True,0.1678625865257233,0.0020242063422132987,0.653540119317548,0.12018461100727032,0.05638847680724515,-0.4035432026102447
IND004468,38.7,M,American/Indigenous,American/Indigenous,,False,True,0.034467599294498726,0.03715881731149638,0.012215817249355285,0.004276292026829618,0.91188147411782,0.21372316444543987
IND004469,22.3,M,South Asian,South Asian,East Asian,True,True,0.06760932463602473,0.00827362809167698,0.33737453763819014,0.48108079722316494,0.10566171241094323,0.5696539727760767
IND004470,59.0,F,American/Indigenous,American/Indigenous,,False,True,0.013224536382269,0.0030486369071601517,0.0316344137903306,0.034153473373146455,0.9179389395470938,-0.49600163095589556
IND004471,24.0,M,African,African,,False,True,0.6755606302540244,0.04036347362541618,0.035016484031692996,0.1826475461305926,0.06641186595827403,-0.5658491578047501
IND004472,18.0,F,African,African,,False,True,0.43175269759287616,0.053634044967292134,0.37215032179990615,0.14246264994012484,2.856998007749422e-07,0.3184657316795576
IND004473,46.0,M,European,European,,False,True,0.319888875008584,0.5853821826513479,0.00012071287165709534,0.0004387910655382849,0.09416943840287285,1.1692440406825584
IND004474,19.4,M,African,African,European,True,True,0.3610026638540838,0.32755517585848526,0.0016725003812569546,0.17997336171009962,0.1297962981960744,0.3825536996027221
IND004475,66.0,F,East Asian,East Asian,,False,True,0.14328382065537335,9.236213580309865e-05,0.8412888224591291,0.0006763314553380774,0.014658663294356467,-0.29936416864670223
IND004476,26.0,F,American/Indigenous,American/Indigenous,East Asian,True,True,0.1952013872773015,0.0006904988026936788,0.2560320476118077,0.21947171044608962,0.3286043558621076,-0.35118410045570725
IND004477,45.8,M,East Asian,East Asian,African,True,True,0.4427704377402659,0.00011638976197569193,0.5185137631184293,7.572676615010999e-05,0.038523682613178754,0.2321196965336838
IND004478,32.4,F,East Asian,East Asian,,False,True,0.051099922606366685,1.6319913186980644e-05,0.8346608627822181,0.10164028679198713,0.012582607906241225,-0.8743879248007032
IND004479,46.5,M,South Asian,South Asian,,False,True,0.055640085575605194,0.0014986433019935413,0.005191300725224162,0.8731684923697947,0.06450147802738243,-0.6043882016242637
IND004480,25.3,F,European,European,South Asian,True,True,0.0006653846473846655,0.5259134531072341,2.315584874366704e-07,0.4734209264258517,4.2610419747278e-09,0.838355036319334
IND004481,36.0,M,South Asian,South Asian,,False,True,0.14458217474264717,0.07716191628455137,3.7589424610053595e-05,0.7639074439241276,0.014310875624063904,0.6666500475595606
IND004482,22.0,F,European,European,,False,True,0.16422955215025536,0.5706283697744265,0.20280928585524782,0.028903793588980004,0.03342899863109014,-0.7590643424763226
IND004483,73.0,F,South Asian,South Asian,,False,True,0.03208078366421959,0.12044978961576686,0.021077101172809466,0.758638862901039,0.067753462646165,-1.1105814061673156
IND004484,35.6,F,East Asian,East Asian,,False,True,0.24939955234152908,0.16486829452898025,0.44291372152847686,6.185058621101976e-06,0.14281224654239275,-2.7975005971964118
IND004485,80.4,F,American/Indigenous,American/Indigenous,,False,True,0.10413615807326629,0.012845102917914608,0.2402333403705803,2.6822509082477355e-07,0.642785130413148,0.9983739154472588
IND004486,18.0,F,African,African,,False,True,0.9360032549823053,0.06003822162027191,0.003952344389858264,5.579427636566411e-06,5.995799279136782e-07,-0.5385776108951917
IND004487,29.6,F,European,European,,False,True,0.03520211822421475,0.7038716715194641,0.1508974856550405,0.10998444567703647,4.4278924244219066e-05,-0.20537535762813286
IND004488,69.2,F,East Asian,African,,False,False,0.15990432474328337,0.03334361619383868,0.7808984176522545,0.02481515022028096,0.0010384911903423457,-0.9758611648608657
IND004489,29.6,F,East Asian,East Asian,,False,True,0.0022687691987188278,0.06425529183810025,0.7782222787363581,0.12149592819036963,0.033757732036453124,0.4418964350653603
IND004490,23.1,M,European,European,,False,True,0.0034588082641843895,0.5859894243169907,0.2610479553665786,0.050792997094374785,0.09871081495787148,0.07976425646456364
IND004491,44.6,F,American/Indigenous,American/Indigenous,,False,True,0.20740824930803856,0.11064315808995773,0.011612357069306235,0.14700407076075273,0.523332164771945,1.62756097760548
IND004492,44.5,F,American/Indigenous,American/Indigenous,African,True,True,0.2840671691912022,0.00014261446725317696,0.016186725007945168,0.09312785322519963,0.6064756381083998,1.258578863349847
IND004493,57.2,M,South Asian,South Asian,,False,True,0.045459781531815714,0.0009436622825776575,0.005999892444148776,0.9437227862801083,0.0038738774613496195,1.6811283166106081
IND004494,29.4,F,European,European,South Asian,True,True,0.07985181534922926,0.47137664463182277,0.013062426542409864,0.4353996514037003,0.00030946207283800075,2.6293214592598506
IND004495,38.4,F,European,European,,False,True,0.00850266103099551,0.6387697789795166,0.0036004318772723024,0.3491141732912491,1.2954820966580746e-05,1.7127122111046487
IND004496,45.2,F,African,African,,False,True,0.4142277699405949,0.23249076709157615,0.0007502613428109646,0.18587676612565665,0.16665443549936126,1.5429207167391028
IND004497,74.5,M,American/Indigenous,American/Indigenous,African,True,True,0.43067349734492866,3.0497440862963563e-05,1.8994861185572545e-06,0.013859147015571761,0.555434958712518,0.1481451087804882
IND004498,38.4,M,European,European,,False,True,0.08843487248383078,0.5471658762905808,0.17883847736393887,0.18104349356421134,0.004517280297438221,0.6217155746874269
IND004499,41.3,M,South Asian,South Asian,European,True,True,0.007738219236085709,0.2881060784914745,0.012766838076184674,0.6809377971960869,0.010451067000168205,0.2128175066053492
IND004500,59.0,M,African,African,East Asian,True,True,0.6625990350247722,8.419349615762908e-07,0.3331871072693244,0.004213015770088178,8.536065462383925e-13,-2.0417760289627056
IND004501,40.1,M,American/Indigenous,American/Indigenous,,False,True,0.38038447510515766,0.04181029105589291,0.03649144362092466,0.14414215124087562,0.39717163897714935,-0.7161203008065483
IND004502,23.5,F,South Asian,South Asian,African,True,True,0.303890368629941,0.0002508799364982145,0.04611669053242351,0.3628434541030681,0.28689860679806917,0.08433979195636099
IND004503,81.0,F,American/Indigenous,American/Indigenous,,False,True,0.0012699973693699217,0.013358281190680148,0.011725533643753344,0.2076056216754431,0.7660405661207536,0.6816825405566697
IND004504,62.4,M,American/Indigenous,American/Indigenous,European,True,True,0.016985743169629794,0.3724148289251026,0.11638069354295931,0.04182902664706011,0.4523897077152481,-0.947034462334597
IND004505,58.8,M,South Asian,South Asian,,False,True,0.00025063403483869905,0.02104125948923153,0.0038443526192293914,0.9748560226318105,7.731224889971802e-06,2.3202068876098427
IND004506,76.0,F,East Asian,East Asian,,False,True,0.03350724755301339,0.12983626764757167,0.7615640253329813,8.747478171175073e-06,0.07508371198826254,-1.4810946331600983
IND004507,38.3,M,South Asian,South Asian,,False,True,0.1041824675174029,0.0646973366837354,0.0030799402774910893,0.6212220057724569,0.2068182497489138,-1.07670094675892
IND004508,36.1,F,European,European,,False,True,0.017349229936915664,0.9657816306818142,0.013875453479454887,0.0029931445599699234,5.413418452106562e-07,-0.4134033183981205
IND004509,37.5,M,South Asian,American/Indigenous,,False,False,0.0009769182973782136,0.02758604221318286,0.041142301402303474,0.8020828025801966,0.12821193550693885,0.6383163391103679
IND004510,51.6,M,East Asian,East Asian,,False,True,0.28487205801796744,0.09610526239159041,0.5690179650802034,0.037532661847362765,0.012472052662875868,0.23228364923195718
IND004511,52.4,M,African,African,,False,True,0.9586397549608391,0.004554990087328965,0.0036275904715417947,0.029223219634338486,0.00395444484595158,-0.42827530045241646
IND004512,73.6,M,East Asian,East Asian,,False,True,0.0009817569479063266,0.025767756277958194,0.5978510158528638,1.3445804095710283e-06,0.37539812634086195,0.9004577313721623
IND004513,23.1,F,African,African,,False,True,0.6182856809451777,0.01165599473113986,0.004882268503908541,0.1785235731368228,0.18665248268295112,1.412425727876052
IND004514,27.7,M,European,European,African,True,True,0.35088453566675215,0.6405448717058664,0.008474365496529157,7.030047168104953e-05,2.5926659171225113e-05,-0.09514220454815614
IND004515,68.4,F,East Asian,East Asian,,False,True,0.23754893870635727,0.002330525047017042,0.6992560834222828,0.06042733353217025,0.00043711929217260883,-1.1992746981764788
IND004516,18.0,F,European,European,,False,True,0.0048740946777772205,0.903270398740422,0.022754879768049317,0.06806996473020431,0.0010306620835470021,0.07080749215463766
IND004517,23.4,F,South Asian,South Asian,,False,True,0.0012959575826569612,0.06415529902561957,0.22316449698052482,0.5428679514074375,0.16851629500376122,-0.7503179957965569
IND004518,55.6,M,American/Indigenous,American/Indigenous,East Asian,True,True,0.013408388368143242,0.0018255889058577909,0.3637283901843178,0.0815212348298985,0.5395163977117826,-0.9857174723503976
IND004519,70.3,M,East Asian,East Asian,,False,True,0.18339894575234042,0.08453150243603262,0.5036219998879409,0.03606640548763804,0.19238114643604803,-0.7539844472967248
IND004520,85.0,F,American/Indigenous,American/Indigenous,,False,True,0.1152367572580469,2.8342680185466376e-05,0.014208768778122657,0.16975246659784568,0.7007736646857992,0.8783667244876823
IND004521,23.6,M,African,African,American/Indigenous,True,True,0.4085818713391054,7.922519298668064e-07,0.06991909120254161,0.12072433683504202,0.4007739083713811,1.0018704921078803
IND004522,60.3,M,African,African,South Asian,True,True,0.4577855761847665,0.03990321009469854,0.0012622695933190442,0.38243501147308057,0.11861393265413539,-0.665131655909758
IND004523,63.6,M,East Asian,East Asian,,False,True,0.00012729577130258133,0.16436897315692173,0.7326808695076386,0.01932540333231456,0.08349745823182277,-0.7572998980739523
IND004524,31.8,M,South Asian,South Asian,American/Indigenous,True,True,0.0009419210026867143,7.529567592703939e-05,0.03726706678995696,0.6353328094555761,0.3263829070758531,0.05339862881249452
IND004525,56.1,M,African,African,,False,True,0.8280567446783413,6.802746020911438e-05,0.0649443321949922,0.012176673220405426,0.09475422244605199,0.3884561244039029
IND004526,57.7,F,African,African,,False,True,0.4476699169999148,0.3749241668986619,0.03066491050867042,0.13220296594872433,0.014538039644028732,0.28327051955125593
IND004527,27.0,F,South Asian,South Asian,,False,True,0.2375739547230357,0.0003462227838596305,0.21910174774438962,0.5343771221657674,0.008600952582947597,-1.021348042467478
IND004528,24.4,F,American/Indigenous,American/Indigenous,African,True,True,0.32322808900894046,0.01079643718740634,0.12212790764394338,0.10452915885484577,0.43931840730486416,0.2672150886961704
IND004529,53.7,M,South Asian,South Asian,,False,True,0.25817738037137755,0.04610629578725699,0.008159492201790302,0.6811825436535682,0.006374287986006995,0.9913640552353111
IND004530,33.7,F,South Asian,South Asian,,False,True,0.08209880421891223,0.2393705867276728,0.01391259903451927,0.6645302887122868,8.77213066089023e-05,-0.3554623911173562
IND004531,58.6,F,African,African,,False,True,0.776432479664927,0.14098117734312507,2.7185600381987124e-06,0.010053373684694451,0.07253025074721514,-0.0436065880913242
IND004532,37.2,F,American/Indigenous,American/Indigenous,African,True,True,0.2782595004183581,0.08781981664236103,0.13759152693916155,0.12516597119356926,0.3711631848065499,0.2586178751502558
IND004533,34.7,M,African,African,,False,True,0.5936711191114903,0.00017968146966976437,0.2747290346108188,0.03534412143765127,0.09607604337036993,-0.5713088618392773
IND004534,37.9,F,American/Indigenous,American/Indigenous,,False,True,0.17891803668735923,0.15200373842359444,0.02572708814517162,0.0830984365399791,0.5602527002038955,0.13815837862430203
IND004535,39.1,M,East Asian,East Asian,,False,True,0.0948237786017456,0.042067137794801895,0.8450406746938347,0.01744967474079131,0.0006187341688263761,-1.7924311448041972
IND004536,43.2,M,African,African,,False,True,0.5864703249384813,0.1656807957942816,0.13375869756943684,0.11398061025102829,0.00010957144677186526,-0.4653521838031095
IND004537,45.2,F,American/Indigenous,South Asian,,False,False,0.11032686273695126,0.0037158624518810975,0.014739791566635355,0.42833906632308794,0.44287841692144436,-1.2461386474408738
IND004538,34.0,F,American/Indigenous,American/Indigenous,,False,True,0.0009701442606177285,0.11438618563024391,0.031047177184696583,0.0029694535906211626,0.8506270393338207,1.356255546772333
IND004539,37.3,F,African,African,South Asian,True,True,0.4259258654811122,0.0025901840754991587,0.0019457375643203685,0.41945124304121506,0.1500869698378531,-0.7415679187395416
IND004540,85.0,M,East Asian,East Asian,South Asian,True,True,0.0027363991261684447,0.1031716692921553,0.5744475508611435,0.28872746488289913,0.030916915837633473,-0.1223452264765475
IND004541,49.0,F,South Asian,South Asian,,False,True,5.760563212403144e-05,0.005058673199987543,0.09565130179643293,0.7211745118790954,0.17805790749236008,1.149714750167961
IND004542,70.3,F,European,European,East Asian,True,True,0.11033130397894221,0.32213248970263686,0.28868928110890035,0.27884606254224753,8.626672730417977e-07,0.8816170488804834
IND004543,68.0,F,South Asian,South Asian,,False,True,0.001921795569787658,0.05202182313672954,0.0013811784457865575,0.9160630871429255,0.028612115704770655,-0.651547934094092
IND004544,25.6,M,East Asian,East Asian,,False,True,0.0850678516451339,0.09369396131401737,0.7692500105601427,0.010711687886271392,0.041276488594434446,0.19334320514178388
IND004545,23.2,M,South Asian,South Asian,,False,True,0.005858847908918047,0.010317214610509396,0.033534361803877574,0.7845107110377912,0.16577886463890376,0.3658382022899721
IND004546,83.4,M,East Asian,East Asian,European,True,True,0.001030699474444324,0.2755934626459399,0.6495170519496469,0.07382529003560898,3.349589435983123e-05,-1.7171656412491862
IND004547,83.0,F,South Asian,South Asian,,False,True,0.10885803583229153,0.26786794359831434,0.01480724073903358,0.4266107051418801,0.18185607468848047,-1.1341209477322853
IND004548,54.1,M,European,European,South Asian,True,True,0.0720986904242365,0.5085774186305398,0.0010950000236248638,0.39765450686149945,0.020574384060099118,-0.5277437525044006
IND004549,30.5,M,African,African,,False,True,0.9572546224140058,0.00011013845450434729,0.041798880150147336,0.0008128361371487633,2.3522844193781983e-05,-0.327425769286002
IND004550,45.1,F,South Asian,South Asian,African,True,True,0.45424302415177237,0.06572422011177316,0.0028407820212034036,0.47672998372646935,0.0004619899887817042,-2.6238113205678673
IND004551,76.7,M,American/Indigenous,American/Indigenous,,False,True,1.3085183002061954e-05,0.12189375894288146,0.0005783287542326088,0.06915634783995561,0.8083584792799282,0.8502732249810251
IND004552,40.7,M,European,European,African,True,True,0.2785633909348467,0.7093078828092267,0.0003722110706965811,0.011471738768945338,0.00028477641628437946,0.18632043327149939
IND004553,55.8,F,African,African,South Asian,True,True,0.38170513018068525,0.002328431812293014,0.021054043284335393,0.3588068040704554,0.23610559065223088,1.3102084674125534
IND004554,66.8,F,European,European,,False,True,0.08311450911096478,0.9068734483669605,0.006241684091488751,0.0011248645285173416,0.002645493902068827,1.4158925203093047
IND004555,77.9,M,American/Indigenous,European,,False,False,0.2380349137775295,0.2726641522863559,0.003441385731499091,0.00048046767400072735,0.4853790805306149,0.8613574080252633
IND004556,65.2,M,East Asian,East Asian,,False,True,0.16235822492678453,0.021655071882752352,0.542982948987534,0.012033552499489493,0.2609702017034396,0.7488633368517263
IND004557,30.7,F,East Asian,South Asian,,False,False,0.33576971501687547,0.08538062838369179,0.4181506123033119,0.16053318168566308,0.00016586261045774275,0.7692289949164894
IND004558,68.5,M,South Asian,South Asian,,False,True,0.2436895036820513,0.004328132529336832,0.01841189755163513,0.6866939503387122,0.046876515898264595,0.3013933481995126
IND004559,60.1,M,European,European,,False,True,0.04018600545162708,0.8658672084781373,0.06563665817473782,0.0018778805900636695,0.026432247305434337,0.07461236874378391
IND004560,61.3,F,East Asian,East Asian,,False,True,0.06665640361560811,0.06184714699452247,0.7270496856421004,0.0761796311861281,0.068267132561641,-0.03530327555118448
IND004561,38.7,F,East Asian,East Asian,,False,True,0.4118976742819689,0.04084970238157883,0.498169487808876,0.04907202698358484,1.1108543991396641e-05,-0.5152867713915772
IND004562,35.1,M,African,African,,False,True,0.7565300602906987,0.040575757035804426,0.05014748608771738,0.15174085927819023,0.0010058373075891452,0.9109149076715796
IND004563,81.7,M,South Asian,South Asian,,False,True,3.2875696897990975e-05,0.31933576273029196,0.02065683668295095,0.38729303975757134,0.2726814851322877,-0.19731277475836975
IND004564,61.5,M,East Asian,East Asian,American/Indigenous,True,True,0.004061315292274858,0.09670473870630104,0.5592258353827578,0.0003875404696945327,0.3396205701489716,-0.19376602830844994
IND004565,49.9,F,European,European,,False,True,7.540962438773863e-07,0.7622317260870239,4.082372602096306e-06,0.0003080862748047284,0.2374553511693253,-0.12261580372133629
IND004566,54.7,M,South Asian,South Asian,,False,True,0.0021800598433707,0.14840436425546116,0.1063730313947105,0.7428123952929501,0.00023014921350753424,0.4099404971946442
IND004567,84.1,F,American/Indigenous,American/Indigenous,African,True,True,0.3441454247912751,0.004047171247001909,0.08012711720175617,8.885544004978578e-07,0.5716793982055663,0.4219776923549707
IND004568,67.3,M,European,American/Indigenous,,False,False,0.0002029314535491597,0.8374650991106168,5.075442570719764e-06,0.00038830453499026277,0.16193858945827305,0.8759390597364353
IND004569,69.0,M,South Asian,South Asian,,False,True,0.3537642661978828,0.14874143996941755,0.012907695385132163,0.48429837561811245,0.0002882228294550149,1.0582349782050593
IND004570,55.2,M,African,African,East Asian,True,True,0.5576482239769501,0.0011095673437904944,0.3485281270323423,0.04734519601947638,0.04536888562744076,-1.0077041529689819
IND004571,27.9,F,African,African,,False,True,0.7977939632522403,0.012147449749843312,0.17466728011491975,0.005506129455299283,0.009885177427697152,-2.3703883670493187
IND004572,82.7,F,European,European,,False,True,6.541788212331172e-06,0.8288266219772326,0.020617375247597845,0.0009140919252916878,0.14963536906166583,0.7557623137622005
IND004573,28.6,F,American/Indigenous,American/Indigenous,African,True,True,0.26101973465308387,0.014699920962338237,2.2648760267606832e-05,0.006527359581244119,0.717730336043066,-0.36996929809604046
IND004574,42.4,M,East Asian,South Asian,,False,False,0.11896597102070476,0.020777104606856563,0.4564715531810255,0.3958536020592539,0.007931769132159098,0.3012869521548072
IND004575,40.1,M,American/Indigenous,American/Indigenous,South Asian,True,True,0.006164307082033547,0.009492584554104903,2.3881172078370036e-06,0.3829321492717958,0.6014085709748579,1.524030976194538
IND004576,80.8,M,South Asian,South Asian,European,True,True,0.1299072804384498,0.31371037360720444,0.0002002132217025596,0.432785000032636,0.12339713270000717,1.3255619376263612
IND004577,49.3,F,European,European,American/Indigenous,True,True,2.212600810720777e-08,0.5763970246028324,0.01495322391916762,0.0005028473090808439,0.40814688204291105,-0.42506833680192857
IND004578,63.2,F,American/Indigenous,American/Indigenous,African,True,True,0.27968036422522563,0.14303555128509945,0.02209408400601818,0.0012767018542381638,0.5539132986294184,0.39786454054310627
IND004579,85.0,F,South Asian,South Asian,,False,True,0.022557026108544192,0.031379097368765554,0.1519297113485004,0.7802576188082303,0.01387654636595968,-0.015952956244491223
IND004580,58.5,M,African,African,South Asian,True,True,0.5736428698393665,0.051415530707042446,0.016995010276093698,0.3318676827327174,0.026078906444779986,-0.36002914196262953
IND004581,68.0,F,South Asian,South Asian,,False,True,0.20466083466196833,0.11256102033152385,0.09833802629523063,0.5442588397818343,0.040181278929442815,0.3321148415909353
IND004582,76.2,M,European,European,,False,True,0.003149911704646501,0.6172246043590904,0.13988516931495154,0.008051745652162849,0.23168856896914874,-0.20296427510447346
IND004583,72.6,M,European,European,South Asian,True,True,0.013285270735141949,0.6852304674472626,0.008982226862579629,0.2902831080604306,0.002218926894585242,-0.5405052553659149
IND004584,65.8,M,East Asian,East Asian,,False,True,0.0047299478671878935,0.00442155046151013,0.9220031125715775,0.0017245665712059413,0.06712082252851848,-1.683812579841491
IND004585,77.2,F,South Asian,South Asian,American/Indigenous,True,True,0.0004932605771770086,0.1594951630808411,0.019967667266716033,0.48269822140864577,0.33734568766662,0.45196819819076617
IND004586,57.9,F,African,Other/Unknown,,False,False,0.4746234789147819,0.28169813191806903,0.014011624831376208,0.007043593751402348,0.2226231705843705,-1.220422859113287
IND004587,37.8,F,European,European,,False,True,0.025113370051314303,0.7800073205144927,0.19228841861099732,0.00024782639125703256,0.002343064431938538,0.5450596806757341
IND004588,63.1,F,European,European,,False,True,0.19319650987296383,0.7255003677489213,0.00047886010004331506,0.06393626175859739,0.016888000519474096,2.3352904483367576
IND004589,71.4,M,European,European,African,True,True,0.2816012302805211,0.7053506830387808,0.0006764955613168314,0.007929471021164664,0.004442120098216604,-0.2853321071469026
IND004590,78.3,F,American/Indigenous,American/Indigenous,,False,True,7.791998677213845e-07,0.014405248955792045,0.0029004191382768526,0.013001076643253983,0.9696924760628094,0.40912518889098326
IND004591,21.8,M,African,African,,False,True,0.5548639877790394,0.07021831226924621,0.11581277977306226,0.06304035920031203,0.1960645609783402,0.13827631159279555
IND004592,24.1,M,European,African,,False,False,0.3860371276986728,0.4280826151532982,0.009523921632448274,0.12211528374845888,0.054241051767121726,0.9895934797757844
IND004593,70.8,F,European,European,,False,True,0.009141390601457923,0.9808034393456228,0.008260476894848608,0.0012750215250752778,0.0005196716329955124,0.3716047601683342
IND004594,46.7,F,East Asian,East Asian,European,True,True,0.17590845883851902,0.26699094178325417,0.42737520449809363,0.002754488124717254,0.1269709067554158,-0.7514223259801169
IND004595,58.6,M,East Asian,East Asian,,False,True,0.11569924362635974,0.3953879466326095,0.4858940414193998,0.0003053621341927432,0.002713406187438269,-0.47097772055872683
IND004596,58.7,F,European,European,South Asian,True,True,0.23122818819927118,0.42648717902797784,0.005192830981715313,0.32418108004150714,0.012910721749528476,1.1274480123196637
IND004597,67.9,F,East Asian,East Asian,African,True,True,0.33182272232241705,0.0014633366103325854,0.4005151942531032,0.0005013343518449625,0.2656974124623021,0.36440458013035854
IND004598,33.5,M,African,African,,False,True,0.8377549540386499,0.07531158275608914,0.07724877201373323,0.008003896653203321,0.0016807945383244373,-1.5652045491576518
IND004599,41.5,M,American/Indigenous,American/Indigenous,,False,True,0.3365389181681669,0.2249368642709059,8.083088077947296e-08,0.013781759095887452,0.4247423776341589,0.6570288524479833
IND004600,74.3,F,East Asian,American/Indigenous,,False,False,0.015221640083846065,0.051487605220822456,0.47169422543450756,0.16862815522672808,0.2929683740340958,-1.321195578055394
IND004601,73.0,F,East Asian,East Asian,South Asian,True,True,0.07532882483984209,0.0034939039559601336,0.39559114691710934,0.3578719279652197,0.16771419632186874,0.4694443330030722
IND004602,68.8,F,East Asian,American/Indigenous,,False,False,0.00021195336871521648,0.0020586227230053136,0.7746839076901414,0.18714820328050724,0.035897312937630814,-1.9518670839157048
IND004603,39.9,M,East Asian,East Asian,,False,True,0.0009818276810839505,0.07457659301726187,0.7070705569994266,0.08879071611144998,0.1285803061907775,-2.730787405233945
IND004604,39.9,F,African,African,South Asian,True,True,0.45502281050263016,0.005607059826950636,2.3478487062866992e-05,0.4380043221196989,0.10134232906365731,0.9762454200365964
IND004605,67.8,M,American/Indigenous,American/Indigenous,,False,True,0.06888932445254138,0.000697664783555536,0.009797294423671808,0.00022043314504691767,0.9203952831951845,-0.23627970401009213
IND004606,25.8,F,African,African,,False,True,0.6228567012606903,0.1499951949657637,0.02221927692082429,0.065610418713921,0.13931840813880086,-1.5979967181781285
IND004607,73.1,M,American/Indigenous,African,,False,False,0.23162431958369423,0.21606106726234922,0.11866948761216903,0.17206440884608196,0.2615807166957055,2.0204564587806697
IND004608,36.9,F,East Asian,East Asian,South Asian,True,True,3.692517119896293e-07,0.00011401695360665768,0.6313337879972781,0.33979298531082497,0.028758840486578435,-1.229787796083198
IND004609,18.0,F,South Asian,South Asian,,False,True,0.03712404523197113,0.213976340957506,0.013233685836573307,0.7248211251992409,0.010844802774708746,0.7891924577736404
IND004610,79.0,M,American/Indigenous,American/Indigenous,,False,True,0.07212490202895896,0.013140928778870043,0.01029407023773226,0.43621603898390787,0.46822405997053085,0.21608051502885964
IND004611,45.9,F,African,African,,False,True,0.4767470611552946,0.11774843484937,0.2141982952154804,0.1442767649727497,0.04702944380710526,-0.17996373351861866
IND004612,41.6,M,African,African,,False,True,0.983522012567013,0.0016528218123615416,0.011171789010941218,0.00365336564250936,1.0967174926689925e-08,-0.8347368853904227
IND004613,63.6,F,East Asian,East Asian,African,True,True,0.3694776591355225,0.002322554941032047,0.46633534280456856,0.0016572020112597045,0.16020724110761717,-0.198951274597182
IND004614,27.6,M,South Asian,South Asian,,False,True,0.06836257489578824,0.31333640384368666,0.051224733197947035,0.5656179530020884,0.0014583350604895626,0.7771677033318365
IND004615,47.8,F,East Asian,East Asian,,False,True,0.002509197251268376,0.0008197859275553115,0.9071948466149218,0.0894757707265431,3.9947971135726556e-07,-0.7252416404292321
IND004616,69.1,M,East Asian,East Asian,,False,True,0.05136749557755123,0.0008424942338519065,0.6405631740841701,0.07221568840604545,0.23501114769838138,-2.22584208080308
IND004617,51.6,F,East Asian,East Asian,European,True,True,0.005732901009817355,0.26405636738370064,0.44551794925354576,0.22974532922184773,0.054947453131088536,-1.5748712712178556
IND004618,77.3,F,American/Indigenous,American/Indigenous,South Asian,True,True,0.02862101825387597,0.0011625102003547342,0.1335857819203905,0.3884788618718796,0.4481518277534992,0.3488594359299127
IND004619,68.9,F,East Asian,East Asian,,False,True,0.2139773332910031,7.90649692076993e-05,0.7135927878319824,0.0571940662374209,0.015156747670385787,-0.14022915391021246
IND004620,41.5,M,American/Indigenous,American/Indigenous,,False,True,0.02486426481301482,0.0707542334397886,0.00034496276055783013,0.016779553627555576,0.8872569853590832,0.7467527739716875
IND004621,76.2,M,European,American/Indigenous,,False,False,0.10273126360015837,0.4709661542601945,0.025591912742334945,0.01155394851751806,0.38915672087979397,0.278880894452623
IND004622,32.3,M,East Asian,East Asian,African,True,True,0.270778418891302,0.0010598351082165463,0.5619728352127645,0.0021822806569175763,0.1640066301307994,-0.25676794232498296
IND004623,25.6,M,South Asian,South Asian,,False,True,7.934269999592971e-06,0.16169551624948292,0.043867412546035274,0.6177105244957947,0.17671861243868744,1.5766633393116218
IND004624,81.8,F,American/Indigenous,American/Indigenous,,False,True,0.12717182934414384,0.10331584853277942,0.000493480535968352,0.0020645682552061376,0.7669542733319022,1.542107058218312
IND004625,73.6,F,European,European,,False,True,0.0027775235031324433,0.9565179872097853,0.010366986604033153,0.003267276181440046,0.027070226501608927,-0.27679550578624157
IND004626,68.3,M,European,European,,False,True,0.0022154550713323995,0.6153337037152338,0.1149907701602593,0.26066253539228795,0.0067975356608865395,0.7302749937138935
IND004627,27.1,M,African,African,,False,True,0.8306915644146982,0.016315826589655646,0.03855558740151727,0.032662321487498557,0.08177470010663027,2.8686905697507825
IND004628,42.8,F,East Asian,East Asian,,False,True,0.045812641027141374,0.006428583334709141,0.916831091808296,0.010586595573880123,0.02034108825597331,0.7542947092535182
IND004629,50.6,F,African,African,South Asian,True,True,0.5365371786144812,0.004356434452693586,0.0034404960993408415,0.3466015927948531,0.1090642980386313,0.9599276367760513
IND004630,79.9,M,South Asian,South Asian,,False,True,0.09828129067424372,0.3606234067121985,0.0030554044532665934,0.515179653764581,0.022860244395710178,-0.31111211474125877
IND004631,53.7,M,South Asian,South Asian,,False,True,0.10731678071926994,2.0942466525473945e-07,0.31626211700127393,0.5701586690910312,0.006262223763759504,0.6343424212605239
IND004632,71.4,M,East Asian,African,European,True,False,0.0033171400386202156,0.4129506842177202,0.5835422825018923,0.0001602579544035991,2.96352873636321e-05,0.5843150788518561
IND004633,76.0,F,East Asian,American/Indigenous,,False,False,0.0011009361292054368,0.00031224691706811927,0.9010514396014793,1.5904086289798303e-08,0.09753536144816087,-0.20239286936432704
IND004634,69.2,M,American/Indigenous,American/Indigenous,,False,True,0.0003614545667743287,0.0034329859209475296,0.1182867275900167,0.0029522543776966392,0.8749665775445649,1.5932426190828155
IND004635,65.7,M,South Asian,South Asian,,False,True,0.0012253021887217495,0.07859531279953375,0.1083735209410785,0.8118015546425253,4.309428140558756e-06,-0.17390213839817942
IND004636,25.7,F,American/Indigenous,American/Indigenous,,False,True,0.019857754446152363,0.03362056165967058,0.0005259009179971651,1.3012669630082813e-06,0.945994481709217,-0.23331656090705483
IND004637,37.1,F,African,African,,False,True,0.443190715440434,0.027107254773692697,0.009658384491562505,0.11602426990391822,0.40401937539039257,-1.2095921688057913
IND004638,62.1,M,South Asian,South Asian,,False,True,0.09113345424903277,4.299904604780056e-06,0.14108529655913557,0.6561734977950563,0.1116034514921707,-2.222666058866669
IND004639,59.9,M,European,European,,False,True,0.12911163707721707,0.5591571880848986,0.00456967323878279,0.1725138307907551,0.13464767080834644,0.16510407156663923
IND004640,24.1,M,East Asian,East Asian,South Asian,True,True,0.032925367599174735,0.00041890695926354124,0.5512704010800745,0.4153806397696425,4.68459184472988e-06,-0.17667356668267553
IND004641,79.7,F,East Asian,East Asian,,False,True,0.01947783677340587,0.057559185927282645,0.782555223006961,1.0538752512544156e-07,0.1404076489048254,0.03397364177124973
IND004642,28.6,F,American/Indigenous,American/Indigenous,European,True,True,0.0020604531854399896,0.31615604480774756,3.866733575832705e-05,0.17891362302656658,0.5028312116444876,1.1202398809862157
IND004643,45.6,F,East Asian,Other/Unknown,,False,False,0.274789445843518,8.310776297905257e-05,0.7228535467476002,0.0022000270282327376,7.387261767018843e-05,0.41579791471582506
IND004644,58.8,M,South Asian,South Asian,African,True,True,0.3234086461145552,0.10756026417659931,0.0524940537763246,0.5058844490267488,0.010652586905772138,-0.7284432837641794
IND004645,65.2,F,East Asian,East Asian,,False,True,0.0003519662079177068,0.009526028384862264,0.8870271280925405,6.218080303017547e-07,0.10309425550664922,-0.551773563600533
IND004646,85.0,F,American/Indigenous,American/Indigenous,,False,True,3.8034577471667885e-05,7.335438415422788e-05,0.09896390065483289,0.10494212231336296,0.7959825880701782,0.19731349608382565
IND004647,20.2,F,European,European,South Asian,True,True,0.0008640711697796646,0.39803965024979693,0.18661806420633217,0.3454258050606283,0.06905240931346301,-2.00240581281119
IND004648,22.7,M,African,Other/Unknown,,False,False,0.6010459169323208,0.06000963696431585,0.17537105039453738,0.02568267880299298,0.13789071690583302,-1.7406081223980692
IND004649,54.1,F,East Asian,East Asian,American/Indigenous,True,True,0.002107874341643426,0.00033766115062301575,0.6070614192439413,0.09333626051602678,0.2971567847477653,0.2399729245705421
IND004650,55.3,F,East Asian,East Asian,,False,True,0.00045842489637704754,0.019155841814602143,0.8874473125086536,0.09292116406051318,1.7256719853970007e-05,-1.3332601827633317
IND004651,42.7,F,East Asian,East Asian,African,True,True,0.3297172373976962,0.31423848304651086,0.3362114567242676,0.014557810400657343,0.005275012430867839,-0.2694080542818428
IND004652,59.9,M,African,African,,False,True,0.9479646593218938,0.03141019313085864,7.667699231928723e-05,0.0005998248140447556,0.019948645740883623,-2.007590166068489
IND004653,41.6,M,East Asian,East Asian,,False,True,0.016445842428356696,0.3972286889468931,0.5581577783248698,0.00543867770909291,0.02272901259078764,-0.6642540449610759
IND004654,85.0,M,South Asian,South Asian,East Asian,True,True,0.04532382312791118,0.005815867470168173,0.4080147797236615,0.540840533418846,4.996259413272692e-06,-0.573490153759356
IND004655,27.3,M,European,European,,False,True,0.0017092045808502982,0.6027770735970134,0.3879267869949775,0.007226184368985684,0.0003607504581731551,-0.23658883102227618
IND004656,41.5,F,European,European,,False,True,1.7889543930957985e-09,0.991520132298591,0.0005250614269252413,0.00023362105860080608,0.007721183426928402,0.5197271668962149
IND004657,20.0,F,European,European,,False,True,0.16534974811659348,0.742240427665184,0.010106644366911558,0.04298577701916537,0.03931740283214564,-0.41891204483457856
IND004658,67.0,M,European,European,,False,True,0.11918622386439354,0.6261682089689397,0.11484125175331494,0.055669337789082146,0.0841349776242695,1.6657011368825156
IND004659,32.1,F,South Asian,South Asian,,False,True,0.012585317313620562,0.08704023838334618,0.002385621301675442,0.897955264418768,3.355858258970389e-05,-1.1662519000324512
IND004660,56.6,F,American/Indigenous,American/Indigenous,,False,True,0.03366038212260917,0.0022414344625189277,0.04962273719222623,0.0075412020387565955,0.9069342441838891,1.5292546624802368
IND004661,51.3,M,European,European,,False,True,0.016096194600419084,0.9256196893120447,0.006225713650039174,0.00704432865725751,0.04501407378023951,-1.4619819704104469
IND004662,29.4,F,East Asian,East Asian,American/Indigenous,True,True,0.005415976346094256,0.009739410099092944,0.5380766994840461,0.032734959579062355,0.4140329544917044,-0.7141181439755926
IND004663,52.5,F,European,European,,False,True,0.0907365233247897,0.6231616190057365,0.060674026989512866,0.1790022388638284,0.046425591816132365,1.3350334804236672
IND004664,38.7,M,East Asian,East Asian,,False,True,0.02921945163215149,3.2046409508969857e-06,0.7115877630038004,0.17773024337367227,0.08145933734942475,-0.811189364630086
IND004665,50.9,M,East Asian,East Asian,,False,True,0.1119767266759191,0.2917111540233707,0.5008569643535546,0.0073143316931624765,0.08814082325399314,0.9998388957315153
IND004666,33.4,M,American/Indigenous,South Asian,,False,False,0.24914980561936736,0.014183478672315886,0.001007662554220045,0.11968863713683577,0.6159704160172609,0.8376977916480419
IND004667,26.6,F,American/Indigenous,American/Indigenous,,False,True,0.17848286800597274,0.07578740731777713,0.012805955165412717,0.09354457039803707,0.6393791991128004,0.4833394760889411
IND004668,74.1,M,African,African,,False,True,0.9431257012068676,0.02738056076996944,9.742437144807746e-06,0.029482953299107058,1.0422869111874742e-06,1.0152666131295767
IND004669,47.6,F,East Asian,East Asian,,False,True,0.12091023737461104,0.12348448436950658,0.3274540137243111,0.10453315854205143,0.32361810598951984,-0.24574990407303468
IND004670,69.2,M,South Asian,South Asian,,False,True,0.12092712027252463,0.06324168834806851,0.014423280038409215,0.4867989813390993,0.3146089300018983,0.6177728038742273
IND004671,25.6,M,East Asian,East Asian,,False,True,0.4180467812104017,0.050072819837798974,0.5309738359544127,4.671739155021072e-07,0.0009060958234710624,-0.1180909804516358
IND004672,70.2,F,African,African,American/Indigenous,True,True,0.3500487317571962,0.12053465800300536,0.25135934774604574,0.010187269682866418,0.26786999281088614,-1.1506552560179104
IND004673,22.7,F,South Asian,South Asian,,False,True,0.21045954711139223,0.13610827750835322,0.08639450545210257,0.3823374287047549,0.18470024122339704,1.4820956209871237
IND004674,24.6,F,American/Indigenous,American/Indigenous,,False,True,0.07829480039618035,0.00045657733631421975,0.02303244763251966,0.13424461096474588,0.7639715636702399,0.8619528566729346
IND004675,51.5,M,South Asian,African,,False,False,0.052707335598567336,0.0014529703886364054,0.15704266367627637,0.40579461877106326,0.3830024115654565,0.39477618035115625
IND004676,38.4,F,American/Indigenous,American/Indigenous,,False,True,0.26092762888943094,0.01273920410948096,0.013523750763432754,0.14608697238840643,0.5667224438492489,-0.21077500957158157
IND004677,61.4,M,African,Other/Unknown,,False,False,0.9267504106412446,0.00012648750160270755,0.07085406602492254,0.0004628804009264158,0.0018061554313036036,0.24740910613446626
IND004678,29.5,F,South Asian,South Asian,,False,True,0.056790756155419286,0.23083033257742416,0.013906974146008822,0.5704530777195961,0.12801885940155164,-0.18972322551303755
IND004679,34.9,M,African,African,,False,True,0.7275893478627431,0.003703091923516785,0.0049650094290665265,0.0554292433246706,0.2083133074600028,0.3248372588537507
IND004680,61.3,M,South Asian,South Asian,African,True,True,0.3182826174865448,0.23232189972016887,0.006501565496296728,0.4423026689201381,0.0005912483768514767,0.11312990973353843
IND004681,85.0,M,American/Indigenous,American/Indigenous,,False,True,0.06858546189091472,0.003161107861571348,0.03728809629684901,0.004212021152116989,0.886753312798548,-0.39500911661055316
IND004682,63.1,M,American/Indigenous,Other/Unknown,,False,False,0.01217848482122711,0.18840433835563683,0.0010992419360733763,0.012634306961660954,0.7856836279254018,0.5171914400836276
IND004683,40.6,M,African,East Asian,,False,False,0.9062683112327995,0.008304224463065245,0.05252526583794006,0.026987210912882996,0.005914987553312156,-0.5313375942058364
IND004684,76.3,F,American/Indigenous,American/Indigenous,,False,True,0.0010333297376075446,0.0005398228257164407,8.282504329837025e-05,0.15123742385098063,0.8471065985423971,1.235992921320002
IND004685,85.0,F,South Asian,South Asian,,False,True,6.739832431082111e-05,0.10152253377213062,0.0017807567392999996,0.5333329309822717,0.3632963801819868,0.25166570742259037
IND004686,18.0,F,African,South Asian,,False,False,0.59136864222763,0.24774359149449782,0.005975996926480172,0.07752602305495121,0.07738574629644089,0.18902913845844377
IND004687,79.5,M,American/Indigenous,American/Indigenous,South Asian,True,True,0.13447606924715627,0.000795924156887391,0.05065905607739071,0.30196780367099896,0.5121011468475667,0.5785909120519389
IND004688,25.4,M,African,European,,False,False,0.9077560597668938,0.05881289133400075,0.013387353727510163,0.00283285271007389,0.017210842461521502,0.4455228978951225
IND004689,35.9,F,South Asian,South Asian,East Asian,True,True,0.13256961816585863,0.05921780551863743,0.3592969395202772,0.3810539449172543,0.06786169187797227,-1.7001589680789349
IND004690,60.5,F,East Asian,South Asian,,False,False,0.022842642248959547,1.682913572913866e-05,0.4554304631745035,0.3316460687767669,0.19006399666404095,-0.5117406027538077
IND004691,45.0,F,American/Indigenous,American/Indigenous,European,True,True,0.0003395228909375059,0.3765785687743902,0.03180398859449954,0.0014808657060158723,0.589797054034157,0.27743742463662635
IND004692,23.9,M,East Asian,East Asian,African,True,True,0.2986291103949917,0.019728442283194262,0.51228341783088,0.02748558563695709,0.14187344385397685,-0.35016765311754205
IND004693,25.2,F,American/Indigenous,South Asian,,False,False,0.21973568171218277,0.004732754009879104,0.04695233798507446,0.3552380005907104,0.37334122570215317,0.6951373011124168
IND004694,80.7,F,American/Indigenous,American/Indigenous,,False,True,0.02718646275757927,0.20225914516129787,0.012461939318616276,0.2028011338423327,0.5552913189201739,0.3865001424347414
IND004695,62.5,M,European,European,,False,True,0.4185756913873285,0.42563761744801665,0.0025392827124462243,0.12258268533974655,0.030664723112462034,-0.5398605274660624
IND004696,54.2,M,East Asian,East Asian,European,True,True,0.016564532694097345,0.2790282827729698,0.4324734598979913,0.2697103067369724,0.0022234178979690213,0.4816623898683562
IND004697,27.1,M,South Asian,South Asian,,False,True,0.014716104691545856,0.0002119002929601307,0.1874101181498933,0.7489310441943654,0.04873083267123529,0.7037018450947066
IND004698,71.5,F,American/Indigenous,American/Indigenous,European,True,True,0.03224678315243204,0.36101963202475135,0.0010233513530988154,0.002196867104115304,0.6035133663656025,2.0938758761165484
IND004699,45.3,F,American/Indigenous,American/Indigenous,,False,True,0.06306904098078583,0.0486649060875202,0.23921146060766132,2.7364973866901277e-06,0.6490518558266458,-0.48574344285178866
IND004700,76.5,M,African,African,,False,True,0.49939548106137627,0.11548780843897079,0.15265493550036757,0.1241341797823154,0.10832759521697008,-0.36628749867534993
IND004701,57.5,F,American/Indigenous,American/Indigenous,,False,True,0.001714833089026858,0.00668243345253645,0.1782714153028496,0.0009737657907308938,0.8123575523648562,0.13424333967556162
IND004702,53.0,M,European,European,,False,True,0.002152739789374122,0.5265890882457543,0.35236839175914036,0.019806147120420857,0.09908363308531033,0.7326625694134362
IND004703,73.7,F,South Asian,African,,False,False,0.18493827372521512,0.17816665341527071,4.7448461241563976e-05,0.6367523898874817,9.523451079093132e-05,-0.4895789234209752
IND004704,71.8,M,African,African,,False,True,0.8389872859990104,0.04759587382767837,0.046210648320842374,0.05857170582205418,0.008634486030414652,-0.32947121158504805
IND004705,69.7,F,European,European,,False,True,0.0026582349551607354,0.6075432883250952,0.1326816852324784,0.24527332439448124,0.011843467092784351,1.1529885400797004
IND004706,60.3,F,East Asian,East Asian,,False,True,0.0486268632336467,0.0055125299095509376,0.9422604988951442,0.0031241360030923207,0.00047597195856578306,-2.5687280755736697
IND004707,68.8,M,African,African,,False,True,0.6285205528431629,0.23431991679620026,0.12206654277667697,0.013092418561649374,0.002000569022310522,-1.54418131433164
IND004708,49.9,F,East Asian,East Asian,,False,True,0.0013075131373064383,0.0567135566586867,0.9149458902293578,0.003191167510385335,0.023841872464263714,-2.3023566447301973
IND004709,51.5,F,East Asian,East Asian,South Asian,True,True,0.06518002825364154,0.09998350290008644,0.42447033773470083,0.3851744582362359,0.02519167287533533,-0.7851789220028053
IND004710,27.5,F,East Asian,East Asian,,False,True,0.062460576893805464,0.04411824251111364,0.5788307708082379,0.1336049261318593,0.18098548365498385,-0.035369883294930626
IND004711,23.7,M,European,European,,False,True,0.002686284671279083,0.8891287692456421,0.09743683826743686,0.01067885146827072,6.925634737129128e-05,0.4128107550174026
IND004712,25.7,M,East Asian,East Asian,,False,True,0.14208057740072771,0.00563946967136983,0.8494347989582971,0.00011735063249316851,0.002727803337112359,0.7542956310902837
IND004713,54.5,F,East Asian,East Asian,,False,True,0.1186403174729938,0.02391560574551957,0.46350295663447905,0.3935910709985832,0.0003500491484242854,0.17802009960158072
IND004714,33.0,M,African,South Asian,,False,False,0.6256166383340531,0.2009812250203338,0.00030347280478688855,0.1215927244636348,0.05150593937719136,0.52862116524326
IND004715,74.7,F,European,European,South Asian,True,True,0.03907663572201043,0.6558858205436564,0.0032776563743908247,0.30093837210152674,0.000821515258415495,-0.4247514073324863
IND004716,81.4,M,East Asian,East Asian,,False,True,0.09439868261888985,0.008404472936117652,0.5761770739572944,0.2150033053233882,0.10601646516430982,-1.3291662399284603
IND004717,49.9,M,American/Indigenous,American/Indigenous,,False,True,0.19581983747539336,0.0011627908337666364,0.2084632898645396,0.14392651340164056,0.45062756842465973,0.03563870427771794
IND004718,38.3,F,European,European,East Asian,True,True,0.06783286594179165,0.5769839177029653,0.30277993589860475,0.051651607746958185,0.0007516727096799971,-1.885276831028312
IND004719,50.7,M,American/Indigenous,American/Indigenous,European,True,True,0.0016013765300635647,0.3584945739747778,0.004724490648443804,0.01088275628721561,0.6242968025594993,0.7143037740635564
IND004720,71.4,M,East Asian,East Asian,European,True,True,0.05350225841985465,0.2965036366660365,0.42853008194122894,0.0012800028059082335,0.22018402016697167,-0.7488071999842786
IND004721,43.3,F,East Asian,East Asian,American/Indigenous,True,True,0.01616741992852442,0.0020650304424183127,0.6446394910048504,0.00020817540167048868,0.3369198832225365,-0.3640922138500531
IND004722,83.1,F,South Asian,South Asian,American/Indigenous,True,True,0.004762522633691193,0.0001979257674046771,0.0010248622767260126,0.6198821100514021,0.37413257927077603,0.47585725620316266
IND004723,37.4,M,African,African,,False,True,0.6287428631701159,0.006258585370599089,0.104931393591189,0.0005914640700660265,0.2594756937980301,0.8802991815277912
IND004724,21.5,F,South Asian,South Asian,East Asian,True,True,0.1304471872325481,0.00814217685910912,0.35456627667393487,0.5056703499073921,0.001174009327015946,-1.2845204484139803
IND004725,50.1,F,African,African,East Asian,True,True,0.4052112287646485,0.012335611103002513,0.29436731416890305,0.2793626697054543,0.00872317625799171,-2.0197626159041295
IND004726,85.0,M,East Asian,East Asian,European,True,True,0.0008021258275403266,0.33792169267350136,0.6184842399953194,0.03520174594084542,0.007590195562793444,-0.1901767530452212
IND004727,80.2,F,East Asian,East Asian,,False,True,3.806729483529487e-05,0.10502280013800236,0.8725770783683776,0.0015827977251777672,0.020779256473607073,-0.9056346647581517
IND004728,75.4,F,American/Indigenous,American/Indigenous,,False,True,0.04828634522602557,0.22732073355471583,0.019813886031606723,0.030391672093598318,0.6741873630940536,0.36840189615896685
IND004729,77.3,M,East Asian,East Asian,,False,True,0.0003699064575018921,0.012478736955381405,0.9041506295968615,0.0028226803759298937,0.08017804661432526,0.42611852684514706
IND004730,50.9,F,African,African,East Asian,True,True,0.458967161073978,0.036371897309679574,0.44724450215877987,0.055343900525439124,0.0020725389321233707,-0.772384739981518
IND004731,37.1,F,South Asian,African,,False,False,0.043963465686818526,0.07615166315708212,1.1820753998506409e-09,0.8768767456745183,0.003008124299505659,-0.26784445840731275
IND004732,68.7,M,African,African,American/Indigenous,True,True,0.579915104120701,0.017974845730190817,0.0006209009550446408,0.047875335304574364,0.35361381388948915,2.0200511327983124
IND004733,23.4,M,African,African,American/Indigenous,True,True,0.469747292027876,0.03755357611057087,0.0048219639012277325,0.0751616315855732,0.4127155363747521,-0.2439940174857465
IND004734,33.6,M,South Asian,East Asian,,False,False,0.014576644621926026,0.0014322770998219834,0.408857891408778,0.5721845498393066,0.0029486370301674662,0.48037988566987627
IND004735,26.0,F,South Asian,South Asian,African,True,True,0.2872647510120795,0.0256118687841588,0.06129235373546026,0.5230560206413559,0.10277500582694565,-0.43264435048933914
IND004736,40.1,F,American/Indigenous,American/Indigenous,,False,True,0.00958878608289729,0.4168634842308789,0.0006245292258779408,0.00478119928216996,0.5681420011781759,0.22429482704090387
IND004737,79.8,M,American/Indigenous,American/Indigenous,,False,True,0.05823415177494578,0.058235478342119285,0.05347621124941403,0.22266510991356678,0.607389048719954,0.07680506189224927
IND004738,25.1,M,American/Indigenous,American/Indigenous,,False,True,0.014373052424869616,0.0505688749068315,0.07250425062229326,4.07917033543164e-05,0.8625130303426513,0.9004176987206873
IND004739,29.4,F,African,African,,False,True,0.6103003444904342,0.1979159385440972,6.343200966715094e-05,0.00013972545088098415,0.19158055950492037,-0.29209551559532687
IND004740,45.2,F,South Asian,South Asian,,False,True,0.1954115727999206,0.046222228439688894,1.8497789439249863e-06,0.623262366647414,0.13510198233403267,0.24754056640226507
IND004741,46.0,F,European,European,,False,True,0.03298316981199008,0.8071558277357852,0.0001167243000517802,0.00010588811732429196,0.1596383900348487,0.8046984328432107
IND004742,27.6,F,East Asian,East Asian,American/Indigenous,True,True,0.010534022668325356,0.0019611465332757764,0.6264538691941601,0.01417193962256259,0.3468790219816761,-0.158263280850305
IND004743,26.1,F,European,European,African,True,True,0.33251579730881825,0.472243092848032,0.001486481807298152,0.0003777061771025754,0.193376921858749,0.5210046259208253
IND004744,42.9,M,European,European,,False,True,0.0002948608632509897,0.802547232109389,0.003073243413429658,0.18806945374807893,0.0060152098658514015,-0.20338186766376143
IND004745,30.2,F,American/Indigenous,American/Indigenous,East Asian,True,True,0.00016249631332610943,0.054171237772256874,0.348970825455517,0.08908107031971908,0.507614370139181,-0.8819565795453538
IND004746,29.0,F,African,African,East Asian,True,True,0.43326230360976087,0.011782052138470821,0.36395272883798224,0.18468969315406464,0.0063132222597214425,-0.08531053479186446
IND004747,56.0,F,American/Indigenous,American/Indigenous,,False,True,0.055594975273757875,0.24469210709801195,0.11457778055884346,0.00024815546668643435,0.5848869816027003,0.021368444060627878
IND004748,67.6,M,European,European,,False,True,0.10363716654900497,0.4935409886928347,0.2396026788708972,0.1553281963982049,0.00789096948905823,-0.15320470902113303
IND004749,84.1,M,American/Indigenous,American/Indigenous,,False,True,0.009356203618404318,0.10149548114995217,0.06373318997825383,0.352094810958635,0.4733203142947547,1.7766477307733037
IND004750,75.1,M,African,African,,False,True,0.9112919822175112,0.020690713588128212,0.0005255664776261603,0.06605384107630702,0.0014378966404275167,-0.7323543829335957
IND004751,59.8,F,American/Indigenous,American/Indigenous,,False,True,0.04282664976305038,0.32136987841863923,0.0007510872883176121,0.20133926291263116,0.43371312161736164,0.4076191664468346
IND004752,27.6,M,European,European,,False,True,0.13294605821953734,0.4549070686540579,0.010305147767226549,0.16850750864470393,0.23333421671447432,0.6629588513589267
IND004753,75.9,M,African,African,European,True,True,0.4487086512920075,0.4476106709048163,0.00965289839837263,0.043219793804810516,0.050807985599993076,-0.06721091465355758
IND004754,70.8,M,South Asian,South Asian,,False,True,0.04460268169253678,0.08106864426327678,4.5515103312550735e-05,0.8033252267929799,0.07095793214789399,1.1708367645354543
IND004755,68.2,F,South Asian,South Asian,,False,True,0.0012276637388966933,0.01937892844649128,0.0016003700517358724,0.9750021592632261,0.002790878499650111,-2.0478861973264957
IND004756,30.5,M,South Asian,Other/Unknown,,False,False,0.04742417600399664,8.190064845539328e-05,0.315800399243018,0.5769026864964872,0.0597908376080427,0.918355460347391
IND004757,77.2,F,European,European,,False,True,0.0011899487649159508,0.7250191067587692,0.025303875326480676,0.005226270911434555,0.24326079823839958,0.882666347508306
IND004758,40.0,M,European,European,,False,True,0.005032621717942078,0.8756398560622812,0.05021799443725486,0.06839320861772467,0.0007163191647972464,0.8177470067671899
IND004759,46.0,F,East Asian,East Asian,European,True,True,0.14350938866989926,0.3120808617654347,0.5023047224286475,0.002891994776002764,0.039213032360015575,-0.061475912443322456
IND004760,41.1,F,American/Indigenous,American/Indigenous,,False,True,0.20508834534004822,0.055101896721360254,0.0728815685818758,0.016129601235321454,0.6507985881213944,-1.0765532976741017
IND004761,22.0,F,European,European,,False,True,0.009417439906878109,0.756625277787489,0.01306789415521208,0.16400188325591475,0.056887504894506044,0.10588622325489189
IND004762,24.3,M,American/Indigenous,East Asian,,False,False,0.015763196838573114,0.004071981500072542,0.2416325882933739,9.749518198118534e-06,0.7385224838497823,-1.2804043795526732
IND004763,80.4,M,European,European,,False,True,0.005129625449830622,0.7717170159396942,0.21215991717084437,0.0017798242559495744,0.009213617183681303,-0.479242819678558
IND004764,44.9,F,East Asian,East Asian,European,True,True,7.85363060547097e-06,0.4283008440045978,0.5563793307258196,0.003986679333871166,0.011325292305105908,-1.464047422161859
IND004765,68.0,M,African,African,,False,True,0.4619539585296461,0.04120904359801606,0.06438576022845903,0.16357864180640344,0.26887259583747536,-1.1755678013569455
IND004766,79.8,M,European,European,,False,True,0.09232101195802278,0.8393189674522836,0.006637307099791686,0.058426183953530456,0.0032965295363713764,-0.23336321012443562
IND004767,31.1,F,American/Indigenous,American/Indigenous,,False,True,0.13095680190420342,0.02921360923031797,0.03358617224139716,0.010390128558522683,0.7958532880655587,-1.6083605042819489
IND004768,21.7,M,American/Indigenous,American/Indigenous,,False,True,0.017506955560301855,0.2999059224460057,4.485882334251909e-05,0.1366890348997828,0.545853228270567,0.2933934116105891
IND004769,38.5,F,African,African,South Asian,True,True,0.6150698974829787,0.08524881242096939,0.0006654980586574106,0.26305064404158757,0.03596514799580683,-0.47881807044678104
IND004770,26.3,F,South Asian,South Asian,,False,True,0.002008514455998488,0.016423372175741108,0.14157172329539935,0.6594184421564463,0.1805779479164147,-0.09728466986135104
IND004771,68.8,F,South Asian,South Asian,,False,True,0.07452031802550085,0.00017411627607756715,0.009344126489182702,0.9000503049437457,0.015911134265493333,0.3596735949544996
IND004772,28.9,F,American/Indigenous,American/Indigenous,South Asian,True,True,0.08821446474065522,0.06330674595600669,3.4395003366541756e-06,0.3352810889339687,0.5131942608690327,0.4154818041829156
IND004773,33.9,F,African,Other/Unknown,,False,False,0.9584564909758986,0.02171947508206612,0.016518477516283433,0.0010720888983008312,0.002233467527450919,0.5804087021776859
IND004774,25.1,M,South Asian,European,,False,False,0.09721080952949201,0.4012796350098468,0.018184912479544662,0.46649324691098637,0.016831396070130036,0.24599938151717443
IND004775,66.1,F,African,African,,False,True,0.47289256113879535,0.06367650332907732,0.23232539629409824,0.1928618836284482,0.03824365560958099,1.0216752500088637
IND004776,50.0,M,European,South Asian,,False,False,0.0013466250337556313,0.9171682354770404,7.399617979239503e-06,0.07815790248159893,0.003319837389625708,-0.23092431952928616
IND004777,40.9,M,South Asian,South Asian,,False,True,0.0173092407250202,0.06275539189652582,0.26197551559962184,0.6362457590386696,0.021714092740162633,0.45063225628349013
IND004778,49.2,F,European,European,,False,True,0.3107666281363541,0.615400207731867,0.03717905365463936,0.03664162634387247,1.2484133266979935e-05,0.8428147891920289
IND004779,53.7,M,European,American/Indigenous,South Asian,True,False,0.002347415064514584,0.6084547039877154,1.9705641019445687e-06,0.3226419212870628,0.06655398909660548,0.1680143637003768
IND004780,74.0,F,American/Indigenous,American/Indigenous,,False,True,2.3310914221454594e-07,0.0022585794140755153,0.23353797316069985,9.299249075355083e-05,0.7641102218253288,-0.5440514365505114
IND004781,50.1,M,African,East Asian,,False,False,0.6263146038332387,0.02993162135923735,0.22455404001106335,0.11576559576376583,0.0034341390326948014,-0.6868970301683145
IND004782,24.9,M,South Asian,South Asian,,False,True,0.015293186850006088,0.33476219377555894,0.000299226806098835,0.6451992160646592,0.004446176503676911,-0.07548931269864423
IND004783,39.1,M,African,African,,False,True,0.7172996529639369,0.05820909068032594,0.03459846707312314,0.010367674252699889,0.17952511502991397,-1.006920931551413
IND004784,43.1,F,American/Indigenous,American/Indigenous,,False,True,0.06336130587133744,0.1938663846486527,0.08383686384628401,0.013384491046249992,0.6455509545874759,0.19153678209977465
IND004785,19.2,M,South Asian,South Asian,,False,True,0.4601784229758132,0.06667960675516062,0.0002155457393852494,0.4685517518267649,0.004374672702876019,0.10398444448398492
IND004786,18.0,M,African,European,,False,False,0.5043006613565212,0.3097132216971528,0.16463111234898048,0.017027290005717337,0.004327714591628045,-0.4365099665194348
IND004787,50.6,F,African,European,,False,False,0.49354423468494457,0.2689935789908895,7.4760525843197e-07,0.032000411579994704,0.20546102713891273,0.48515178198098213
IND004788,28.7,F,East Asian,East Asian,,False,True,0.0460722066412325,0.07685528688983603,0.46024664662890374,0.2470859802904975,0.1697398795495303,-0.44568492877570537
IND004789,78.6,F,South Asian,South Asian,East Asian,True,True,0.004335097374219885,0.1847903497250983,0.3699161815573415,0.3948818581434767,0.04607651319986342,-0.9090151521254909
IND004790,50.9,M,American/Indigenous,American/Indigenous,African,True,True,0.3629950006587315,0.04294703340207078,0.004941349766742336,0.18569180131103372,0.4034248148614215,0.534371727603685
IND004791,77.0,M,South Asian,South Asian,,False,True,0.06665209836329998,0.01943544309735809,0.057525265663841064,0.8297038521304253,0.02668334074507562,1.3369746490635748
IND004792,60.7,F,South Asian,South Asian,,False,True,1.4460148430423032e-05,0.24488855616167493,0.0007601372956704778,0.7305670962948918,0.023769750099332358,-0.5847177320405997
IND004793,46.7,M,African,African,,False,True,0.9744454311395269,0.005877619946352709,0.001124964432226532,0.018450864296812086,0.00010112018508170287,-0.45632187992564555
IND004794,68.0,F,European,European,,False,True,0.013074882354231609,0.9610075770954846,0.006240775106612355,0.017676009427375447,0.0020007560162960203,1.5741077763613855
IND004795,66.4,F,South Asian,European,,False,False,0.0007581816336709222,0.020347439804516306,0.007221407164322729,0.9667835061931233,0.004889465204366742,1.1151797842753337
IND004796,69.2,M,East Asian,East Asian,,False,True,0.03276136666074104,0.004572907324326165,0.8104302746833586,0.15220947155422687,2.597977734712156e-05,-0.5277990055624802
IND004797,50.9,F,South Asian,South Asian,,False,True,0.023943778090593993,0.00019775746768050054,0.025296194141941883,0.9248208388283665,0.02574143147141709,0.09766128127104601
IND004798,50.5,F,European,East Asian,,False,False,0.25353849509906806,0.4505196177026981,0.2959297940358882,1.5567699928087102e-08,1.2077594645796106e-05,-1.9230263371452248
IND004799,85.0,F,European,European,,False,True,0.0004271847887344675,0.9477247578171564,0.04849367443010992,0.0012255790723088298,0.0021288038916904123,1.7843546493386886
IND004800,39.9,M,American/Indigenous,European,,False,False,0.059731800947754383,0.37724328644206934,3.763166620081607e-05,0.06805334926719665,0.4949339316767789,-0.3710434052731061
IND004801,69.6,M,South Asian,South Asian,,False,True,0.14643742328921078,0.16895935609432436,3.3781958904208276e-05,0.6365511918944131,0.04801824676314767,0.21490654800727535
IND004802,22.6,F,South Asian,South Asian,European,True,True,0.08570506535278687,0.34548071445208756,6.763661773736217e-06,0.4489367957673192,0.1198706607660326,-1.8292864111216653
IND004803,62.1,F,South Asian,South Asian,,False,True,0.027012632263789388,0.0703554918247926,0.04437858556115608,0.8571227311601819,0.001130559190079941,1.1089114377945386
IND004804,29.6,F,East Asian,East Asian,,False,True,0.08917548834923082,0.07957636606242348,0.7104717795376425,0.04526643943044845,0.07550992662025478,-0.3478615570537669
IND004805,32.3,F,American/Indigenous,American/Indigenous,,False,True,6.204592403477745e-05,0.08177641202163476,0.04228614321122263,2.492733621667966e-06,0.8758729061094861,0.2991446517505657
IND004806,57.9,M,American/Indigenous,American/Indigenous,East Asian,True,True,0.0012241993365907664,0.007336827367497027,0.2729417710098017,0.08827124788540504,0.6302259544007055,0.34352822345387474
IND004807,72.0,F,African,European,,False,False,0.6986400582477059,0.12456981765173904,0.025454477376598127,0.15132599872449148,9.64799946540945e-06,0.41793944574759256
IND004808,77.0,F,American/Indigenous,American/Indigenous,African,True,True,0.26231912805205776,0.002309178242911234,0.10191762717051682,5.561272023945488e-06,0.6334485052624902,-0.09920634036060233
IND004809,65.6,F,American/Indigenous,American/Indigenous,East Asian,True,True,0.06140774694677462,0.006867054832375233,0.2530327743061877,0.07207290538545438,0.606619518529208,0.3065114949878327
IND004810,33.6,F,East Asian,East Asian,,False,True,0.02880162040484534,0.18176668270102897,0.682229831738898,0.05202198200712614,0.05517988314810166,0.053872034054773366
IND004811,44.5,M,African,African,South Asian,True,True,0.6112970256958653,0.01585938524918881,0.06655140984614721,0.30617222134595073,0.0001199578628478383,0.42159765711411773
IND004812,61.9,M,East Asian,East Asian,African,True,True,0.32678562651481446,0.0014429852881466332,0.646099763189229,0.024354754217000604,0.0013168707908092759,-1.1078730657532974
IND004813,74.2,F,East Asian,East Asian,American/Indigenous,True,True,0.08061062528749607,0.08845899660662106,0.5213886537736948,0.004455002611324078,0.30508672172086404,0.34347202500558865
IND004814,28.3,F,American/Indigenous,American/Indigenous,European,True,True,0.22630738811603,0.2603394529994678,0.06618547383034165,0.03166030103100373,0.4155073840231569,0.30252121205322335
IND004815,81.8,F,European,European,,False,True,0.11208815993672795,0.6129727786330146,0.04149190386778118,0.08002633440682924,0.15342082315564695,0.33174859596025724
IND004816,45.5,M,American/Indigenous,American/Indigenous,,False,True,0.0006655945814621856,0.02070486528443273,5.884951833776187e-08,0.012530492786646166,0.9660989884979406,-0.19985687615051723
IND004817,18.1,F,European,European,South Asian,True,True,0.05304731802755808,0.5843421646017214,0.0897215921838,0.27288791285043085,1.0123364897651619e-06,-0.4411987172379556
IND004818,41.6,F,American/Indigenous,American/Indigenous,,False,True,0.04699649607849089,7.959699862790543e-09,0.010314153298209826,3.577098448135576e-07,0.9426889849537545,0.44057264649216893
IND004819,74.2,F,South Asian,South Asian,,False,True,0.1497792893566217,0.01609088780082902,0.08378179720263239,0.5383856262642849,0.2119623993756321,0.13607642386562235
IND004820,84.1,M,American/Indigenous,American/Indigenous,,False,True,0.009451055915396201,0.09930463272046382,0.06381803391585714,8.101682264769905e-06,0.8274181757660181,0.24039141162846625
IND004821,18.0,M,African,American/Indigenous,,False,False,0.784533543207777,2.0496104601134844e-05,0.13104635074807292,1.8357203075739974e-08,0.08439959158234593,-1.2691123453817796
IND004822,37.9,F,East Asian,East Asian,,False,True,0.0023981819785809833,0.03355127077513132,0.7260849937058194,0.19662486914949617,0.04134068439097224,-0.20243485702905606
IND004823,63.4,M,American/Indigenous,American/Indigenous,,False,True,0.05154705999352714,0.05989871877179173,0.23765710564234632,0.0031992243699706996,0.6476978912223642,-1.4362955093383776
IND004824,29.2,F,American/Indigenous,American/Indigenous,,False,True,0.0017149168881245961,0.02160092922002637,0.03463058948197466,0.00752881985006754,0.9345247445598068,0.8852867469422802
IND004825,68.0,F,East Asian,East Asian,South Asian,True,True,0.1110616728431827,0.19919478263154006,0.31223119441871655,0.3069471381237318,0.07056521198282881,-1.2934330964702194
IND004826,35.7,F,European,American/Indigenous,,False,False,3.0140429280010562e-05,0.6656873087985615,9.394540934565402e-07,0.045220364850259424,0.28906124646780557,1.5288180910901126
IND004827,34.0,F,American/Indigenous,American/Indigenous,,False,True,0.02678518309861085,0.0006712136790999268,2.6892031068871235e-06,0.05341702948128674,0.9191238845378956,-0.8524276033619061
IND004828,52.4,F,African,African,,False,True,0.6931765013990202,0.011609583361580732,0.011186002222120782,0.1779729890079717,0.10605492400930663,-1.3334132129747547
IND004829,39.4,F,American/Indigenous,American/Indigenous,East Asian,True,True,0.03624405182408266,8.502711263203722e-06,0.30556150301718016,0.20774143322478536,0.45044450922268847,-0.1303304646510165
IND004830,23.5,F,African,African,,False,True,0.7617955385099572,0.044381217331619385,0.18545777472938776,0.007226450458011047,0.0011390189710246738,-0.7201143010334591
IND004831,39.5,M,American/Indigenous,European,,False,False,2.311842459103179e-15,0.08838507351645773,0.0067505224062115515,0.004745750099408525,0.9001186539779199,0.8440548614247766
IND004832,20.8,M,East Asian,East Asian,,False,True,0.06996015529639094,0.04449280187819084,0.796837454046503,0.0003030438428073786,0.08840654493610778,-0.4635347680019656
IND004833,67.3,M,East Asian,East Asian,,False,True,0.0008204723474696999,0.1242202918050214,0.7042886459387964,0.09476433656048981,0.07590625334822265,-0.734420523799387
IND004834,59.6,M,African,African,South Asian,True,True,0.521575839103703,0.017000793115857296,0.003655716433021693,0.26481488556092136,0.19295276578649667,1.5695641959455777
IND004835,61.1,F,African,South Asian,,False,False,0.7614110500602086,0.07229121015437355,0.04262891415164344,0.12188621088693445,0.0017826147468397223,0.18068716554430286
IND004836,39.6,M,African,African,,False,True,0.809449325123985,0.009454448748554722,0.012945636680539207,0.16357460768439439,0.004575981762526542,1.0092533555142287
IND004837,77.7,M,South Asian,South Asian,,False,True,0.00012571661796498086,0.0015365627202047383,0.00017243532975101753,0.943135213238987,0.05503007209309216,-0.5413788699564096
IND004838,54.9,M,African,South Asian,East Asian,True,False,0.5162854067400886,0.00015845892125974286,0.26054838511919143,0.2133777091019786,0.009630040117481488,-0.34136698058538595
IND004839,39.7,F,American/Indigenous,American/Indigenous,,False,True,0.016064203742952927,0.10470191780331935,0.22426795818793765,0.011652103648547464,0.6433138166172426,-2.3392914675340717
IND004840,62.8,M,South Asian,South Asian,European,True,True,0.1031944757648588,0.33407675093782024,0.0005087159703601664,0.4672621212924319,0.09495793603452893,-0.5350113970780865
IND004841,30.2,M,American/Indigenous,American/Indigenous,,False,True,0.21835551680280776,0.03275314243545758,0.007358164410460784,0.12685318960532108,0.6146799867459527,-1.048187472275306
IND004842,51.4,M,East Asian,East Asian,,False,True,0.023341737894518967,0.0733386355209288,0.6556112777593027,0.1736794143629258,0.07402893446232382,-0.16822858675833732
IND004843,77.2,M,South Asian,South Asian,,False,True,0.12782087108418663,0.01677264970578875,0.0059705765222950345,0.8243712412070564,0.025064661480673205,0.1383427722286716
IND004844,82.6,M,European,African,,False,False,0.4361554298103389,0.5096034676910705,0.05194466710386605,0.0011409658070718758,0.001155469587652645,0.412762489326442
IND004845,19.2,M,African,African,,False,True,0.8579249979630658,0.0033396112119588968,0.008303482036956253,0.10697824459496538,0.023453664193053725,-0.7684748878970509
IND004846,54.3,F,African,American/Indigenous,European,True,False,0.501076578937898,0.2669462019151865,0.09084919930489206,0.12537823496664355,0.015749784875379723,0.9916078349988718
IND004847,80.6,M,South Asian,South Asian,American/Indigenous,True,True,0.0016534824764251304,0.05179303018194265,0.058762319754259884,0.4803448746276334,0.40744629295973894,0.7777143595200238
IND004848,74.2,M,European,European,East Asian,True,True,0.004928340506803353,0.3704445780120316,0.36844739368336477,0.1301067193427976,0.12607296845500254,1.3910306187141197
IND004849,75.1,F,South Asian,South Asian,,False,True,0.007374588758535936,0.1549856154684488,0.059788765025351714,0.7402491141098412,0.037601916637822384,0.1731686427663982
IND004850,40.7,F,South Asian,South Asian,,False,True,0.03064645613061634,0.049886160775227985,0.19521108031353185,0.5288358492337474,0.19542045354687645,0.9930501226132618
IND004851,28.1,M,African,African,,False,True,0.6153605936255084,0.02432144965210598,0.12818260660423056,0.15010787434345818,0.08202747577469698,0.4948516694261721
IND004852,54.0,F,African,European,,False,False,0.6247367470721197,0.29929210461880656,0.018008030381618294,0.04220014135851444,0.015762976568941,1.0875832908927279
IND004853,42.1,F,South Asian,South Asian,,False,True,0.43871248893422576,8.195811478896889e-05,0.02019366180823672,0.4795993193665463,0.06141257177620225,0.3406107601556175
IND004854,20.1,M,American/Indigenous,American/Indigenous,,False,True,0.007899685592491237,0.08592920730968141,0.0023677640102711594,0.037683130208648115,0.8661202128789081,0.5105798978878432
IND004855,41.5,F,East Asian,African,American/Indigenous,True,False,0.104124321411136,0.12181593250196318,0.4004908733994554,0.10882698783508733,0.264741884852358,-0.7715203209808302
IND004856,82.8,M,American/Indigenous,American/Indigenous,,False,True,0.13951435180273278,0.002631638231640747,0.006789843404664022,0.020756014199590767,0.8303081523613716,1.381662098999479
IND004857,18.7,M,European,East Asian,,False,False,0.00010280625279009062,0.5844839552904662,0.35973757159600606,0.04383799546369116,0.011837671397046454,0.14184090719952563
IND004858,82.8,F,American/Indigenous,American/Indigenous,,False,True,0.01627202537218426,0.23593562586437594,0.13432476520914724,0.25949503430186605,0.35397254925242655,1.4521135168344532
IND004859,19.9,M,East Asian,East Asian,,False,True,0.19488112466730145,0.005936826067516058,0.6442508837788565,0.15391240523429506,0.0010187602520309175,-1.8554617996480198
IND004860,29.2,F,American/Indigenous,American/Indigenous,,False,True,0.08432327744784002,0.00505752152624806,0.0011416401248789084,0.10083273973823999,0.8086448211627931,-0.17132580704743794
IND004861,51.7,F,African,African,,False,True,0.7063394376273774,0.07536349325590044,0.20102547247000507,1.0588506547571142e-05,0.017261008140169516,-1.7469586123765608
IND004862,77.3,M,European,European,,False,True,0.0017335960573711716,0.8931333005615533,0.00039148068327049453,0.056174738827220246,0.04856688387058496,1.1187336183241443
IND004863,31.0,M,East Asian,East Asian,,False,True,0.0017597727607464803,7.951657566932666e-05,0.9407390568284156,0.017500242609433756,0.0399214112257348,0.7454662101462725
IND004864,29.5,F,American/Indigenous,American/Indigenous,,False,True,0.004118375901381928,0.10809135289264776,0.022501043421134057,0.1377038917273525,0.7275853360574838,-0.3782217400220542
IND004865,45.8,F,American/Indigenous,American/Indigenous,,False,True,0.44300918697414693,0.0007949588728346596,0.10877670901327272,9.160335494858632e-06,0.44740998480425087,0.6811882690793775
IND004866,31.7,F,South Asian,South Asian,European,True,True,0.0006425805311651048,0.42756280591382567,7.742627130836498e-08,0.5483522707746533,0.023442265354084568,0.8001565423109099
IND004867,63.1,F,South Asian,South Asian,,False,True,0.007332609038407863,0.013712703520894147,0.038761713836419735,0.9391456142408411,0.0010473593634372177,1.1691195426023846
IND004868,47.8,F,European,European,American/Indigenous,True,True,0.004772225852439693,0.500418335243619,0.01814525940662393,0.0736227167698036,0.4030414627275137,-0.23198142272221434
IND004869,81.1,M,American/Indigenous,American/Indigenous,African,True,True,0.326967114562315,3.0878606225677456e-06,0.1286110018375632,0.007874963894550013,0.5365438318449494,-0.15537851305150727
IND004870,34.7,F,East Asian,East Asian,,False,True,0.002427650057404213,0.02347088439544184,0.9682432195597509,0.003062691306221759,0.002795554681181191,-1.11592562339322
IND004871,67.5,M,East Asian,East Asian,American/Indigenous,True,True,0.0016319705011021992,0.05864429184020948,0.5787117048251764,5.9935968825752094e-05,0.36095209686468627,-1.0004715115510983
IND004872,47.3,F,American/Indigenous,American/Indigenous,European,True,True,0.014207640486137907,0.2847106406606003,0.09025098886926097,0.057960152471249284,0.5528705775127516,-0.7016955242232146
IND004873,75.4,M,African,East Asian,,False,False,0.5741343758592573,0.001076440686413415,0.208012333656929,0.023279279970993605,0.19349756982640676,-2.1618804019879585
IND004874,41.4,F,South Asian,South Asian,American/Indigenous,True,True,0.11961645795177146,0.1802270803489877,8.643112444802179e-05,0.4232997803543139,0.27677025022047885,-0.7882304873161088
IND004875,27.6,M,African,African,,False,True,0.8431975912196661,0.13292907946391752,0.0011511007760099101,0.022669560809597426,5.266773080911814e-05,1.5066732584775857
IND004876,75.0,M,African,African,East Asian,True,True,0.5940935968885073,0.06612728171472136,0.33782588635836364,0.0006983961706968281,0.0012548388677108707,-3.902890307915424
IND004877,79.1,F,East Asian,African,,False,False,0.04721126817376046,0.2757994245393562,0.6763993513035426,1.7755660540055537e-06,0.0005881804172867394,-0.8053326420216504
IND004878,63.2,F,American/Indigenous,American/Indigenous,South Asian,True,True,5.911405286063849e-06,0.21115358838164416,0.0003512686006673821,0.38529143905914087,0.40319779255326166,-1.4502048686522149
IND004879,31.8,M,American/Indigenous,American/Indigenous,,False,True,0.00025340630354713753,0.02045089826446135,0.016901690579680894,0.022833303304860317,0.9395607015474503,0.0524682919995868
IND004880,72.0,M,South Asian,South Asian,,False,True,0.23587838109601098,0.05763140251417743,3.887767654593688e-07,0.6634316438549555,0.043058183758090736,1.3173019175399672
IND004881,28.2,F,African,African,South Asian,True,True,0.5945709429492332,0.007001982815204305,0.002080342405750132,0.3873030332073273,0.009043698622485094,0.35145221452646064
IND004882,33.0,M,East Asian,East Asian,,False,True,0.029069126984216934,0.014691830695401573,0.8434461918676447,0.11279280174603278,4.870670394037334e-08,-1.5974691221788877
IND004883,75.5,F,East Asian,East Asian,American/Indigenous,True,True,0.03063942902667434,0.08147390113782782,0.4773616946354245,0.02129855995872517,0.38922641524134827,0.6754622770638636
IND004884,71.8,M,European,European,,False,True,0.21064009222486624,0.6068788292571888,0.0014581933368514445,0.1730152150751216,0.008007670105971842,0.9808431902509249
IND004885,78.0,F,East Asian,East Asian,,False,True,0.007295304879749924,0.1047931585435551,0.871593385726362,0.008816798738123615,0.00750135211220937,-1.0010044815819044
IND004886,69.7,F,European,European,,False,True,0.0021469657417594657,0.49449490986427863,0.00014687322164401431,0.3341906913129021,0.16902055985941575,0.4120219287174399
IND004887,69.5,M,European,South Asian,,False,False,0.006289348642165532,0.35916123226361285,0.15467126646495918,0.3047800840527569,0.1750980685765055,-1.890013375300298
IND004888,40.1,F,South Asian,South Asian,European,True,True,0.0375951281055425,0.42403077748015966,0.07699835854482726,0.461354686893979,2.1048975491590905e-05,1.4485183544920537
IND004889,62.0,F,American/Indigenous,American/Indigenous,,False,True,0.01165798771902338,0.0818428737723118,1.1902048239944096e-07,5.6492500101803374e-05,0.9064425269880806,1.3074941008345466
IND004890,52.0,M,South Asian,South Asian,African,True,True,0.3127990351588815,7.078255847144818e-05,0.039461765025652885,0.551929251367966,0.09573916588902832,0.052840274590829406
IND004891,61.8,F,American/Indigenous,American/Indigenous,East Asian,True,True,7.67365118391237e-05,0.022794714778634595,0.310083727350953,0.0839236160664558,0.5831212052921175,1.139483449454558
IND004892,28.6,F,East Asian,East Asian,,False,True,0.23020108435420822,0.11695185885111797,0.3730428869787758,0.10501031446406317,0.1747938553518349,-0.809583580077802
IND004893,69.1,M,American/Indigenous,American/Indigenous,,False,True,0.24474519315797422,0.0023148405889824248,0.00036182836818733887,0.00021502640866320446,0.7523631114761928,0.5676078034562417
IND004894,18.0,M,African,African,,False,True,0.4989122723653025,0.22154960532039597,8.805905862838758e-07,0.27575101696081283,0.003786224762902251,0.03551517844845736
IND004895,49.2,M,East Asian,East Asian,,False,True,0.4011470855158573,0.0010368677932196364,0.49399107818605825,0.003694912596545475,0.10013005590831926,-1.7322362406640073
IND004896,38.5,F,European,European,,False,True,0.009251376254832747,0.5829526270201902,0.18098259258346866,0.16903077463464908,0.057782629506859355,0.5434029716722867
IND004897,22.0,M,American/Indigenous,American/Indigenous,,False,True,0.09620988065461973,0.008383769703666357,3.028660968137246e-06,0.08768073592820717,0.8077225850525386,0.6892837919668015
IND004898,37.3,M,South Asian,South Asian,,False,True,0.15322286557852638,0.23780260493502242,0.10640946806180387,0.491953353303564,0.010611708121083235,-0.6197680598680921
IND004899,85.0,M,East Asian,East Asian,,False,True,0.02656929134204095,0.02145092610538895,0.8988349571827847,0.011068123679950026,0.04207670168983537,-1.270230430611022
IND004900,36.5,M,African,African,American/Indigenous,True,True,0.6692485678634612,0.0051719184254465644,0.005443264108787376,0.007889295035994124,0.3122469545663108,1.4120235177978047
IND004901,50.9,F,American/Indigenous,American/Indigenous,,False,True,0.009262079565186458,0.1700694106712971,0.22681777117995053,0.05468990121688156,0.5391608373666842,0.681694688222
IND004902,61.3,M,East Asian,South Asian,,False,False,0.0029482418719176677,7.538537911380868e-05,0.8476571571884898,0.14891003668196442,0.00040917887851420215,-1.401171617556234
IND004903,26.8,F,European,European,,False,True,0.010705980865123777,0.9145456130671817,0.07002984463771203,0.004472405137579825,0.00024615629240274387,1.9859649340014598
IND004904,81.5,F,African,African,,False,True,0.6584160812191914,0.021820911203833712,0.19010434451544939,0.026182791280762577,0.10347587178076285,0.8503754686288522
IND004905,54.5,M,European,Other/Unknown,,False,False,0.013575111840940304,0.41217856935702724,0.4064564442854542,0.09852680447946853,0.06926307003710962,0.9269320916878152
IND004906,18.0,M,African,Other/Unknown,,False,False,0.6114104297449536,0.00040840396300937667,0.09313885729919996,0.22791452318262467,0.06712778581021243,0.37912713102081574
IND004907,47.6,M,American/Indigenous,American/Indigenous,,False,True,0.3577555544085783,0.00879946414367545,0.10089202154030642,0.007363871316696417,0.5251890885907433,0.8094156153698787
IND004908,57.8,F,European,European,American/Indigenous,True,True,0.1858181562072902,0.3710947797226561,0.11038957928059118,0.002589222168256163,0.33010826262120635,1.0051249911731175
IND004909,74.6,F,East Asian,East Asian,,False,True,0.038508548034360914,0.09902434662775023,0.8015042880283797,0.018036760991973873,0.04292605631753534,-0.3539116791414921
IND004910,85.0,F,American/Indigenous,American/Indigenous,East Asian,True,True,0.001945178465961179,0.05362213202231947,0.2776194641710104,0.004409902133369258,0.6624033232073397,0.8415164639257533
IND004911,67.7,M,African,African,,False,True,0.8994010380047279,0.0003199380101641243,8.887417160323217e-07,0.046463739205463025,0.05381439603792914,0.8835239575023326
IND004912,59.0,F,East Asian,East Asian,,False,True,0.21870649613988946,0.005465713157449532,0.6932855082235894,0.024914607200659064,0.05762767527841269,-0.6185998392354837
IND004913,41.2,F,American/Indigenous,American/Indigenous,South Asian,True,True,0.0008017699761555614,0.02000260157939419,0.03547244399476546,0.330679748281032,0.6130434361686528,1.3289493527201344
IND004914,71.3,M,African,African,,False,True,0.38035712733627824,0.019374667687719296,0.10389971367586592,0.2473714822821586,0.24899700901797783,-0.5928120118230549
IND004915,25.5,F,European,European,American/Indigenous,True,True,0.00015045668540486704,0.4424098737902665,0.14424155005892686,0.001422112914092993,0.41177600655130897,0.3176982436029134
IND004916,45.8,M,East Asian,African,South Asian,True,False,0.08808494713318506,0.022287120067910702,0.543308021746789,0.34583117461635665,0.0004887364357586462,-0.3726190612719604
IND004917,46.9,M,African,African,South Asian,True,True,0.5208909185891232,0.012495799071324728,0.028856844743906734,0.437728819708173,2.7617887472462394e-05,-2.426800105276131
IND004918,75.0,M,East Asian,European,,False,False,0.010975457967284077,0.04336619715492164,0.9274011951663264,0.0003433944068894792,0.01791375530457856,1.148049363772649
IND004919,65.2,M,European,European,American/Indigenous,True,True,1.4982567386879931e-05,0.4737286280327525,0.22827139205532065,0.0003480473435547099,0.29763695000098517,-0.34328626025467357
IND004920,60.6,F,American/Indigenous,South Asian,,False,False,2.2741165425858343e-06,3.760307330885618e-08,0.06858226356662443,0.029549659854907914,0.901865764858852,1.171470552161597
IND004921,26.5,F,African,African,,False,True,0.8477398988374362,0.14488785117361427,0.0003499181214268942,6.790320080014991e-05,0.006954428666722512,-1.7388329667673947
IND004922,85.0,M,South Asian,South Asian,,False,True,0.1914599153987281,0.2974312058804276,5.2107895232956835e-06,0.418116706482825,0.09298696144849616,0.4532684018310819
IND004923,82.3,M,American/Indigenous,American/Indigenous,,False,True,0.001392328927978532,0.006063834261656993,1.019885557899424e-06,0.10957785748409822,0.8829649594407084,-0.22079244590405922
IND004924,65.3,F,American/Indigenous,American/Indigenous,,False,True,0.049210075932595326,0.0005047654295945656,0.0787917421543784,0.20395835125541512,0.6675350652280166,-0.4769154967285928
IND004925,60.5,F,South Asian,South Asian,,False,True,0.062495786814368806,0.007211407207842626,0.12106744133848524,0.624192593244297,0.18503277139500635,0.6849421485595484
IND004926,64.1,M,East Asian,East Asian,,False,True,0.005287649201140853,1.6494424699605253e-08,0.8849612999299329,0.002081534876353361,0.10766949949814815,0.6752658859700307
IND004927,34.5,F,European,European,,False,True,5.49825323112841e-05,0.4464566008666065,0.011678585006728978,0.3118219320826583,0.229987899511695,0.9136635005055964
IND004928,46.8,M,South Asian,South Asian,African,True,True,0.2548066159248109,0.06453007463116456,0.13461628023590952,0.5456009104233415,0.0004461187847734718,-0.3233158654487284
IND004929,62.2,M,American/Indigenous,American/Indigenous,,False,True,0.004453050340511814,0.03883238259519844,0.00853722159393962,0.16887976949950273,0.7792975759708474,0.08453147448840193
IND004930,67.9,M,American/Indigenous,American/Indigenous,,False,True,0.15404999066282196,0.006712618541901109,0.0003076824373943177,0.0006964329876632716,0.8382332753702195,-0.3157708184819781
IND004931,48.9,M,East Asian,European,,False,False,0.00918587876408675,0.06373246059692401,0.8223260106928085,0.08188048913894103,0.022875160807239687,-0.4671861559467714
IND004932,18.0,M,African,African,South Asian,True,True,0.43715979737008837,0.03295076764651006,0.0027937803095738497,0.4360538602697009,0.0910417944041269,0.28869253198957373
IND004933,65.2,F,European,European,East Asian,True,True,0.025985898968916295,0.5479663916758931,0.30724251106420186,0.11874923290944346,5.596538154530562e-05,0.6247283738717544
IND004934,23.0,F,European,European,,False,True,1.2091514329760524e-05,0.7663036975813061,0.0038749005598177886,0.0025252787885551554,0.22728403155599122,1.5768273703930937
IND004935,64.2,M,European,European,,False,True,0.20247650511915039,0.6568654655989092,0.0031615973233846168,0.016670324829698054,0.12082610712885782,0.7792198910465699
IND004936,25.5,M,African,African,,False,True,0.901573440917882,0.0013944265996542141,3.085496614071282e-05,0.052574829554161,0.044426447962161844,-1.0484103138455074
IND004937,42.9,M,East Asian,East Asian,American/Indigenous,True,True,0.13449141413136564,0.006703962580573035,0.436127556094884,0.012207836074583601,0.4104692311185937,0.1604952290226097
IND004938,40.2,M,East Asian,East Asian,,False,True,0.01154240322294881,0.0007834696520093162,0.6909904904098593,0.07886319930879,0.21782043740639254,-0.4211690836973323
IND004939,83.0,F,American/Indigenous,South Asian,,False,False,0.11353485769757243,0.00567373516932545,0.0039747574916630226,0.11851931758712136,0.7582973320543178,0.7956308656431483
IND004940,51.2,M,South Asian,South Asian,African,True,True,0.2869719220622098,0.10027700586218226,0.0007244093218361273,0.4379464714373086,0.17408019131646316,1.5763249170071805
IND004941,29.5,M,American/Indigenous,American/Indigenous,East Asian,True,True,0.028141813629975428,0.0001914656178909277,0.2678083410180339,0.09926332040932083,0.604595059324779,-0.3695613386266686
IND004942,65.4,F,European,African,,False,False,0.14269911869551247,0.7635034580600691,0.008019335987647968,0.04408652669199111,0.041691560564779045,0.2082271802808613
IND004943,26.3,F,East Asian,East Asian,American/Indigenous,True,True,3.36987977732011e-06,0.26827481686314797,0.4274598556932789,0.028706918560926137,0.27555503900286965,1.16982216420553
IND004944,72.2,M,European,European,,False,True,0.100497640542093,0.7997949322366079,0.009681641332146242,0.05609480074533416,0.03393098514381852,0.4923353368364542
IND004945,57.1,M,African,East Asian,,False,False,0.8363177206009819,0.006119239743362435,0.13796381655868337,0.0013156114293553563,0.018283611667617026,-0.06723529411884191
IND004946,33.8,M,South Asian,African,,False,False,0.019055941913602638,0.04301393798336427,0.003861358786929692,0.9324117667798798,0.0016569945362235505,2.0483885959353385
IND004947,78.8,F,South Asian,South Asian,,False,True,0.33332193804374777,0.02076443181401459,0.00017722032890985913,0.6284662545777278,0.01727015523559992,1.308610261377888
IND004948,53.0,M,American/Indigenous,American/Indigenous,,False,True,0.060385521626837614,0.14535441398844903,0.3296418496657195,0.004860129328133015,0.45975808539086077,-0.7905608779263148
IND004949,45.5,F,African,African,,False,True,0.4342936830038435,0.39272715772364525,0.0065611902997112365,0.02019447519169374,0.14622349378110644,-0.4650273234478516
IND004950,73.6,F,European,European,American/Indigenous,True,True,6.271051073209811e-05,0.3406232649689049,0.009412282757474471,0.315597472023336,0.33430426973955263,-0.16798690905888253
IND004951,83.1,M,American/Indigenous,American/Indigenous,,False,True,0.001401305136147341,2.4524611092381577e-08,0.2418394525437744,0.2973077165177366,0.45945150127773055,0.5489942008784597
IND004952,66.3,F,American/Indigenous,American/Indigenous,,False,True,0.028110957451611532,0.041157158553758615,0.23760189967017362,0.34098800752632985,0.3521419767981265,0.6056276782902913
IND004953,56.7,M,East Asian,East Asian,,False,True,0.047429273966774696,0.0008109107654283232,0.6896874121750667,0.1762432812109346,0.08582912188179563,-0.10885612086698432
IND004954,48.5,M,African,African,,False,True,0.4412486716088879,0.05192553733728928,0.041343462361701395,0.23260305153282765,0.2328792771592937,0.005888064969889278
IND004955,63.1,F,East Asian,East Asian,,False,True,0.16935921858892103,0.008728407515346216,0.5535089802472762,0.1949848403851714,0.07341855326328517,-2.192377087710862
IND004956,60.9,F,American/Indigenous,American/Indigenous,,False,True,0.05583001464382043,0.33064977687272545,0.12841547835437103,0.008540556625287757,0.4765641735037954,-1.0048419644834232
IND004957,57.6,F,American/Indigenous,American/Indigenous,,False,True,0.07274320604455205,4.92122756926572e-06,0.177935485229091,0.15283411366666141,0.5964822738321263,-1.2164115464816594
IND004958,34.1,F,East Asian,East Asian,,False,True,9.38709008324154e-07,0.1775493279932366,0.6796535848389154,0.002479978570409876,0.14031616988842993,-0.27840893995029403
IND004959,85.0,F,American/Indigenous,American/Indigenous,South Asian,True,True,0.02267083886785649,0.0002566296584046686,0.08623508939316964,0.40328018490087875,0.4875572571796903,0.20153365322813954
IND004960,59.9,F,East Asian,South Asian,,False,False,0.014635276140922372,0.00016650401283512298,0.9489787801238283,0.033393282042048,0.002826157680366136,-2.5438754073959062
IND004961,39.3,M,American/Indigenous,European,,False,False,0.01215947090646482,0.10512314762893928,0.17479146667629408,0.046800107676922754,0.661125807111379,0.4566728969286664
IND004962,78.0,F,African,African,East Asian,True,True,0.5364234614051535,0.005620027187526691,0.3715063727994048,0.08521434448443713,0.0012357941234777956,-1.680271615242413
IND004963,53.7,M,European,European,,False,True,0.06181056653428853,0.8228870065461634,0.04872537651263634,0.008237909972709075,0.05833914043420253,0.3603662693848114
IND004964,72.8,F,South Asian,South Asian,,False,True,0.0091034484794821,7.689437767750604e-05,0.02124246792817796,0.9085770976878931,0.06100009152676941,0.10872017450146299
IND004965,38.4,F,East Asian,East Asian,,False,True,5.7629331451969874e-05,0.1335232935921009,0.698342780318871,0.10024677690676913,0.06782951985080714,0.16737411394542057
IND004966,36.8,M,European,Other/Unknown,,False,False,0.240384063929411,0.6206317909873641,1.2904676960440358e-07,0.1344430213972051,0.004540994639250019,0.06644713951885611
IND004967,54.2,F,South Asian,South Asian,,False,True,0.0008870109345995982,0.00017587064925272684,0.015218072456312516,0.9757241898543323,0.007994856105502872,0.4220561627118149
IND004968,55.5,F,East Asian,African,,False,False,0.02514471352326132,0.00017507375963170152,0.9709487028743102,0.003686412426652845,4.509741614392829e-05,-0.7248891045221931
IND004969,25.9,M,American/Indigenous,American/Indigenous,South Asian,True,True,1.962768471425675e-05,0.011943803337865105,0.004948747679508594,0.2568202427846598,0.7262675785132523,0.5900016490620303
IND004970,49.5,F,European,European,,False,True,6.654898997775413e-08,0.9320632407020928,1.0350354852550222e-08,0.0633711657697631,0.00456551662879911,0.4407353610953162
IND004971,60.5,F,East Asian,East Asian,,False,True,0.07869046743208018,0.06029094759494236,0.8156913084426454,0.03190920751198102,0.013418069018351048,-1.6324831088945844
IND004972,71.8,F,American/Indigenous,American/Indigenous,,False,True,0.0177784092074529,0.0003144869545156922,0.2355963777892673,0.2469745769896443,0.49933614905911994,-0.46375288105758444
IND004973,72.2,F,East Asian,East Asian,,False,True,0.017422361527214852,0.00041731894589510326,0.7348262563453942,0.012705702816618251,0.23462836036487753,-0.8316566763381958
IND004974,48.0,M,African,African,,False,True,0.5120091367706286,0.2843720870979358,0.15789856521384646,0.045715223330849465,4.987586739736586e-06,-0.8090854921818351
IND004975,36.8,F,African,African,,False,True,0.6385728358913219,1.2869489909206674e-05,0.11797929905013096,0.07256024209589915,0.17087475347273876,1.4165701876174923
IND004976,66.0,F,South Asian,East Asian,,False,False,0.011225426140795934,0.03830170853294469,0.45183358947584673,0.4894316296537552,0.009207646196657385,-0.39360610270004914
IND004977,76.3,F,European,East Asian,,False,False,0.018227998636847303,0.808655973010442,0.06256724663137171,0.07303132184780244,0.037517459873536385,-1.797386204946299
IND004978,28.7,M,South Asian,South Asian,,False,True,0.0022943009874229962,0.01626070712266311,0.0002474684562613946,0.9584573072777058,0.02274021615594675,-0.6256041752494588
IND004979,72.2,M,East Asian,East Asian,South Asian,True,True,0.02899379069559189,0.00971920246896104,0.6356126200468348,0.3122832130713778,0.013391173717234505,-1.1448023941071068
IND004980,26.0,F,East Asian,European,,False,False,2.8091226130846975e-06,0.09342714375597767,0.5617708604583617,0.19279036881030231,0.15200881785274534,0.29214478185757964
IND004981,66.4,F,South Asian,South Asian,East Asian,True,True,0.13891898831678767,0.001884595307895028,0.4169168191232585,0.43601752336886734,0.00626207388319133,-0.5391084333693092
IND004982,81.8,M,East Asian,East Asian,,False,True,0.06516902334770949,0.07029107619780653,0.7609843197624133,0.03268085386207336,0.07087472682999728,-0.35679865641173925
IND004983,33.5,F,South Asian,South Asian,African,True,True,0.3004081532599432,0.2750664274482859,0.0464269192975271,0.37809221979252683,6.280201717106774e-06,0.4381604075999084
IND004984,69.4,M,American/Indigenous,South Asian,,False,False,0.07417273412800703,0.07800296255313531,0.0005867940430097766,0.2584314292056662,0.5888060800701818,1.923306651197868
IND004985,72.4,F,South Asian,South Asian,,False,True,0.1600454162680438,0.030299077317216545,0.03485052161663999,0.6124457616257385,0.16235922317236112,0.5093741931423493
IND004986,78.9,M,East Asian,East Asian,South Asian,True,True,5.7002401323134156e-05,0.0037804761277120394,0.6785567259974249,0.29731387154876576,0.020291923924774188,-0.7897569496415858
IND004987,74.8,F,American/Indigenous,American/Indigenous,,False,True,0.004744526559533671,0.0183716994641307,0.011828769040905674,0.07822081598085377,0.886834188954576,-1.497205296224512
IND004988,37.7,M,American/Indigenous,American/Indigenous,African,True,True,0.3223245663174076,0.009501776781665855,0.009088495495227862,0.00391389604726024,0.6551712653584385,1.291148902821286
IND004989,49.0,M,East Asian,East Asian,,False,True,0.005703757276200044,0.061176383144085966,0.7601443927615372,0.14107029892112177,0.0319051678970549,-1.6889365018391291
IND004990,48.2,M,American/Indigenous,American/Indigenous,,False,True,0.18073184168919026,3.668850077235183e-06,0.014441726653229112,0.11364613357767352,0.6911766292298297,0.03366041758786244
IND004991,18.6,M,East Asian,East Asian,,False,True,0.04817135545596738,0.0342976692162932,0.5844554686466075,0.11395059089029465,0.21912491579083723,1.0241494592919451
IND004992,27.0,M,European,African,,False,False,0.2706630501221684,0.6265649456235375,0.054866899308762984,0.047505534024915516,0.0003995709206154653,-1.0408141348380486
IND004993,36.6,F,African,African,American/Indigenous,True,True,0.3688556795499658,0.11986769851861935,0.18223117709332196,0.03257539691437189,0.29647004792372084,-0.9534515933082123
IND004994,64.8,F,American/Indigenous,American/Indigenous,,False,True,0.1030909957692411,0.08993389919357042,0.001553620127475856,1.797762923996112e-06,0.8054196871467887,-1.2859959237281584
IND004995,72.1,M,American/Indigenous,American/Indigenous,,False,True,0.0004315373774183286,0.12985970575955816,0.2515953008124066,0.02176331333559499,0.596350142715022,1.6264315304422328
IND004996,39.1,M,European,European,,False,True,0.0078082404847012584,0.6652636760150228,0.2991456942957435,0.025021148368184695,0.002761240836347601,0.11043128397025075
IND004997,61.1,F,African,African,,False,True,0.3636644295448176,0.12879567670709224,0.012589295946373058,0.31145563328182924,0.1834949645198878,-0.5444065595478582
IND004998,72.8,M,European,European,East Asian,True,True,0.004601709179197156,0.41330002000735594,0.27601665950573095,0.14984891183685356,0.1562326994708624,0.7338466488302686
IND004999,82.6,F,American/Indigenous,American/Indigenous,,False,True,0.14606224383689345,9.696762620801512e-05,0.18977698625290124,0.0008001164035226861,0.6632636858804746,1.042067038349562
IND005000,49.9,F,European,European,East Asian,True,True,0.021103428796439793,0.4575716554707574,0.2521404726176016,0.17815133981288073,0.09103310330232053,0.8465263107253761
